OBS,HOUSEHOLDID,LASTPURCHASE,PRIVATE,SUNSHINE,KEEBLER,NABISCO,PRICEPRIVATE,PRICESUNSHINE,PRICEKEEBLER,PRICENABISCO,DISPLPRIVATE,DISPLSUNSHINE,DISPLKEEBLER,DISPLNABISCO,FEATPRIVATE,FEATSUNSHINE,FEATKEEBLER,FEATNABISCO,FEATDISPLPRIVATE,FEATDISPLSUNSHIN,FEATDISPLKEEBLER,FEATDISPLNABISCO
1,1,0,0,0,0,1,0.709999979,0.980000019,0.879999995,1.199999928,0,0,0,0,0,0,0,0,0,0,0,0
2,1,0,0,0,0,1,0.709999979,0.99000001,1.089999914,0.99000001,0,0,0,0,0,0,0,0,0,0,0,0
3,1,0,0,1,0,0,0.779999912,0.49000001,1.089999914,1.089999914,0,1,0,0,0,0,0,0,0,0,0,0
4,1,0,0,0,0,1,0.779999912,1.029999971,1.089999914,0.889999986,0,0,0,0,0,0,0,0,0,0,0,0
5,1,0,0,0,0,1,0.639999986,1.089999914,1.089999914,1.190000057,0,0,0,0,0,0,0,0,0,0,0,0
6,1,0,0,0,0,1,0.839999914,0.889999986,1.089999914,1.190000057,0,0,0,0,0,0,0,0,0,0,0,0
7,1,0,0,1,0,0,0.779999912,1.089999914,1.089999914,1.289999962,0,0,0,1,0,0,0,0,0,0,0,0
8,1,0,0,0,0,1,0.779999912,1.089999914,1.190000057,1.289999962,0,0,0,1,0,0,0,0,0,0,0,0
9,1,0,0,0,0,1,0.779999912,1.089999914,1.209999919,1.089999914,0,0,0,1,0,0,0,0,0,0,0,0
10,1,0,0,0,0,1,0.779999912,0.789999962,1.209999919,1.089999914,0,1,0,1,0,0,0,0,0,0,0,0
11,1,0,0,0,0,1,0.959999979,1.089999914,1.129999995,1.089999914,0,0,0,1,0,0,0,0,0,0,0,0
12,1,0,0,0,0,1,0.859999955,1.089999914,1.209999919,0.99000001,0,0,0,0,0,0,0,0,0,0,0,0
13,1,0,0,0,0,1,0.859999955,0.889999986,1.209999919,0.99000001,0,1,0,0,0,0,0,0,0,0,0,0
14,1,0,0,0,0,1,0.959999979,1.089999914,1.089999914,1.289999962,0,0,1,1,0,0,0,0,0,0,0,0
15,1,0,0,0,0,1,0.789999962,1.089999914,1.089999914,1.289999962,0,0,0,0,0,0,0,0,0,0,0,0
16,1,1,0,0,0,1,0.959999979,1.289999962,1.039999962,1.289999962,0,0,0,1,0,0,0,0,0,0,0,0
17,2,0,0,0,0,1,0.689999998,0.789999962,0.99000001,0.689999998,0,0,0,0,0,0,0,0,0,0,0,0
18,2,0,0,1,0,0,0.649999976,0.689999998,1.049999952,0.889999986,0,0,0,1,0,0,0,0,0,1,0,0
19,2,0,0,1,0,0,0.689999998,0.789999962,1.25,1.059999824,0,0,0,0,0,0,0,0,0,1,0,0
20,2,0,0,1,0,0,0.689999998,0.789999962,1.25,1.059999824,0,1,0,0,0,0,0,0,0,0,0,0
21,2,0,0,1,0,0,0.689999998,0.789999962,1.25,0.99000001,0,0,0,1,0,0,0,0,0,0,0,0
22,2,0,0,1,0,0,0.569999933,0.970000029,1.149999976,1.089999914,0,0,0,0,0,0,0,1,1,0,0,0
23,2,0,0,1,0,0,0.649999976,0.789999962,1.349999905,1.089999914,0,1,0,1,0,0,0,0,0,0,0,0
24,2,0,0,0,1,0,0.599999964,0.970000029,0.99000001,1.25,0,0,1,0,0,0,0,0,0,0,0,0
25,2,0,0,1,0,0,0.730000019,1.089999914,1.349999905,1.289999962,0,0,0,0,0,0,0,0,0,0,0,0
26,2,0,0,1,0,0,0.759999931,1.089999914,1.349999905,1.149999976,0,0,0,0,0,0,0,0,0,0,0,0
27,2,0,0,0,0,1,0.589999914,1.049999952,1.25,0.99000001,0,0,1,1,0,0,0,0,0,0,0,0
28,2,0,0,0,1,0,0.589999914,1.049999952,0.99000001,1.289999962,0,0,0,0,0,0,0,0,0,0,1,0
29,2,0,0,1,0,0,0.889999986,0.889999986,1.349999905,1.039999962,0,0,0,0,0,0,0,0,0,0,0,0
30,2,0,0,0,0,1,0.589999914,1.049999952,1.289999962,0.99000001,0,0,0,1,0,0,0,0,0,0,0,0
31,2,0,0,0,0,1,0.649999976,1.049999952,1.289999962,0.99000001,0,0,0,1,0,0,0,0,0,0,0,0
32,2,1,0,1,0,0,0.649999976,1.049999952,1.289999962,1.289999962,0,0,0,0,0,0,0,0,0,0,0,0
33,3,0,0,0,0,1,0.589999914,0.680000007,0.879999995,0.879999995,0,0,0,0,0,0,0,0,0,0,0,0
34,3,0,1,0,0,0,0.789999962,0.99000001,1.089999914,0.99000001,0,0,0,0,0,0,0,0,0,0,0,0
35,3,0,1,0,0,0,0.549999952,1.029999971,1.089999914,0.889999986,0,0,0,0,0,0,0,0,0,0,0,0
36,3,0,1,0,0,0,0.5,0.889999986,1.039999962,0.99000001,0,1,0,0,0,0,0,0,1,0,0,0
37,3,0,1,0,0,0,0.689999998,0.980000019,1.089999914,0.889999986,0,0,0,0,0,0,0,0,0,0,0,0
38,3,0,1,0,0,0,0.889999986,1.089999914,1.089999914,1.190000057,0,0,0,0,0,0,0,0,0,0,0,0
39,3,0,0,0,0,1,0.609999955,0.970000029,1.149999976,0.99000001,0,0,0,0,0,0,0,0,0,0,0,0
40,3,0,0,0,0,1,0.609999955,0.970000029,1.25,1.089999914,0,0,0,1,0,0,0,0,0,0,0,0
41,3,0,0,0,0,1,0.609999955,0.970000029,0.99000001,1.25,0,0,0,0,0,0,1,0,0,0,0,0
42,3,0,1,0,0,0,0.889999986,0.789999962,1.209999919,1.089999914,0,0,0,0,0,0,0,0,0,0,0,0
43,3,0,0,0,0,1,0.609999955,1.029999971,1.089999914,1.089999914,0,0,1,1,0,0,0,0,0,0,0,0
44,3,0,0,0,0,1,0.609999955,1.089999914,1.289999962,1.25,0,0,0,0,0,0,0,0,0,0,0,0
45,3,0,0,0,0,1,0.609999955,1.049999952,1.289999962,1.25,0,0,0,0,0,0,0,0,0,0,0,0
46,3,1,1,0,0,0,0.680000007,0.930000007,1.190000057,0.980000019,0,0,0,0,0,0,0,0,1,0,0,0
47,4,0,1,0,0,0,0.549999952,0.980000019,0.99000001,1.089999914,0,0,0,0,0,0,0,0,0,0,0,0
48,4,0,1,0,0,0,0.549999952,0.99000001,1.089999914,0.949999988,0,0,0,0,0,0,0,0,0,0,0,0
49,4,0,1,0,0,0,0.549999952,0.99000001,1.089999914,0.99000001,0,0,0,0,0,0,0,0,0,0,0,0
50,4,0,1,0,0,0,0.689999998,0.889999986,0.99000001,1.129999995,0,0,0,1,0,0,0,0,0,0,0,0
51,4,0,1,0,0,0,0.549999952,1.029999971,1.089999914,0.889999986,0,0,0,0,0,0,0,0,0,0,0,0
52,4,0,1,0,0,0,0.549999952,0.789999962,1.049999952,1.089999914,0,0,0,0,0,0,0,0,0,0,0,0
53,4,0,1,0,0,0,0.549999952,1.029999971,1.089999914,1.190000057,0,0,0,0,0,0,0,0,0,0,0,0
54,4,0,1,0,0,0,0.549999952,0.99000001,1.190000057,0.99000001,0,0,0,0,0,0,0,0,0,0,0,0
55,4,0,1,0,0,0,0.549999952,1.089999914,1.190000057,0.99000001,0,0,0,0,0,0,0,0,0,0,0,0
56,4,0,1,0,0,0,0.549999952,0.889999986,1.089999914,1.190000057,0,0,0,0,0,0,0,0,0,0,0,0
57,4,0,1,0,0,0,0.549999952,0.980000019,1.190000057,0.99000001,0,0,0,0,0,0,0,0,0,0,0,0
58,4,0,1,0,0,0,0.549999952,0.980000019,1.190000057,0.99000001,0,0,0,0,0,0,0,0,0,0,0,0
59,4,0,1,0,0,0,0.549999952,0.980000019,1.209999919,1.190000057,0,0,0,1,0,0,0,0,0,0,0,0
60,4,0,1,0,0,0,0.549999952,0.980000019,1.209999919,1.190000057,0,0,0,0,0,0,0,0,0,0,0,0
61,4,0,1,0,0,0,0.549999952,0.980000019,1.209999919,1.190000057,0,0,0,0,0,0,0,0,0,0,0,0
62,4,0,1,0,0,0,0.549999952,0.980000019,1.190000057,1.289999962,0,0,0,1,0,0,0,0,0,0,0,0
63,4,0,1,0,0,0,0.549999952,0.980000019,1.190000057,1.289999962,0,0,0,0,0,0,0,0,0,0,0,0
64,4,0,1,0,0,0,0.549999952,0.980000019,1.209999919,1.089999914,0,0,0,0,0,0,0,0,0,0,0,0
65,4,0,1,0,0,0,0.549999952,0.789999962,1.209999919,1.089999914,0,0,0,0,0,0,0,0,0,0,0,0
66,4,0,1,0,0,0,0.589999914,1.089999914,1.089999914,1.089999914,0,0,0,1,0,0,0,0,0,0,0,0
67,4,0,1,0,0,0,0.589999914,1.089999914,1.209999919,1.289999962,0,0,0,1,0,0,0,0,0,0,0,0
68,4,0,1,0,0,0,0.589999914,1.089999914,1.209999919,1.089999914,0,0,0,0,0,0,0,0,0,0,0,0
69,4,0,1,0,0,0,0.589999914,0.889999986,1.209999919,0.99000001,0,0,0,1,0,0,0,0,0,0,0,0
70,4,0,1,0,0,0,0.589999914,1.089999914,1.089999914,1.289999962,0,0,1,1,0,0,0,0,0,0,0,0
71,4,0,1,0,0,0,0.889999986,1.190000057,1.289999962,1.289999962,0,0,0,0,0,0,0,0,0,0,0,0
72,4,0,1,0,0,0,0.589999914,0.949999988,1.25,0.99000001,0,0,0,1,0,0,0,0,0,0,0,0
73,4,0,1,0,0,0,0.589999914,0.949999988,1.190000057,1.289999962,0,0,0,1,0,0,0,0,0,0,0,0
74,4,0,1,0,0,0,0.589999914,0.949999988,1.039999962,0.99000001,0,0,0,0,0,0,0,0,0,0,0,0
75,4,1,1,0,0,0,0.589999914,0.949999988,1.039999962,1.2299999,0,0,0,0,0,0,0,0,0,0,0,0
76,5,0,0,0,1,0,0.680000007,0.689999998,0.889999986,1.059999824,0,0,0,0,0,0,0,0,0,0,0,0
77,5,0,0,0,0,1,0.680000007,0.889999986,1.079999924,0.889999986,0,1,0,0,0,0,0,0,0,0,0,0
78,5,0,0,0,0,1,0.779999912,0.980000019,1.089999914,0.889999986,0,0,0,0,0,0,0,0,0,0,0,0
79,5,0,0,0,1,0,0.709999979,0.99000001,1.089999914,1.190000057,0,0,0,0,0,0,0,0,0,0,0,0
80,5,0,0,0,0,1,0.839999914,0.889999986,1.089999914,1.190000057,0,0,0,0,0,0,0,0,0,0,0,0
81,5,0,0,0,1,0,0.680000007,1.089999914,0.99000001,1.25999999,0,0,0,0,0,0,1,0,0,0,0,0
82,5,0,0,0,1,0,0.649999976,0.879999995,1.25,1.089999914,0,0,0,1,0,0,0,0,0,0,0,0
83,5,0,0,0,1,0,0.609999955,0.970000029,0.99000001,1.25,0,0,1,0,0,0,0,0,0,0,0,0
84,5,0,0,0,1,0,0.680000007,1.039999962,1.089999914,1.089999914,0,0,0,0,0,0,1,1,0,0,0,0
85,5,0,0,0,1,0,0.649999976,0.970000029,1.25,1.25,0,0,0,0,0,0,0,0,0,0,0,0
86,5,0,0,0,0,1,0.839999914,1.089999914,1.209999919,1.089999914,0,0,0,0,0,0,0,0,0,0,0,0
87,5,0,0,0,1,0,0.649999976,1.049999952,1.25,1.289999962,1,0,0,1,0,0,0,0,0,0,0,0
88,5,0,0,0,1,0,0.609999955,1.049999952,1.25,0.99000001,0,0,0,1,0,0,0,0,0,0,0,0
89,5,1,0,0,1,0,0.649999976,1.049999952,0.99000001,0.99000001,0,0,0,0,0,0,0,1,0,0,0,0
90,6,0,1,0,0,0,0.670000017,0.689999998,0.879999995,0.889999986,0,0,0,0,0,0,0,0,0,0,0,0
91,6,0,0,0,0,1,0.680000007,0.849999964,0.980000019,0.889999986,0,1,0,0,0,0,0,0,0,0,0,0
92,6,0,1,0,0,0,0.549999952,0.99000001,1.089999914,0.99000001,0,0,0,1,0,0,0,0,0,0,0,0
93,6,0,1,0,0,0,0.549999952,1.029999971,1.089999914,0.889999986,0,0,0,0,0,0,0,0,0,0,0,0
94,6,0,0,0,0,1,0.779999912,1.029999971,1.089999914,0.769999921,0,0,0,0,0,0,0,0,0,0,0,0
95,6,0,1,0,0,0,0.549999952,0.789999962,1.049999952,1.089999914,0,0,0,0,0,0,0,0,0,0,0,0
96,6,0,1,0,0,0,0.549999952,0.980000019,1.089999914,0.889999986,0,0,0,0,0,0,0,0,0,0,0,0
97,6,0,0,0,0,1,0.649999976,0.889999986,1.019999981,1.149999976,0,0,0,0,0,0,0,0,0,0,0,0
98,6,0,1,0,0,0,0.549999952,1.029999971,1.089999914,1.190000057,0,0,0,0,0,0,0,0,0,0,0,0
99,6,0,1,0,0,0,0.549999952,1.089999914,1.089999914,1.190000057,0,0,0,0,0,0,0,0,0,0,0,0
100,6,0,1,0,0,0,0.549999952,1.089999914,1.089999914,1.190000057,0,0,0,0,0,0,0,0,0,0,0,0
101,6,0,0,0,0,1,0.599999964,0.889999986,1.149999976,0.99000001,0,1,0,0,0,0,0,0,0,0,0,0
102,6,0,0,0,0,1,0.709999979,1.089999914,1.190000057,0.74000001,0,0,0,0,0,0,0,0,0,0,0,0
103,6,0,1,0,0,0,0.549999952,1.089999914,1.190000057,0.99000001,0,0,0,0,0,0,0,0,0,0,0,0
104,6,0,1,0,0,0,0.549999952,0.980000019,1.190000057,0.99000001,0,0,0,0,0,0,0,0,0,0,0,0
105,6,0,1,0,0,0,0.549999952,0.980000019,1.190000057,0.99000001,0,0,0,0,0,0,0,0,0,0,0,0
106,6,0,1,0,0,0,0.549999952,0.980000019,1.089999914,1.289999962,0,0,0,0,0,0,0,0,0,0,0,0
107,6,0,1,0,0,0,0.549999952,0.980000019,1.209999919,1.190000057,0,0,0,1,0,0,0,0,0,0,0,0
108,6,0,1,0,0,0,0.549999952,0.980000019,1.190000057,1.289999962,0,0,0,1,0,0,0,0,0,0,0,0
109,6,0,1,0,0,0,0.549999952,0.980000019,1.190000057,1.289999962,0,0,0,0,0,0,0,0,0,0,0,0
110,6,0,1,0,0,0,0.549999952,0.789999962,1.209999919,1.089999914,0,0,0,0,0,0,0,0,0,0,0,0
111,6,0,1,0,0,0,0.549999952,0.789999962,1.209999919,1.089999914,0,0,0,0,0,0,0,0,0,0,0,0
112,6,0,1,0,0,0,0.589999914,1.089999914,1.209999919,1.289999962,0,0,0,1,0,0,0,0,0,0,0,0
113,6,0,1,0,0,0,0.589999914,0.889999986,1.209999919,0.99000001,0,0,0,1,0,0,0,0,0,0,0,0
114,6,0,1,0,0,0,0.589999914,1.089999914,1.089999914,1.289999962,0,0,1,1,0,0,0,0,0,0,0,0
115,6,0,1,0,0,0,0.589999914,0.949999988,1.190000057,1.289999962,0,0,0,1,0,0,0,0,0,0,0,0
116,6,0,1,0,0,0,0.589999914,1.089999914,1.219999909,1.289999962,0,0,0,0,0,0,0,0,0,0,0,0
117,6,1,1,0,0,0,0.589999914,1.289999962,1.039999962,1.2299999,0,0,0,0,0,0,0,0,0,0,0,0
118,7,0,0,0,0,1,0.689999998,0.789999962,0.99000001,0.689999998,0,0,0,0,0,0,0,0,0,0,0,0
119,7,0,0,0,1,0,0.609999955,0.889999986,0.889999986,0.99000001,0,0,0,1,0,0,0,0,0,0,1,0
120,7,0,0,0,0,1,0.680000007,0.959999979,1.190000057,0.49000001,0,0,0,0,0,0,0,0,0,0,0,0
121,7,0,0,1,0,0,0.49000001,0.789999962,1.25,1.059999824,0,1,0,1,1,0,0,0,0,0,0,0
122,7,0,0,0,1,0,0.579999924,0.930000007,0.99000001,0.980000019,0,0,0,0,0,0,0,0,0,0,0,1
123,7,0,0,0,0,1,0.609999955,0.970000029,1.149999976,0.99000001,0,0,0,0,0,0,0,0,0,0,0,0
124,7,0,0,0,0,1,0.730000019,1.089999914,1.190000057,1.149999976,0,0,0,0,0,0,1,0,0,0,0,0
125,7,0,0,0,0,1,0.789999962,1.089999914,1.349999905,1.289999962,0,0,0,0,0,0,0,0,0,0,0,0
126,7,0,0,0,0,1,0.609999955,1.049999952,1.289999962,1.25,0,0,0,0,0,0,0,0,0,0,0,0
127,7,0,0,0,0,1,0.839999914,1.089999914,1.209999919,0.99000001,0,0,0,1,0,0,0,0,0,0,0,0
128,7,0,0,0,1,0,0.889999986,1.190000057,1.289999962,1.289999962,0,0,0,0,0,0,0,0,0,0,0,0
129,7,0,0,0,0,1,0.629999995,0.930000007,1.119999886,0.980000019,1,0,1,0,0,0,0,0,0,0,0,0
130,7,0,0,0,0,1,0.889999986,1.190000057,1.289999962,1.289999962,0,0,0,0,0,0,0,0,0,0,0,0
131,7,0,0,0,0,1,0.819999933,1.089999914,1.209999919,0.589999914,0,0,1,0,0,0,0,0,0,0,0,0
132,7,0,0,0,0,1,0.819999933,1.089999914,1.209999919,0.589999914,0,0,1,0,0,0,0,0,0,0,0,0
133,7,0,0,0,1,0,0.609999955,1.049999952,0.99000001,1.25,1,0,0,1,0,0,0,0,0,0,1,0
134,7,1,0,0,0,1,0.609999955,1.049999952,1.289999962,0.99000001,0,0,0,1,0,0,0,0,0,0,0,0
135,8,0,0,0,0,1,0.709999979,0.689999998,0.879999995,1.199999928,0,0,0,0,0,0,0,0,0,0,0,0
136,8,0,0,0,0,1,0.709999979,0.99000001,1.089999914,0.99000001,0,0,0,1,0,0,0,0,0,0,0,0
137,8,0,0,0,0,1,0.779999912,0.789999962,1.089999914,1.089999914,0,0,0,0,0,0,0,0,0,0,0,0
138,8,0,0,0,0,1,0.779999912,0.99000001,1.089999914,0.889999986,0,1,0,0,0,0,0,0,0,0,0,0
139,8,0,0,0,0,1,0.779999912,0.789999962,1.049999952,0.99000001,0,0,0,0,0,0,0,0,0,0,0,0
140,8,0,0,0,0,1,0.779999912,0.980000019,1.049999952,1.089999914,0,0,0,0,0,0,0,0,0,0,0,0
141,8,0,0,0,0,1,0.779999912,0.980000019,1.089999914,0.889999986,0,0,0,0,0,0,0,0,0,0,0,0
142,8,0,0,0,0,1,0.789999962,0.889999986,1.149999976,0.889999986,0,0,0,0,0,0,0,0,0,0,0,0
143,8,0,0,0,0,1,0.639999986,1.029999971,1.089999914,1.190000057,0,0,0,0,0,0,0,0,0,0,0,0
144,8,0,0,0,0,1,0.639999986,1.089999914,1.089999914,1.190000057,0,0,0,0,0,0,0,0,0,0,0,0
145,8,0,0,0,0,1,0.779999912,1.089999914,1.089999914,1.190000057,0,0,0,0,0,0,0,0,0,0,0,0
146,8,0,0,0,0,1,0.779999912,0.980000019,1.190000057,0.99000001,0,0,0,0,0,0,0,0,0,0,0,0
147,8,0,0,0,0,1,0.779999912,0.980000019,1.190000057,0.99000001,0,0,0,0,0,0,0,0,0,0,0,0
148,8,0,0,0,0,1,0.779999912,0.980000019,1.089999914,1.289999962,0,0,0,0,0,0,0,0,0,0,0,0
149,8,0,0,0,0,1,0.639999986,0.980000019,1.209999919,1.190000057,1,0,0,1,0,0,0,0,0,0,0,0
150,8,0,0,0,0,1,0.639999986,0.980000019,1.209999919,1.190000057,1,0,0,0,0,0,0,0,0,0,0,0
151,8,0,0,0,0,1,0.779999912,0.980000019,1.190000057,1.289999962,0,0,0,0,0,0,0,0,0,0,0,0
152,8,0,0,0,0,1,0.779999912,0.789999962,1.209999919,1.089999914,0,0,0,0,0,0,0,0,0,0,0,0
153,8,0,0,0,0,1,0.879999995,0.789999962,1.209999919,1.089999914,0,0,0,1,0,0,0,0,0,0,0,0
154,8,0,0,0,0,1,0.789999962,1.089999914,1.209999919,1.289999962,0,0,0,1,0,0,0,0,0,0,0,0
155,8,0,0,0,0,1,0.959999979,1.089999914,1.089999914,1.089999914,0,0,0,1,0,0,0,0,0,0,0,0
156,8,0,0,0,0,1,0.930000007,1.089999914,1.209999919,1.289999962,0,0,0,1,0,0,0,0,0,0,0,0
157,8,0,0,0,0,1,0.859999955,1.089999914,1.209999919,1.089999914,0,0,0,0,0,0,0,0,0,0,0,0
158,8,0,0,0,0,1,0.959999979,0.889999986,1.089999914,1.289999962,0,0,0,1,0,0,0,0,0,0,1,0
159,8,0,0,0,0,1,0.819999933,0.949999988,1.25,0.99000001,0,0,0,0,0,0,0,0,0,0,0,0
160,8,1,0,0,0,1,0.959999979,1.289999962,1.039999962,1.289999962,1,0,0,1,0,0,0,0,0,0,0,0
161,9,0,0,1,0,0,0.779999912,0.49000001,1.089999914,1.089999914,0,0,0,0,0,0,0,0,0,0,0,0
162,9,0,0,1,0,0,0.779999912,0.49000001,1.089999914,1.089999914,0,1,0,0,0,0,0,0,0,0,0,0
163,9,0,0,1,0,0,0.639999986,1.029999971,1.089999914,1.190000057,0,0,0,0,0,0,0,0,0,0,0,0
164,9,0,0,1,0,0,0.779999912,1.089999914,1.089999914,1.190000057,0,0,0,0,0,0,0,0,0,0,0,0
165,9,0,0,1,0,0,0.839999914,0.889999986,1.089999914,1.190000057,0,0,0,0,0,0,0,0,0,0,0,0
166,9,0,1,0,0,0,0.889999986,1.089999914,1.089999914,1.289999962,0,0,0,1,0,0,0,0,0,0,0,0
167,9,0,0,0,0,1,0.680000007,0.959999979,1.389999986,1.149999976,0,0,0,0,0,0,0,0,0,0,0,0
168,9,0,0,1,0,0,0.639999986,0.789999962,1.209999919,1.190000057,0,0,0,0,0,0,0,0,0,0,0,0
169,9,0,0,1,0,0,0.779999912,0.789999962,1.209999919,1.089999914,0,0,0,1,0,0,0,0,0,1,0,0
170,9,0,0,1,0,0,0.879999995,0.789999962,1.209999919,1.089999914,0,1,0,1,0,0,0,0,0,0,0,0
171,9,0,0,1,0,0,0.879999995,0.789999962,1.209999919,1.089999914,0,1,0,1,0,0,0,0,0,0,0,0
172,9,0,0,0,0,1,0.789999962,1.089999914,1.209999919,1.289999962,0,0,0,1,0,0,0,0,0,0,0,0
173,9,0,0,1,0,0,0.839999914,1.089999914,1.209999919,1.089999914,0,0,0,0,0,0,0,0,0,0,0,0
174,9,0,0,0,0,1,0.859999955,0.889999986,1.209999919,0.99000001,0,0,0,0,0,0,0,1,0,0,0,0
175,9,0,0,1,0,0,0.859999955,0.889999986,1.209999919,0.99000001,0,1,0,0,0,0,0,0,0,0,0,0
176,9,0,0,0,1,0,0.959999979,1.089999914,1.089999914,1.289999962,0,0,1,0,0,0,0,0,0,0,0,0
177,9,0,0,0,0,1,0.680000007,0.959999979,1.389999986,1.089999914,0,0,0,0,0,0,0,1,0,0,0,0
178,9,0,0,1,0,0,0.789999962,1.089999914,1.089999914,1.289999962,0,0,0,0,0,0,0,0,0,0,0,0
179,9,1,0,1,0,0,0.959999979,1.289999962,1.039999962,1.289999962,0,0,0,0,0,0,0,0,0,0,0,0
180,10,0,0,0,0,1,0.709999979,0.689999998,0.879999995,1.199999928,0,0,0,0,0,0,0,0,0,0,0,0
181,10,0,0,0,0,1,0.709999979,0.980000019,0.99000001,0.99000001,0,1,0,1,0,0,0,0,0,0,0,0
182,10,0,0,0,0,1,0.709999979,0.99000001,1.089999914,0.889999986,0,0,0,1,0,0,0,0,0,0,0,0
183,10,0,0,0,0,1,0.709999979,0.99000001,1.089999914,0.99000001,0,0,0,0,0,0,0,0,0,0,0,0
184,10,0,0,0,0,1,0.779999912,0.49000001,1.089999914,1.089999914,0,1,0,0,0,0,0,0,0,0,0,0
185,10,0,0,0,0,1,0.779999912,0.49000001,1.089999914,1.089999914,0,1,0,0,0,0,0,0,0,0,0,0
186,10,0,0,0,0,1,0.779999912,0.589999914,1.089999914,0.889999986,0,1,0,0,0,0,0,0,0,0,0,0
187,10,0,0,0,0,1,0.779999912,0.789999962,1.089999914,0.889999986,0,1,0,0,0,0,0,0,0,0,0,0
188,10,0,0,0,0,1,0.779999912,0.789999962,1.049999952,1.089999914,0,1,0,0,0,0,0,0,0,0,0,0
189,10,0,0,0,0,1,0.779999912,0.789999962,1.089999914,0.889999986,0,1,0,0,0,0,0,0,0,0,0,0
190,10,0,0,0,0,1,0.779999912,1.029999971,1.089999914,0.889999986,0,0,0,0,0,0,0,0,0,0,0,0
191,10,0,0,0,0,1,0.639999986,1.029999971,1.089999914,1.190000057,0,0,0,0,0,0,0,0,0,0,0,0
192,10,0,0,0,0,1,0.639999986,1.089999914,1.089999914,1.190000057,0,0,0,0,0,0,0,0,0,0,0,0
193,10,0,0,0,0,1,0.709999979,0.99000001,1.089999914,1.190000057,0,0,0,0,0,0,0,0,0,0,0,0
194,10,0,0,0,0,1,0.839999914,0.889999986,1.089999914,1.190000057,0,0,0,0,0,0,0,0,0,0,0,0
195,10,0,0,0,0,1,0.779999912,0.889999986,1.089999914,1.190000057,0,0,0,0,0,0,0,0,0,0,0,0
196,10,0,0,0,0,1,0.779999912,0.889999986,1.190000057,0.99000001,0,0,0,0,0,0,0,0,0,0,0,0
197,10,0,1,0,0,0,0.689999998,1.089999914,1.209999919,1.190000057,1,0,0,0,0,0,0,1,0,0,0,0
198,10,0,0,0,0,1,0.569999933,0.970000029,1.149999976,1.089999914,0,0,0,0,0,0,0,1,1,0,0,0
199,10,0,0,0,0,1,0.639999986,0.789999962,1.209999919,1.190000057,0,0,0,0,0,0,0,0,0,0,0,0
200,10,0,0,0,0,1,0.779999912,0.789999962,1.190000057,1.289999962,1,1,0,0,0,0,0,0,0,0,0,0
201,10,0,1,0,0,0,0.889999986,1.089999914,1.190000057,1.289999962,0,0,0,1,0,0,0,0,0,0,0,0
202,10,0,0,0,0,1,0.779999912,1.089999914,1.209999919,1.089999914,0,0,0,1,0,0,0,0,0,0,0,0
203,10,0,0,0,0,1,0.779999912,0.789999962,1.209999919,0.839999914,0,0,0,1,0,0,0,0,0,1,0,0
204,10,0,0,0,0,1,0.599999964,0.970000029,1.25,1.089999914,0,0,0,0,0,0,0,1,0,0,0,0
205,10,0,0,0,0,1,0.779999912,0.789999962,1.209999919,1.089999914,0,1,0,0,0,0,0,0,0,0,0,0
206,10,0,0,0,0,1,0.879999995,0.789999962,1.209999919,1.089999914,0,1,0,0,0,0,0,0,0,0,0,0
207,10,0,0,0,0,1,0.879999995,0.789999962,1.209999919,1.089999914,0,1,0,1,0,0,0,0,0,0,0,0
208,10,0,0,0,0,1,0.789999962,1.089999914,1.209999919,1.089999914,0,0,0,1,0,0,0,0,0,0,0,0
209,10,0,0,0,0,1,0.789999962,1.089999914,1.209999919,1.289999962,0,0,0,1,0,0,0,0,0,0,0,0
210,10,0,0,0,0,1,0.649999976,0.970000029,1.25,1,0,0,0,0,0,0,0,0,0,0,0,0
211,10,0,0,0,0,1,0.920000017,1.089999914,1.209999919,1.089999914,0,0,0,0,0,0,0,0,0,0,0,0
212,10,0,0,0,0,1,0.649999976,1.049999952,1.25,0.99000001,0,0,0,0,0,0,0,0,0,0,0,0
213,10,0,0,0,0,1,0.649999976,1.049999952,1.25,0.99000001,0,0,0,1,0,0,0,0,0,0,0,0
214,10,0,0,0,0,1,0.859999955,1.089999914,1.209999919,0.99000001,0,0,0,0,0,0,0,0,0,0,0,0
215,10,0,0,0,0,1,0.819999933,0.949999988,1.25,0.99000001,0,0,0,1,0,0,0,0,0,0,0,0
216,10,0,0,0,0,1,0.589999914,1.049999952,1.289999962,1.289999962,0,0,0,0,0,0,0,0,0,0,0,0
217,10,0,0,0,0,1,0.589999914,1.049999952,1.289999962,0.99000001,0,0,0,1,0,0,0,0,0,0,0,0
218,10,0,0,0,0,1,0.589999914,1.049999952,1.289999962,0.99000001,0,0,0,1,0,0,0,0,0,0,0,0
219,10,0,0,0,0,1,0.720000029,0.949999988,1.039999962,0.99000001,0,0,0,0,0,0,0,0,0,0,0,0
220,10,1,0,0,0,1,0.959999979,1.289999962,1.039999962,1.289999962,0,0,0,0,0,0,0,0,0,0,0,0
221,11,0,0,0,0,1,0.649999976,0.889999986,0.99000001,0.889999986,0,0,0,0,0,0,0,0,0,0,0,0
222,11,0,0,0,0,1,0.5,0.889999986,0.99000001,0.889999986,0,0,0,1,0,0,0,0,1,0,0,0
223,11,0,0,0,0,1,0.609999955,0.889999986,0.889999986,0.99000001,0,0,0,1,0,0,0,0,0,0,1,0
224,11,0,0,0,0,1,0.5,0.889999986,0.99000001,0.889999986,0,0,0,0,0,0,0,0,1,0,0,0
225,11,0,0,0,0,1,0.649999976,0.889999986,0.99000001,0.889999986,0,0,0,0,0,0,0,0,0,0,0,1
226,11,0,0,0,0,1,0.649999976,0.889999986,0.99000001,0.889999986,0,0,0,1,0,0,0,0,0,0,0,0
227,11,0,0,0,0,1,0.649999976,0.889999986,0.99000001,1.049999952,0,0,0,0,0,0,0,0,0,0,0,0
228,11,0,0,0,0,1,0.649999976,0.889999986,1.049999952,0.889999986,0,0,0,0,0,0,0,1,0,0,0,0
229,11,0,0,0,0,1,0.649999976,0.889999986,1.019999981,1.049999952,0,0,0,1,0,0,0,0,0,0,0,0
230,11,0,0,0,0,1,0.49000001,0.889999986,1.019999981,0.889999986,0,0,0,0,0,0,0,0,0,0,0,1
231,11,0,0,0,1,0,0.649999976,0.879999995,0.99000001,1.149999976,0,0,0,0,0,0,0,0,0,1,1,0
232,11,0,0,0,0,1,0.779999912,1.089999914,1.089999914,1.289999962,0,0,0,1,0,0,0,0,0,0,0,0
233,11,0,0,0,0,1,0.649999976,0.879999995,1.149999976,1.089999914,0,0,0,1,0,0,0,0,0,0,0,0
234,11,0,0,0,1,0,0.649999976,0.879999995,0.99000001,1.25,0,0,0,0,0,0,0,0,0,0,0,0
235,11,0,0,0,0,1,0.649999976,0.879999995,1.25,0.74000001,0,0,0,1,0,0,0,0,0,0,0,0
236,11,0,0,0,0,1,0.779999912,0.789999962,1.209999919,1.089999914,0,1,0,1,0,0,0,0,0,0,0,0
237,11,0,0,0,0,1,0.649999976,0.970000029,1.25,1.25,0,0,0,0,0,0,0,0,0,0,0,0
238,11,0,0,0,0,1,0.649999976,0.970000029,1.25,1.089999914,0,0,0,0,0,0,0,1,0,0,0,0
239,11,0,0,0,0,1,0.649999976,0.970000029,1.169999957,1.089999914,0,0,0,0,0,0,0,0,0,0,0,1
240,11,0,0,0,0,1,0.649999976,1.049999952,1.25,0.99000001,0,0,0,1,0,0,0,0,0,0,0,0
241,11,0,0,0,0,1,0.649999976,1.049999952,1.25,0.99000001,1,0,0,0,0,0,0,0,0,0,0,1
242,11,0,1,0,0,0,0.589999914,1.049999952,1.169999957,1.289999962,1,0,0,1,0,0,0,0,0,0,0,0
243,11,0,1,0,0,0,0.589999914,0.949999988,1.25,0.99000001,0,0,0,1,0,0,0,0,0,0,0,0
244,11,0,0,0,0,1,0.649999976,1.049999952,1.169999957,0.99000001,0,0,0,1,0,0,0,0,0,0,0,0
245,11,0,0,0,0,1,0.649999976,1.049999952,0.99000001,0.99000001,0,0,0,1,0,0,0,0,0,0,0,0
246,11,1,1,0,0,0,0.379999995,1.23999989,1.049999952,0.980000019,0,0,0,0,0,0,0,0,1,0,0,0
247,12,0,1,0,0,0,0.549999952,0.980000019,0.879999995,0.889999986,0,0,0,0,0,0,0,0,0,0,0,0
248,12,0,1,0,0,0,0.549999952,0.99000001,0.99000001,1.089999914,0,0,0,1,0,0,0,0,0,0,0,0
249,12,0,1,0,0,0,0.549999952,0.49000001,1.089999914,1.089999914,0,0,0,0,0,0,0,0,0,1,0,0
250,12,0,1,0,0,0,0.549999952,0.589999914,1.089999914,0.889999986,0,1,0,0,0,0,0,0,0,0,0,0
251,12,0,1,0,0,0,0.549999952,0.99000001,1.049999952,1.089999914,0,1,0,0,0,0,0,0,0,0,0,0
252,12,0,1,0,0,0,0.549999952,0.789999962,1.049999952,1.089999914,0,1,0,0,0,0,0,0,0,0,0,0
253,12,0,1,0,0,0,0.549999952,1.029999971,1.089999914,0.889999986,0,0,0,0,0,0,0,0,0,0,0,0
254,12,0,1,0,0,0,0.549999952,1.029999971,1.089999914,0.889999986,0,0,0,0,0,0,0,0,0,0,0,0
255,12,0,1,0,0,0,0.549999952,1.029999971,1.089999914,1.190000057,0,0,0,0,0,0,0,0,0,0,0,0
256,12,0,1,0,0,0,0.549999952,1.089999914,1.089999914,1.190000057,0,0,0,0,0,0,0,0,0,0,0,0
257,12,0,1,0,0,0,0.549999952,1.089999914,1.089999914,1.190000057,0,0,0,0,0,0,0,0,0,0,0,0
258,12,0,1,0,0,0,0.549999952,0.99000001,1.089999914,1.190000057,0,0,0,0,0,0,0,0,0,0,0,0
259,12,0,1,0,0,0,0.549999952,1.089999914,1.190000057,0.99000001,0,0,0,0,0,0,0,0,0,0,0,0
260,12,0,1,0,0,0,0.549999952,0.889999986,1.089999914,1.190000057,0,0,0,0,0,0,0,0,0,0,0,0
261,12,0,1,0,0,0,0.549999952,1.089999914,1.089999914,1.289999962,0,0,0,1,0,0,0,0,0,0,0,0
262,12,0,1,0,0,0,0.549999952,1.089999914,1.089999914,1.289999962,0,0,0,0,0,0,0,0,0,0,0,0
263,12,0,1,0,0,0,0.549999952,1.089999914,1.209999919,1.190000057,0,0,0,0,0,0,0,1,0,0,0,0
264,12,0,1,0,0,0,0.549999952,0.789999962,1.209999919,1.190000057,0,1,0,0,0,0,0,0,0,0,0,0
265,12,0,1,0,0,0,0.549999952,0.789999962,1.209999919,1.190000057,0,0,0,0,0,0,0,0,0,0,0,0
266,12,0,0,1,0,0,0.779999912,0.789999962,1.190000057,1.289999962,1,1,0,0,0,0,0,0,0,0,0,0
267,12,0,1,0,0,0,0.549999952,1.089999914,1.190000057,1.289999962,0,0,0,0,0,0,0,0,0,0,0,0
268,12,0,1,0,0,0,0.549999952,1.089999914,1.190000057,1.289999962,0,0,0,1,0,0,0,0,0,0,0,0
269,12,0,1,0,0,0,0.549999952,1.089999914,1.209999919,1.089999914,0,0,0,1,0,0,0,0,0,0,0,0
270,12,0,1,0,0,0,0.549999952,0.789999962,1.209999919,1.089999914,0,1,0,1,0,0,0,0,0,0,0,0
271,12,0,1,0,0,0,0.589999914,0.789999962,1.209999919,1.089999914,0,1,0,1,0,0,0,0,0,0,0,0
272,12,0,1,0,0,0,0.589999914,1.089999914,1.209999919,1.089999914,0,0,0,1,0,0,0,0,0,0,0,0
273,12,0,1,0,0,0,0.589999914,1.089999914,1.209999919,1.289999962,0,0,0,1,0,0,0,0,0,0,0,0
274,12,0,1,0,0,0,0.589999914,1.089999914,1.209999919,1.289999962,0,0,0,1,0,0,0,0,0,0,0,0
275,12,0,1,0,0,0,0.589999914,1.089999914,1.089999914,1.089999914,0,0,0,1,0,0,0,0,0,0,0,0
276,12,0,1,0,0,0,0.589999914,0.980000019,1.129999995,1.109999895,0,0,0,0,0,0,0,0,0,0,0,0
277,12,0,1,0,0,0,0.589999914,1.089999914,1.129999995,1.089999914,0,0,0,1,0,0,0,0,0,0,0,0
278,12,0,1,0,0,0,0.589999914,1.089999914,1.199999928,1.190000057,0,0,0,1,0,0,0,0,0,0,0,0
279,12,0,1,0,0,0,0.589999914,1.089999914,1.209999919,1.289999962,0,0,0,1,0,0,0,0,0,0,0,0
280,12,0,1,0,0,0,0.589999914,1.089999914,1.209999919,1.289999962,0,0,0,1,0,0,0,0,0,0,0,0
281,12,0,1,0,0,0,0.589999914,1.089999914,1.209999919,1.089999914,0,0,0,0,0,0,0,0,0,0,0,0
282,12,0,1,0,0,0,0.589999914,1.089999914,1.209999919,1.089999914,0,0,0,0,0,0,0,0,0,0,0,0
283,12,0,1,0,0,0,0.589999914,1.089999914,1.209999919,1.089999914,0,0,0,0,0,0,0,0,0,0,0,0
284,12,0,1,0,0,0,0.589999914,0.889999986,1.209999919,0.99000001,0,0,0,0,0,1,0,0,0,0,0,0
285,12,0,1,0,0,0,0.589999914,0.889999986,1.209999919,0.99000001,0,1,0,0,0,0,0,0,0,0,0,0
286,12,0,1,0,0,0,0.589999914,0.889999986,1.199999928,1.289999962,0,1,0,1,0,0,0,0,0,0,1,0
287,12,0,1,0,0,0,0.589999914,1.089999914,1.149999976,1.289999962,0,1,1,1,0,0,0,0,0,0,0,0
288,12,0,1,0,0,0,0.589999914,1.089999914,1.039999962,1.289999962,0,0,1,0,0,0,0,0,0,0,0,0
289,12,0,1,0,0,0,0.589999914,1.089999914,1.039999962,1.289999962,0,0,1,0,0,0,0,0,0,0,0,0
290,12,0,1,0,0,0,0.589999914,1.089999914,1.25,0.99000001,0,0,1,0,0,0,0,0,0,0,0,0
291,12,0,1,0,0,0,0.589999914,0.949999988,1.25,0.99000001,0,0,0,1,0,0,0,0,0,0,0,0
292,12,0,1,0,0,0,0.589999914,0.949999988,1.209999919,0.99000001,0,0,0,1,0,0,0,0,0,0,0,0
293,12,0,1,0,0,0,0.589999914,0.949999988,1.190000057,1.289999962,0,0,0,0,0,0,0,0,0,0,0,0
294,12,0,1,0,0,0,0.589999914,1.089999914,1.089999914,1.289999962,0,0,0,0,0,0,0,0,0,0,0,0
295,12,0,1,0,0,0,0.589999914,1.089999914,1.209999919,1.289999962,0,0,0,0,0,0,0,0,0,0,0,0
296,12,0,1,0,0,0,0.589999914,1.089999914,1.039999962,0.99000001,0,0,0,0,0,0,0,0,0,0,0,0
297,12,0,1,0,0,0,0.589999914,0.949999988,1.039999962,0.99000001,0,0,0,0,0,0,0,0,0,0,0,0
298,12,0,1,0,0,0,0.589999914,1.289999962,1.039999962,1.289999962,0,0,0,1,0,0,0,0,0,0,0,0
299,12,1,1,0,0,0,0.379999995,1.23999989,1.049999952,0.980000019,0,0,0,0,0,0,0,0,1,0,0,0
300,13,0,1,0,0,0,0.549999952,0.689999998,0.879999995,0.889999986,0,0,0,0,0,0,0,0,0,0,0,0
301,13,0,1,0,0,0,0.549999952,0.49000001,1.089999914,1.089999914,0,1,0,0,0,0,0,0,0,0,0,0
302,13,0,1,0,0,0,0.549999952,0.99000001,1.089999914,0.889999986,0,1,0,0,0,0,0,0,0,0,0,0
303,13,0,1,0,0,0,0.549999952,0.789999962,1.049999952,1.089999914,0,1,0,0,0,0,0,0,0,0,0,0
304,13,0,0,1,0,0,0.779999912,0.789999962,1.049999952,1.089999914,0,1,0,0,0,0,0,0,0,0,0,0
305,13,0,1,0,0,0,0.549999952,1.029999971,1.089999914,1.190000057,0,0,0,0,0,0,0,0,0,0,0,0
306,13,0,1,0,0,0,0.549999952,0.99000001,1.089999914,1.190000057,0,0,0,0,0,0,0,0,0,0,0,0
307,13,0,1,0,0,0,0.549999952,1.089999914,1.190000057,0.99000001,0,0,0,0,0,0,0,0,0,0,0,0
308,13,0,1,0,0,0,0.549999952,0.889999986,1.190000057,0.99000001,0,0,0,0,0,0,0,0,0,0,0,0
309,13,0,1,0,0,0,0.549999952,1.089999914,1.089999914,1.289999962,0,0,0,1,0,0,0,0,0,0,0,0
310,13,0,1,0,0,0,0.549999952,1.089999914,1.190000057,1.289999962,0,0,0,1,0,0,0,0,0,0,0,0
311,13,0,1,0,0,0,0.549999952,0.789999962,1.209999919,1.089999914,0,0,0,1,0,0,0,0,0,1,0,0
312,13,0,1,0,0,0,0.589999914,1.089999914,1.209999919,1.289999962,0,0,0,1,0,0,0,0,0,0,0,0
313,13,0,1,0,0,0,0.589999914,0.889999986,1.209999919,0.99000001,0,0,0,0,0,1,0,0,0,0,0,0
314,13,0,1,0,0,0,0.589999914,1.089999914,1.089999914,1.289999962,0,0,0,0,0,0,0,0,0,0,0,0
315,13,1,1,0,0,0,0.379999995,1.23999989,1.049999952,0.980000019,0,0,0,0,0,0,0,0,1,0,0,0
316,14,0,0,0,0,1,0.680000007,0.730000019,0.930000007,0.689999998,0,0,0,0,0,0,0,0,0,0,0,0
317,14,0,0,1,0,0,0.689999998,0.49000001,0.99000001,0.949999988,0,0,0,1,0,1,0,0,0,0,0,0
318,14,0,1,0,0,0,0.689999998,0.889999986,0.99000001,1.129999995,0,0,1,0,0,0,0,0,0,0,0,0
319,14,0,0,0,0,1,0.689999998,0.889999986,0.99000001,0,0,0,0,1,0,1,0,0,0,0,0,0
320,14,0,0,0,0,1,0.789999962,0.889999986,0.99000001,0.889999986,0,0,0,0,0,0,0,0,0,0,0,0
321,14,0,0,0,0,1,0.589999914,0.930000007,0.879999995,0,0,0,0,0,0,0,0,0,0,0,0,0
322,14,0,0,0,0,1,0.579999924,0.930000007,0.980000019,1.089999914,0,0,0,0,0,0,0,0,0,0,0,0
323,14,0,1,0,0,0,0.49000001,0.789999962,1.25,1.059999824,0,1,0,1,1,0,0,0,0,0,0,0
324,14,0,0,1,0,0,0.839999914,0.889999986,1.089999914,1.190000057,0,0,0,0,0,0,0,0,0,0,0,0
325,14,0,0,0,0,1,0.779999912,0.980000019,1.190000057,0.74000001,0,0,0,0,0,0,0,0,0,0,0,0
326,14,0,1,0,0,0,0.889999986,1.089999914,1.089999914,1.289999962,0,0,0,1,0,0,0,0,0,0,0,0
327,14,0,1,0,0,0,0.689999998,0.789999962,1.149999976,1.139999986,0,0,0,0,0,0,0,0,0,0,0,0
328,14,0,1,0,0,0,0.549999952,0.980000019,1.209999919,1.190000057,0,0,0,0,0,0,0,0,0,0,0,0
329,14,0,0,1,0,0,0.639999986,0.789999962,1.209999919,1.190000057,0,0,0,0,0,0,0,0,0,0,0,0
330,14,0,1,0,0,0,0.549999952,0.789999962,1.190000057,1.289999962,0,1,0,0,0,0,0,0,0,0,0,0
331,14,0,1,0,0,0,0.549999952,0.789999962,1.209999919,1.089999914,0,0,0,0,0,0,0,0,0,0,0,0
332,14,0,1,0,0,0,0.549999952,0.789999962,1.209999919,1.089999914,0,0,0,0,0,0,0,0,0,0,0,0
333,14,0,1,0,0,0,0.730000019,1.089999914,1.349999905,1.289999962,0,0,0,0,0,0,0,0,0,0,0,0
334,14,0,1,0,0,0,0.589999914,1.089999914,1.209999919,1.289999962,0,0,0,1,0,0,0,0,0,0,0,0
335,14,0,1,0,0,0,0.649999976,1.089999914,1.089999914,1.089999914,0,0,1,0,0,0,0,0,0,0,0,1
336,14,0,1,0,0,0,0.649999976,1.089999914,1.289999962,1.25,0,0,0,0,0,0,0,0,0,0,0,0
337,14,0,0,0,0,1,0.609999955,1.049999952,1.289999962,0.99000001,0,0,0,1,0,0,0,0,0,0,0,0
338,14,0,1,0,0,0,0.589999914,1.089999914,1.089999914,1.289999962,0,0,1,1,0,0,0,0,0,0,0,0
339,14,0,1,0,0,0,0.589999914,1.089999914,1.089999914,1.289999962,0,0,0,0,0,0,0,0,0,0,0,0
340,14,0,1,0,0,0,0.889999986,1.089999914,1.159999967,1.289999962,0,0,0,0,0,0,0,0,0,0,0,0
341,14,0,1,0,0,0,0.589999914,1.089999914,1.039999962,0.99000001,0,0,0,0,0,0,0,0,0,0,0,0
342,14,0,1,0,0,0,0.649999976,1.049999952,1.289999962,1.289999962,0,0,0,1,0,0,0,0,0,0,0,0
343,14,1,1,0,0,0,1.149999976,1.289999962,1.039999962,1.2299999,1,0,0,0,0,0,0,0,0,0,0,0
344,15,0,0,0,0,1,0.680000007,0.849999964,0.980000019,0.889999986,0,0,0,0,0,0,0,0,0,0,0,0
345,15,0,0,0,0,1,0.609999955,0.889999986,0.99000001,0.889999986,0,0,1,1,0,0,0,0,0,0,0,0
346,15,0,0,0,0,1,0.689999998,0.889999986,0.99000001,0.889999986,0,0,0,1,0,0,0,0,0,0,0,0
347,15,0,0,0,0,1,0.689999998,0.889999986,0.99000001,0.889999986,0,0,0,1,0,0,0,0,0,0,0,0
348,15,0,0,0,0,1,0.609999955,0.689999998,1.089999914,0.889999986,0,1,0,1,0,0,0,0,0,0,0,0
349,15,0,0,0,1,0,0.579999924,0.930000007,0.99000001,1.089999914,0,0,1,0,0,0,0,0,0,0,0,0
350,15,0,0,0,0,1,0.529999912,0.789999962,1.149999976,0.99000001,0,0,1,0,1,0,0,0,0,0,0,0
351,15,0,0,0,0,1,0.609999955,0.789999962,1.149999976,0.99000001,0,0,0,0,0,0,0,1,0,0,0,0
352,15,0,0,0,0,1,0.689999998,0.789999962,1.25,0.99000001,0,1,0,0,0,0,0,0,0,0,0,0
353,15,0,0,0,1,0,0.609999955,0.970000029,0.99000001,1.190000057,0,0,0,0,0,0,0,0,0,0,0,0
354,15,0,0,0,0,1,0.689999998,0.789999962,1.25,0.99000001,1,1,0,0,0,0,0,0,0,0,0,0
355,15,0,0,0,0,1,0.609999955,0.970000029,1.149999976,0.99000001,0,0,0,0,0,0,0,0,0,0,0,0
356,15,0,0,0,0,1,0.609999955,0.970000029,1.149999976,0.99000001,0,0,0,1,0,0,0,0,0,0,0,0
357,15,0,0,0,0,1,0.680000007,1.089999914,0.99000001,0.949999988,0,0,0,0,0,0,0,1,0,0,1,0
358,15,0,0,1,0,0,0.649999976,0.789999962,1.349999905,1.289999962,0,0,0,0,0,0,0,0,0,1,0,0
359,15,0,0,0,0,1,0.579999924,0.879999995,1.190000057,1.079999924,0,0,0,0,0,0,0,0,0,0,0,0
360,15,0,0,0,0,1,0.579999924,0.930000007,1.190000057,1.079999924,0,0,0,0,0,0,0,0,0,0,0,0
361,15,0,0,0,0,1,0.609999955,1.049999952,1.25,0.99000001,1,0,0,0,0,0,0,0,0,0,0,0
362,15,0,0,0,0,1,0.680000007,1.089999914,1.25,0.889999986,0,0,0,0,0,0,0,0,0,0,0,1
363,15,0,0,0,0,1,0.680000007,1.190000057,1.089999914,1.289999962,0,0,0,0,0,0,0,0,0,0,0,0
364,15,1,0,0,0,1,0.680000007,1.190000057,1.25,1.039999962,0,0,0,0,0,0,0,0,0,0,0,0
365,16,0,0,0,0,1,0.680000007,0.849999964,0.879999995,1.029999971,0,0,0,0,0,0,0,0,0,0,0,0
366,16,0,0,0,0,1,0.680000007,0.849999964,1.079999924,0.889999986,0,1,0,0,0,0,0,0,0,0,0,0
367,16,0,0,0,0,1,0.680000007,0.849999964,1.079999924,0.889999986,0,1,0,1,0,0,0,0,0,0,0,0
368,16,0,0,0,0,1,0.680000007,0.789999962,1.079999924,0.889999986,0,1,0,1,0,0,0,0,0,0,0,0
369,16,0,0,0,0,1,0.689999998,0.789999962,1.25,0.99000001,1,1,0,0,0,0,0,0,0,0,0,0
370,16,0,0,0,0,1,0.649999976,0.779999912,1.349999905,0.99000001,1,0,0,0,0,0,0,0,0,0,0,0
371,16,0,0,0,0,1,0.649999976,0.779999912,1.349999905,1.089999914,1,0,0,1,0,0,0,0,0,0,0,0
372,16,0,0,0,0,1,0.680000007,1.089999914,1.23999989,1.089999914,0,1,1,0,0,0,0,0,0,0,0,1
373,16,0,0,0,0,1,0.959999979,1.089999914,1.089999914,1.089999914,0,0,0,1,0,0,0,0,0,0,0,0
374,16,0,0,0,0,1,0.889999986,1.190000057,1.349999905,1.289999962,0,0,0,0,0,0,0,0,0,0,0,0
375,16,0,0,0,0,1,0.889999986,1.190000057,1.349999905,1.089999914,0,0,0,0,0,0,0,1,0,0,0,0
376,16,0,0,0,0,1,0.680000007,0.959999979,1.389999986,0.689999998,0,0,0,0,0,0,0,1,0,0,0,0
377,16,0,0,0,0,1,0.680000007,0.889999986,1.25,0.889999986,0,0,0,0,0,0,0,0,0,0,0,1
378,16,0,0,0,0,1,0.789999962,1.089999914,1.159999967,1.289999962,0,0,0,0,0,0,0,0,0,0,0,0
379,16,1,0,0,0,1,0.680000007,1.190000057,1.25,0.889999986,0,0,0,1,0,0,0,0,0,0,0,0
380,17,0,1,0,0,0,0.789999962,0.689999998,0.879999995,0.889999986,0,0,0,0,0,0,0,0,0,0,0,0
381,17,0,1,0,0,0,0.789999962,0.689999998,0.879999995,1.089999914,0,0,0,0,0,0,0,0,0,0,0,0
382,17,0,1,0,0,0,0.789999962,0.99000001,1.089999914,0.99000001,0,0,0,1,0,0,0,0,0,0,0,0
383,17,0,1,0,0,0,0.789999962,0.99000001,1.089999914,0.99000001,0,0,0,0,0,0,0,0,0,0,0,0
384,17,0,1,0,0,0,0.889999986,0.49000001,1.089999914,1.089999914,0,0,0,0,0,1,0,0,0,0,0,0
385,17,0,1,0,0,0,0.889999986,0.49000001,1.089999914,1.089999914,0,0,0,0,0,1,0,0,0,0,0,0
386,17,0,1,0,0,0,0.889999986,1.029999971,1.089999914,0.889999986,0,0,0,0,0,0,0,0,0,0,0,0
387,17,0,0,0,1,0,0.779999912,1.029999971,1.089999914,0.889999986,0,0,0,0,0,0,0,0,0,0,0,0
388,17,0,1,0,0,0,0.889999986,0.789999962,1.049999952,1.089999914,0,0,0,0,0,0,0,0,0,0,0,0
389,17,0,0,0,1,0,0.779999912,0.980000019,1.049999952,1.089999914,0,0,0,0,0,0,0,0,0,0,0,0
390,17,0,0,0,1,0,0.639999986,0.980000019,1.089999914,0.889999986,0,0,0,0,0,0,0,0,0,0,0,0
391,17,0,1,0,0,0,0.619999945,0.980000019,1.089999914,0.889999986,0,0,0,0,0,0,0,0,0,0,0,0
392,17,0,1,0,0,0,0.889999986,1.089999914,1.089999914,1.190000057,0,0,0,0,0,0,0,0,0,0,0,0
393,17,0,1,0,0,0,0.889999986,0.980000019,1.190000057,0.99000001,0,0,0,0,0,0,0,0,0,0,0,0
394,17,0,1,0,0,0,0.889999986,0.980000019,1.089999914,1.289999962,0,0,0,0,0,0,0,0,0,0,0,0
395,17,0,1,0,0,0,0.689999998,0.980000019,1.209999919,1.190000057,1,0,0,1,0,0,0,0,0,0,0,0
396,17,0,1,0,0,0,0.689999998,0.980000019,1.209999919,1.190000057,0,0,0,0,0,0,0,0,0,0,0,0
397,17,0,1,0,0,0,0.889999986,0.980000019,1.190000057,1.289999962,0,0,0,0,0,0,0,0,0,0,0,0
398,17,0,1,0,0,0,0.889999986,0.789999962,1.209999919,1.089999914,0,0,0,0,0,1,0,0,0,0,0,0
399,17,0,1,0,0,0,0.889999986,1.089999914,1.209999919,1.190000057,0,0,0,1,0,0,0,0,0,0,0,0
400,17,0,1,0,0,0,0.889999986,1.089999914,1.209999919,1.289999962,0,0,0,1,0,0,0,0,0,0,0,0
401,17,0,1,0,0,0,0.889999986,1.089999914,1.209999919,1.289999962,0,0,0,0,0,0,0,0,0,0,0,0
402,17,0,0,0,0,1,0.859999955,1.089999914,1.209999919,1.089999914,0,0,0,0,0,0,0,0,0,0,0,0
403,17,0,0,0,0,1,0.839999914,1.089999914,1.209999919,0.99000001,0,0,0,1,0,0,0,0,0,0,0,0
404,17,0,0,0,0,1,0.859999955,0.889999986,1.209999919,0.99000001,0,0,0,0,0,0,0,0,0,0,0,1
405,17,0,1,0,0,0,0.889999986,1.089999914,1.209999919,0.99000001,0,0,1,0,0,0,0,0,0,0,0,0
406,17,0,1,0,0,0,0.889999986,0.949999988,1.190000057,1.289999962,0,0,0,1,0,0,0,0,0,0,0,0
407,17,0,1,0,0,0,0.889999986,1.089999914,1.179999828,1.289999962,0,0,0,0,0,0,0,0,0,0,0,0
408,17,1,1,0,0,0,0.789999962,1.089999914,1.039999962,0.99000001,1,0,0,0,0,0,0,0,0,0,0,0
409,18,0,1,0,0,0,0.649999976,0.889999986,0.99000001,1.049999952,0,0,0,0,0,0,0,0,0,0,0,0
410,18,0,1,0,0,0,0.649999976,0.889999986,1.019999981,0.889999986,0,1,0,0,0,0,0,0,0,0,0,1
411,18,0,1,0,0,0,0.689999998,0.980000019,1.089999914,0.889999986,0,0,0,0,0,0,0,0,0,0,0,0
412,18,0,1,0,0,0,0.5,0.889999986,1.070000052,1.149999976,0,0,0,0,0,0,0,0,1,0,0,0
413,18,0,0,0,1,0,0.609999955,0.789999962,0.99000001,1.190000057,0,0,0,0,0,0,0,0,0,0,1,0
414,18,0,1,0,0,0,0.789999962,0.99000001,1.190000057,0.99000001,0,0,0,0,0,0,0,0,0,0,0,0
415,18,0,1,0,0,0,0.5,0.889999986,1.149999976,0.99000001,0,1,1,0,1,0,0,0,0,0,0,0
416,18,0,0,0,0,1,0.579999924,0.930000007,0.980000019,0.980000019,0,0,0,1,0,0,0,0,0,0,0,0
417,18,0,1,0,0,0,0.5,0.970000029,1.089999914,1.149999976,0,0,0,1,0,0,0,0,0,0,0,0
418,18,0,0,0,1,0,0.579999924,0.930000007,0.99000001,0.980000019,0,0,1,0,0,0,0,0,0,0,0,0
419,18,0,1,0,0,0,0.689999998,1.089999914,1.209999919,1.190000057,1,0,0,0,0,0,0,1,0,0,0,0
420,18,0,0,1,0,0,0.579999924,0.879999995,1.089999914,1.049999952,0,1,0,0,0,0,0,0,0,0,0,0
421,18,0,0,1,0,0,0.579999924,0.879999995,0.980000019,1.029999971,0,1,0,1,0,0,0,0,0,0,0,0
422,18,0,0,1,0,0,0.599999964,0.970000029,0.99000001,1.25,0,0,0,0,0,0,0,0,0,0,1,0
423,18,0,0,0,1,0,0.599999964,0.970000029,0.99000001,1.25,0,0,0,0,0,0,0,0,0,0,1,0
424,18,0,0,1,0,0,0.599999964,0.970000029,1.25,1.089999914,0,0,0,0,0,0,0,1,0,0,0,0
425,18,0,1,0,0,0,0.649999976,0.970000029,1.089999914,1.089999914,0,0,0,0,0,0,0,1,0,0,0,0
426,18,0,1,0,0,0,0.5,0.970000029,1.089999914,1.089999914,0,0,1,1,0,0,0,0,1,0,0,0
427,18,0,1,0,0,0,0.5,0.970000029,1.089999914,1.089999914,0,0,1,1,0,0,0,0,1,0,0,0
428,18,0,1,0,0,0,0.649999976,1.00999999,1.25,1.25,0,0,0,0,0,0,0,0,0,0,0,0
429,18,0,0,0,0,1,0.649999976,1.049999952,1.25,0.99000001,0,0,0,0,0,0,0,0,0,0,0,0
430,18,0,0,0,0,1,0.5,1.049999952,1.25,0.99000001,0,0,0,1,0,0,0,0,1,0,0,0
431,18,0,0,0,0,1,0.649999976,1.049999952,1.25,0.99000001,1,0,0,1,0,0,0,0,0,0,0,0
432,18,0,1,0,0,0,0.649999976,1.049999952,1.169999957,1.289999962,1,0,0,1,0,0,0,0,0,0,0,0
433,18,0,1,0,0,0,0.649999976,1.049999952,1.169999957,1.289999962,0,0,1,0,0,0,0,0,0,0,0,0
434,18,0,0,0,0,1,0.589999914,1.049999952,1.25,0.99000001,0,0,0,1,0,0,0,0,0,0,0,0
435,18,0,0,0,0,1,0.589999914,1.049999952,1.25,0.99000001,0,0,0,1,0,0,0,0,0,0,0,0
436,18,0,0,0,0,1,0.819999933,0.949999988,1.209999919,0.99000001,0,0,0,0,0,0,0,0,0,0,0,0
437,18,0,0,0,1,0,0.589999914,1.049999952,0.99000001,1.289999962,0,0,0,0,0,0,0,0,0,0,0,0
438,18,1,1,0,0,0,0.789999962,1.089999914,1.219999909,1.289999962,1,0,0,0,0,0,0,0,0,0,0,0
439,19,0,0,0,0,1,0.709999979,0.689999998,0.879999995,1.199999928,0,0,0,0,0,0,0,0,0,0,0,0
440,19,0,0,0,0,1,0.709999979,0.99000001,1.089999914,1.089999914,0,0,0,1,0,0,0,0,0,0,0,0
441,19,0,0,0,0,1,0.709999979,0.99000001,1.089999914,0.99000001,0,0,0,1,0,0,0,0,0,0,0,0
442,19,0,0,0,0,1,0.709999979,0.99000001,1.089999914,0.99000001,0,0,0,0,0,0,0,0,0,0,0,0
443,19,0,0,0,0,1,0.680000007,0.959999979,1.190000057,0.889999986,0,0,0,0,0,0,0,1,0,0,0,0
444,19,0,0,0,0,1,0.779999912,0.789999962,1.089999914,1.089999914,0,1,0,0,0,0,0,0,0,0,0,0
445,19,0,0,0,0,1,0.779999912,0.49000001,1.089999914,1.089999914,0,1,0,0,0,0,0,0,0,0,0,0
446,19,0,0,0,0,1,0.680000007,0.959999979,0.99000001,1.089999914,0,0,0,0,0,0,0,1,0,0,0,0
447,19,0,0,0,0,1,0.779999912,0.789999962,1.049999952,1.089999914,0,1,0,0,0,0,0,0,0,0,0,0
448,19,0,0,0,0,1,0.779999912,0.789999962,1.049999952,1.089999914,0,1,0,0,0,0,0,0,0,0,0,0
449,19,0,0,0,0,1,0.779999912,0.789999962,1.089999914,0.889999986,0,1,0,0,0,0,0,0,0,0,0,0
450,19,0,0,0,0,1,0.639999986,1.029999971,1.089999914,1.190000057,0,0,0,0,0,0,0,0,0,0,0,0
451,19,0,0,0,0,1,0.639999986,1.029999971,1.089999914,1.190000057,0,0,0,0,0,0,0,0,0,0,0,0
452,19,0,0,0,0,1,0.639999986,1.089999914,1.089999914,1.190000057,0,0,0,0,0,0,0,0,0,0,0,0
453,19,0,0,0,0,1,0.779999912,1.089999914,1.089999914,1.190000057,0,0,0,0,0,0,0,0,0,0,0,0
454,19,0,0,0,0,1,0.680000007,0.959999979,1.289999962,1.049999952,0,0,0,0,0,0,0,0,0,0,0,0
455,19,0,0,0,0,1,0.709999979,1.089999914,1.190000057,0.99000001,0,0,0,0,0,0,0,0,0,0,0,0
456,19,0,0,0,0,1,0.709999979,1.089999914,1.190000057,0.789999962,0,0,0,0,0,0,0,0,0,0,0,0
457,19,0,0,0,0,1,0.779999912,1.089999914,1.089999914,1.190000057,0,0,0,0,0,0,0,0,0,0,0,0
458,19,0,0,0,0,1,0.779999912,1.089999914,1.190000057,0.99000001,0,0,0,0,0,0,0,0,0,0,0,0
459,19,0,0,0,0,1,0.779999912,1.089999914,1.089999914,1.289999962,0,0,0,1,0,0,0,0,0,0,0,0
460,19,0,0,0,0,1,0.779999912,1.089999914,1.089999914,1.289999962,0,0,0,1,0,0,0,0,0,0,0,0
461,19,0,0,0,0,1,0.639999986,1.089999914,1.209999919,1.190000057,1,0,0,0,0,0,0,1,0,0,0,0
462,19,0,0,0,0,1,0.639999986,0.789999962,1.209999919,1.190000057,1,1,0,0,0,0,0,0,0,0,0,0
463,19,0,0,0,0,1,0.639999986,0.789999962,1.209999919,1.190000057,0,0,0,0,0,0,0,0,0,0,0,0
464,19,0,0,0,0,1,0.779999912,1.089999914,1.190000057,0.939999998,0,0,0,1,0,0,0,0,0,0,0,0
465,19,0,0,0,0,1,0.779999912,0.789999962,1.209999919,1.089999914,0,0,0,1,0,0,0,0,0,1,0,0
466,19,0,0,0,0,1,0.779999912,0.789999962,1.209999919,1.089999914,0,1,0,1,0,0,0,0,0,0,0,0
467,19,0,0,0,0,1,0.779999912,0.789999962,1.209999919,1.089999914,0,1,0,1,0,0,0,0,0,0,0,0
468,19,0,0,0,0,1,0.789999962,1.089999914,1.209999919,1.089999914,0,0,0,1,0,0,0,0,0,0,0,0
469,19,0,1,0,0,0,1.149999976,1.089999914,1.089999914,1.089999914,0,0,0,1,0,0,0,0,0,0,0,0
470,19,0,0,0,0,1,0.959999979,1.089999914,1.129999995,1.089999914,0,0,0,1,0,0,0,0,0,0,0,0
471,19,0,0,0,0,1,0.649999976,0.970000029,1.25,1.25,0,0,0,1,0,0,0,0,0,0,0,0
472,19,0,0,0,0,1,0.910000026,1.089999914,1.209999919,1.289999962,0,0,0,1,0,0,0,0,0,0,0,0
473,19,0,0,0,0,1,0.920000017,1.089999914,1.209999919,1.089999914,0,0,0,0,0,0,0,0,0,0,0,0
474,19,0,0,0,0,1,0.859999955,0.889999986,1.209999919,0.99000001,0,0,0,0,0,1,0,0,0,0,0,0
475,19,0,0,0,0,1,0.859999955,0.889999986,1.209999919,0.99000001,0,0,0,0,0,0,0,1,0,0,0,0
476,19,0,0,0,0,1,0.959999979,1.089999914,1.139999986,1.289999962,0,1,1,1,0,0,0,0,0,0,0,0
477,19,0,0,0,0,1,0.649999976,1.049999952,1.169999957,0.99000001,1,0,0,1,0,0,0,0,0,0,0,0
478,19,0,0,0,0,1,0.819999933,0.949999988,1.209999919,0.99000001,0,0,0,0,0,0,0,0,0,0,0,0
479,19,0,0,0,0,1,0.789999962,1.089999914,1.089999914,1.289999962,0,0,0,0,0,0,0,0,0,0,0,0
480,19,0,0,0,0,1,0.720000029,1.089999914,1.039999962,0.99000001,0,0,0,0,0,0,0,0,0,0,0,0
481,19,1,0,0,0,1,0.959999979,1.289999962,1.039999962,1.289999962,0,0,0,0,0,0,0,0,0,0,0,0
482,20,0,1,0,0,0,0.5,0.889999986,0.99000001,0.889999986,0,0,0,0,0,0,0,0,0,0,0,0
483,20,0,1,0,0,0,0.5,0.889999986,0.99000001,0.889999986,0,0,0,1,0,0,0,0,1,0,0,0
484,20,0,1,0,0,0,0.549999952,0.99000001,1.089999914,0.949999988,0,0,0,0,0,0,0,0,0,0,0,0
485,20,0,1,0,0,0,0.649999976,0.889999986,0.99000001,1.049999952,0,0,0,0,0,0,0,0,0,0,0,0
486,20,0,1,0,0,0,0.649999976,0.789999962,1.019999981,1.049999952,0,0,0,0,0,0,0,0,0,0,0,0
487,20,0,0,0,0,1,0.49000001,0.889999986,1.019999981,1.049999952,0,0,0,0,0,0,0,0,1,0,0,0
488,20,0,0,0,0,1,0.49000001,0.889999986,1.019999981,1.049999952,0,0,0,0,0,0,0,0,1,0,0,0
489,20,0,1,0,0,0,0.649999976,0.889999986,0.99000001,1.149999976,0,1,0,0,0,0,0,0,0,0,1,0
490,20,0,1,0,0,0,0.5,0.889999986,1.149999976,0.99000001,0,1,1,0,1,0,0,0,0,0,0,0
491,20,0,1,0,0,0,0.49000001,0.970000029,1.089999914,1.149999976,0,0,0,1,0,0,0,0,0,0,0,0
492,20,0,0,0,0,1,0.599999964,0.879999995,0.99000001,1.149999976,0,0,0,0,0,0,0,0,0,0,0,0
493,20,0,1,0,0,0,0.589999914,0.970000029,1.149999976,1.089999914,0,0,0,0,0,0,0,1,1,0,0,0
494,20,0,1,0,0,0,0.579999924,0.879999995,0.980000019,1.079999924,0,0,0,1,0,0,0,0,0,0,1,0
495,20,0,0,0,0,1,0.599999964,0.970000029,1.25,1.25,0,0,0,0,0,0,0,0,0,0,0,0
496,20,0,1,0,0,0,0.579999924,0.930000007,1.129999995,1.079999924,0,0,1,0,0,0,0,0,0,0,0,0
497,20,0,1,0,0,0,0.579999924,0.930000007,1.190000057,0.980000019,0,0,0,0,0,0,0,0,0,0,0,0
498,20,0,1,0,0,0,0.579999924,0.930000007,1.119999886,0.980000019,0,0,0,0,0,0,0,0,0,0,0,0
499,20,0,1,0,0,0,0.649999976,1.049999952,1.289999962,0.99000001,0,0,0,1,0,0,0,0,0,0,0,0
500,20,1,1,0,0,0,0.579999924,1.23999989,1.049999952,0.980000019,1,0,0,0,0,0,0,0,0,0,0,0
501,21,0,0,0,0,1,0.709999979,0.980000019,0.879999995,1.199999928,0,0,0,0,0,0,0,0,0,0,0,0
502,21,0,0,0,0,1,0.709999979,0.689999998,1.089999914,1.089999914,0,1,0,1,0,0,0,0,0,0,0,0
503,21,0,0,0,0,1,0.709999979,0.980000019,0.99000001,1.089999914,0,1,0,1,0,0,0,0,0,0,0,0
504,21,0,0,0,0,1,0.709999979,0.99000001,1.089999914,1.089999914,0,0,0,1,0,0,0,0,0,0,0,0
505,21,0,0,0,0,1,0.709999979,0.99000001,0.99000001,1.089999914,0,0,0,1,0,0,0,0,0,0,0,0
506,21,0,0,0,0,1,0.709999979,0.99000001,1.089999914,0.99000001,0,0,0,1,0,0,0,0,0,0,0,0
507,21,0,0,0,0,1,0.779999912,0.789999962,1.089999914,1.089999914,0,1,0,0,0,0,0,0,0,0,0,0
508,21,0,0,0,0,1,0.779999912,0.49000001,1.089999914,1.089999914,0,1,0,0,0,0,0,0,0,0,0,0
509,21,0,0,0,0,1,0.779999912,1.029999971,1.089999914,0.889999986,0,0,0,0,0,0,0,0,0,0,0,0
510,21,0,0,0,0,1,0.779999912,0.99000001,1.049999952,1.089999914,0,1,0,0,0,0,0,0,0,0,0,0
511,21,0,0,0,0,1,0.779999912,0.789999962,1.089999914,0.889999986,0,1,0,0,0,0,0,0,0,0,0,0
512,21,0,0,0,0,1,0.639999986,1.029999971,1.089999914,1.190000057,0,0,0,0,0,0,0,0,0,0,0,0
513,21,0,0,0,0,1,0.639999986,1.089999914,1.089999914,1.190000057,0,0,0,0,0,0,0,0,0,0,0,0
514,21,0,0,0,0,1,0.779999912,1.089999914,1.089999914,1.190000057,0,0,0,0,0,0,0,0,0,0,0,0
515,21,0,0,0,0,1,0.709999979,1.089999914,1.190000057,0.99000001,0,0,0,0,0,0,0,0,0,0,0,0
516,21,0,0,0,0,1,0.709999979,1.089999914,1.190000057,0.99000001,0,0,0,0,0,0,0,0,0,0,0,0
517,21,0,0,0,0,1,0.839999914,0.889999986,1.089999914,1.190000057,0,0,0,0,0,0,0,0,0,0,0,0
518,21,0,0,0,0,1,0.779999912,1.089999914,1.190000057,0.99000001,0,0,0,1,0,0,0,0,0,0,0,0
519,21,0,0,0,0,1,0.779999912,1.089999914,1.089999914,1.289999962,0,0,0,0,0,0,0,0,0,0,0,0
520,21,0,0,0,0,1,0.639999986,0.789999962,1.209999919,1.190000057,1,1,0,0,0,0,0,0,0,0,0,0
521,21,0,0,0,1,0,0.779999912,1.089999914,1.190000057,1.289999962,1,0,0,0,0,0,0,0,0,0,0,0
522,21,0,0,0,0,1,0.779999912,0.789999962,1.209999919,1.089999914,0,0,0,1,0,0,0,0,0,1,0,0
523,21,0,0,0,0,1,0.779999912,0.789999962,1.209999919,1.089999914,0,1,0,1,0,0,0,0,0,0,0,0
524,21,0,0,0,0,1,0.789999962,1.089999914,1.209999919,1.289999962,0,0,0,1,0,0,0,0,0,0,0,0
525,21,0,0,0,0,1,0.789999962,0.980000019,1.129999995,1.089999914,0,0,0,0,0,0,0,0,0,0,0,0
526,21,1,0,0,0,1,0.859999955,1.089999914,1.209999919,0.99000001,0,0,0,0,0,0,0,0,0,0,0,0
527,22,0,0,0,0,1,0.49000001,0.889999986,1.019999981,0.889999986,0,0,0,0,0,0,0,0,0,0,0,0
528,22,0,0,0,0,1,0.649999976,0.889999986,1.019999981,0.889999986,0,0,0,1,0,0,0,0,0,0,0,0
529,22,0,0,0,0,1,0.5,0.889999986,1.070000052,1.149999976,0,0,0,0,0,0,0,0,1,0,0,0
530,22,0,0,0,0,1,0.5,0.889999986,1.149999976,0.99000001,0,0,1,0,1,0,0,0,0,0,0,0
531,22,0,0,0,0,1,0.649999976,0.970000029,1.089999914,1.149999976,0,0,0,0,0,0,0,0,0,0,1,0
532,22,0,0,0,0,1,0.649999976,0.879999995,1.149999976,0.99000001,0,0,0,1,0,0,0,0,0,0,0,0
533,22,0,0,0,0,1,0.649999976,0.879999995,0.99000001,1.25,0,0,0,0,0,0,0,0,0,0,0,0
534,22,0,0,0,0,1,0.599999964,0.970000029,0.99000001,1.25,0,0,0,0,0,0,0,0,0,0,1,0
535,22,0,0,0,0,1,0.649999976,0.879999995,1.25,1.089999914,0,0,0,1,0,0,0,0,0,0,0,0
536,22,0,0,0,0,1,0.649999976,0.970000029,1.25,1.089999914,0,0,0,0,0,0,0,1,0,0,0,0
537,22,0,0,0,0,1,0.519999921,0.970000029,1.089999914,1.089999914,0,0,1,1,0,0,0,0,1,0,0,0
538,22,0,0,0,0,1,0.649999976,1.049999952,1.25,0.99000001,1,0,0,1,0,0,0,0,0,0,0,0
539,22,0,0,0,0,1,0.649999976,1.049999952,1.169999957,1.289999962,0,0,1,0,0,0,0,0,0,0,0,0
540,22,0,0,0,0,1,0.589999914,1.049999952,1.169999957,1.289999962,1,0,0,1,0,0,0,0,0,0,0,0
541,22,0,0,0,0,1,0.589999914,1.049999952,1.289999962,0.99000001,0,0,0,1,0,0,0,0,0,0,0,0
542,22,1,0,0,0,1,0.649999976,1.049999952,0.99000001,0.99000001,0,0,0,1,0,0,0,0,0,0,0,0
543,23,0,1,0,0,0,0.549999952,0.99000001,1.089999914,0.949999988,0,0,0,0,0,0,0,0,0,0,0,0
544,23,0,1,0,0,0,0.549999952,0.789999962,1.089999914,1.089999914,0,0,0,0,0,0,0,0,0,0,0,0
545,23,0,1,0,0,0,0.549999952,0.789999962,1.049999952,1.089999914,0,0,0,0,0,0,0,0,0,0,0,0
546,23,0,1,0,0,0,0.549999952,1.029999971,1.089999914,1.190000057,0,0,0,0,0,0,0,0,0,0,0,0
547,23,0,1,0,0,0,0.549999952,1.089999914,1.089999914,1.190000057,0,0,0,0,0,0,0,0,0,0,0,0
548,23,0,1,0,0,0,0.549999952,1.089999914,1.089999914,1.190000057,0,0,0,0,0,0,0,0,0,0,0,0
549,23,0,1,0,0,0,0.549999952,0.99000001,1.190000057,0.99000001,0,0,0,0,0,0,0,0,0,0,0,0
550,23,0,1,0,0,0,0.549999952,1.089999914,1.190000057,0.99000001,0,0,0,0,0,0,0,0,0,0,0,0
551,23,0,1,0,0,0,0.549999952,0.980000019,1.190000057,0.99000001,0,0,0,0,0,0,0,0,0,0,0,0
552,23,0,1,0,0,0,0.549999952,0.980000019,1.089999914,1.289999962,0,0,0,0,0,0,0,0,0,0,0,0
553,23,0,1,0,0,0,0.549999952,0.980000019,1.209999919,1.190000057,0,0,0,0,0,0,0,1,0,0,0,0
554,23,0,1,0,0,0,0.549999952,0.980000019,1.209999919,1.190000057,0,0,0,0,0,0,0,0,0,0,0,0
555,23,0,1,0,0,0,0.549999952,0.980000019,1.190000057,1.289999962,0,0,0,0,0,0,0,0,0,0,0,0
556,23,0,1,0,0,0,0.549999952,0.789999962,1.209999919,1.089999914,0,0,0,0,0,0,0,0,0,0,0,0
557,23,0,1,0,0,0,0.549999952,0.789999962,1.209999919,1.089999914,0,0,0,0,0,0,0,0,0,0,0,0
558,23,0,1,0,0,0,0.589999914,0.789999962,1.209999919,1.089999914,0,1,0,1,0,0,0,0,0,0,0,0
559,23,0,1,0,0,0,0.589999914,1.089999914,1.209999919,1.289999962,0,0,0,1,0,0,0,0,0,0,0,0
560,23,0,1,0,0,0,0.589999914,1.089999914,1.209999919,1.289999962,0,0,0,0,0,0,0,0,0,0,0,0
561,23,0,1,0,0,0,0.589999914,1.089999914,1.089999914,1.089999914,0,0,0,1,0,0,0,0,0,0,0,0
562,23,0,0,0,0,1,0.959999979,0.980000019,1.089999914,1.089999914,1,0,0,1,0,0,0,0,0,0,0,0
563,23,0,1,0,0,0,0.589999914,1.089999914,1.209999919,1.289999962,0,0,0,1,0,0,0,0,0,0,0,0
564,23,0,1,0,0,0,0.589999914,1.089999914,1.209999919,1.289999962,0,0,0,1,0,0,0,0,0,0,0,0
565,23,0,1,0,0,0,0.589999914,1.089999914,1.209999919,1.089999914,0,0,0,0,0,0,0,0,0,0,0,0
566,23,0,1,0,0,0,0.589999914,1.089999914,1.169999957,1.289999962,0,0,0,0,0,0,0,0,0,0,0,0
567,23,1,1,0,0,0,0.589999914,1.089999914,1.039999962,0.99000001,0,0,0,0,0,0,0,0,0,0,0,0
568,24,0,1,0,0,0,0.649999976,0.889999986,0.99000001,0.889999986,0,0,0,0,0,0,0,0,0,0,0,0
569,24,0,1,0,0,0,0.689999998,0.889999986,0.99000001,1.00999999,0,0,0,1,0,1,0,0,0,0,0,0
570,24,0,1,0,0,0,0.889999986,1.089999914,1.089999914,1.190000057,0,0,0,0,0,0,0,0,0,0,0,0
571,24,0,1,0,0,0,0.49000001,0.789999962,1.25,1.059999824,0,1,0,1,1,0,0,0,0,0,0,0
572,24,0,1,0,0,0,0.689999998,0.789999962,1.25,0.99000001,1,1,0,0,0,0,0,0,0,0,0,0
573,24,0,1,0,0,0,0.689999998,0.980000019,1.089999914,1.289999962,0,0,0,0,0,0,0,0,0,0,0,0
574,24,0,1,0,0,0,0.649999976,0.779999912,1.349999905,1.089999914,1,0,0,1,0,0,0,0,0,0,0,0
575,24,0,1,0,0,0,0.889999986,0.980000019,1.190000057,1.289999962,0,0,0,0,0,0,0,0,0,0,0,0
576,24,0,1,0,0,0,0.889999986,0.789999962,1.209999919,1.089999914,0,0,0,0,0,1,0,0,0,0,0,0
577,24,0,1,0,0,0,0.649999976,0.970000029,1.25,1.25,0,0,0,0,0,0,0,0,0,0,0,0
578,24,0,1,0,0,0,0.889999986,1.190000057,1.349999905,1.089999914,0,0,0,0,0,0,0,0,0,0,0,0
579,24,0,1,0,0,0,0.889999986,1.190000057,1.289999962,1.289999962,0,0,0,0,0,0,0,0,0,0,0,0
580,24,0,1,0,0,0,0.589999914,1.049999952,1.25,0.99000001,0,0,0,1,0,0,0,0,0,0,0,0
581,24,0,1,0,0,0,0.889999986,0.889999986,1.349999905,1.039999962,0,0,0,0,0,0,0,0,0,0,0,0
582,24,1,1,0,0,0,0.589999914,1.049999952,1.289999962,0.99000001,0,0,0,1,0,0,0,0,0,0,0,0
583,25,0,0,0,0,1,0.649999976,0.889999986,0.99000001,0.889999986,0,0,0,0,0,0,0,0,0,0,0,0
584,25,0,0,1,0,0,0.779999912,0.49000001,1.089999914,1.089999914,0,0,0,0,0,0,0,0,0,1,0,0
585,25,0,0,1,0,0,0.649999976,0.889999986,1.049999952,0.889999986,0,0,0,0,0,0,0,0,0,0,0,0
586,25,0,0,1,0,0,0.649999976,0.889999986,1.019999981,1.049999952,0,0,0,1,0,0,0,0,0,0,0,0
587,25,0,0,1,0,0,0.5,0.889999986,1.070000052,1.149999976,0,0,0,0,0,0,0,0,1,0,0,0
588,25,0,0,1,0,0,0.649999976,0.889999986,0.99000001,1.149999976,0,0,0,0,0,0,0,0,0,0,1,0
589,25,0,0,1,0,0,0.689999998,0.49000001,1.25,1.059999824,0,0,0,0,0,0,0,0,0,1,0,0
590,25,0,0,1,0,0,0.649999976,0.789999962,0.99000001,1.149999976,0,0,0,0,0,0,0,0,0,1,1,0
591,25,0,0,1,0,0,0.649999976,0.789999962,1.149999976,0.99000001,0,0,0,1,0,0,0,0,0,0,0,0
592,25,0,1,0,0,0,0.689999998,0.789999962,1.209999919,1.190000057,0,0,0,0,0,0,0,0,0,0,0,0
593,25,0,0,1,0,0,0.649999976,0.789999962,1.349999905,1.289999962,0,0,0,0,0,0,0,0,0,1,0,0
594,25,0,0,1,0,0,0.779999912,0.789999962,1.209999919,1.089999914,0,1,0,1,0,0,0,0,0,0,0,0
595,25,0,1,0,0,0,0.99000001,1.089999914,1.209999919,1.289999962,0,0,0,1,0,0,0,0,0,0,0,0
596,25,0,0,1,0,0,0.819999933,0.949999988,1.209999919,0.99000001,0,0,0,1,0,0,0,0,0,0,0,0
597,25,0,0,0,0,1,0.680000007,1.190000057,1.25,0.889999986,0,0,0,1,0,0,0,0,0,0,0,0
598,25,1,1,0,0,0,0.649999976,1.049999952,0.99000001,0.99000001,0,0,0,1,0,0,0,0,0,0,0,0
599,26,0,1,0,0,0,0.549999952,0.689999998,0.879999995,0.889999986,0,0,0,0,0,0,0,0,0,0,0,0
600,26,0,1,0,0,0,0.549999952,0.99000001,0.99000001,1.089999914,0,0,0,1,0,0,0,0,0,0,0,0
601,26,0,1,0,0,0,0.549999952,0.99000001,1.089999914,0.99000001,0,0,0,1,0,0,0,0,0,0,0,0
602,26,0,1,0,0,0,0.549999952,0.789999962,1.089999914,1.089999914,0,1,0,0,0,0,0,0,0,0,0,0
603,26,0,0,1,0,0,0.779999912,0.49000001,1.089999914,1.089999914,0,1,0,0,0,0,0,0,0,0,0,0
604,26,0,1,0,0,0,0.549999952,0.589999914,1.089999914,0.889999986,0,1,0,0,0,0,0,0,0,0,0,0
605,26,0,1,0,0,0,0.549999952,0.789999962,1.089999914,0.889999986,0,1,0,0,0,0,0,0,0,0,0,0
606,26,0,1,0,0,0,0.549999952,0.789999962,1.049999952,1.089999914,0,1,0,0,0,0,0,0,0,0,0,0
607,26,0,1,0,0,0,0.549999952,1.029999971,1.089999914,0.889999986,0,0,0,0,0,0,0,0,0,0,0,0
608,26,0,1,0,0,0,0.549999952,1.029999971,1.089999914,0.889999986,0,0,0,0,0,0,0,0,0,0,0,0
609,26,0,1,0,0,0,0.549999952,1.089999914,1.089999914,1.190000057,0,0,0,0,0,0,0,0,0,0,0,0
610,26,0,1,0,0,0,0.549999952,0.889999986,1.089999914,1.190000057,0,0,0,0,0,0,0,0,0,0,0,0
611,26,0,1,0,0,0,0.549999952,0.889999986,1.089999914,1.190000057,0,0,0,0,0,0,0,0,0,0,0,0
612,26,0,1,0,0,0,0.549999952,0.889999986,1.089999914,1.190000057,0,0,0,0,0,0,0,0,0,0,0,0
613,26,0,1,0,0,0,0.549999952,1.089999914,1.190000057,0.99000001,0,0,0,1,0,0,0,0,0,0,0,0
614,26,0,1,0,0,0,0.549999952,1.089999914,1.089999914,1.289999962,0,0,0,1,0,0,0,0,0,0,0,0
615,26,0,1,0,0,0,0.549999952,1.089999914,1.089999914,1.289999962,0,0,0,0,0,0,0,0,0,0,0,0
616,26,0,1,0,0,0,0.549999952,1.089999914,1.209999919,1.190000057,0,0,0,0,0,0,0,1,0,0,0,0
617,26,0,1,0,0,0,0.549999952,0.789999962,1.209999919,1.190000057,0,1,0,0,0,0,0,0,0,0,0,0
618,26,0,1,0,0,0,0.549999952,0.789999962,1.209999919,1.190000057,0,0,0,0,0,0,0,0,0,0,0,0
619,26,0,1,0,0,0,0.889999986,0.789999962,1.190000057,1.289999962,1,1,0,0,0,0,0,0,0,0,0,0
620,26,0,1,0,0,0,0.549999952,0.789999962,1.209999919,1.089999914,0,0,0,1,0,0,0,0,0,1,0,0
621,26,0,1,0,0,0,0.589999914,1.089999914,1.209999919,1.089999914,0,0,0,1,0,0,0,0,0,0,0,0
622,26,0,1,0,0,0,0.589999914,1.089999914,1.209999919,1.089999914,0,0,0,0,0,0,0,0,0,0,0,0
623,26,0,1,0,0,0,0.589999914,1.089999914,1.209999919,1.089999914,0,0,0,0,0,0,0,0,0,0,0,0
624,26,0,1,0,0,0,0.589999914,0.889999986,1.209999919,0.99000001,0,0,0,0,0,0,0,1,0,0,0,0
625,26,0,1,0,0,0,0.589999914,1.089999914,1.039999962,1.289999962,0,0,1,0,0,0,0,0,0,0,0,0
626,26,0,1,0,0,0,0.589999914,0.949999988,1.209999919,0.99000001,0,0,0,1,0,0,0,0,0,0,0,0
627,26,0,1,0,0,0,0.589999914,0.949999988,1.209999919,0.99000001,0,0,0,1,0,0,0,0,0,0,0,0
628,26,0,1,0,0,0,0.589999914,1.089999914,1.089999914,1.289999962,0,0,0,0,0,0,0,0,0,0,0,0
629,26,0,1,0,0,0,0.589999914,1.089999914,1.209999919,1.289999962,0,0,0,0,0,0,0,0,0,0,0,0
630,26,0,0,0,0,1,0.680000007,0.959999979,1.389999986,1.089999914,0,0,0,0,0,0,0,0,0,0,0,0
631,26,1,1,0,0,0,0.589999914,1.289999962,1.039999962,1.289999962,0,0,0,1,0,0,0,0,0,0,0,0
632,27,0,0,1,0,0,0.649999976,0.589999914,0.99000001,0.889999986,0,0,0,0,0,0,0,0,0,0,0,0
633,27,0,1,0,0,0,0.649999976,0.889999986,0.889999986,1.049999952,0,0,1,0,0,0,0,0,0,0,0,0
634,27,0,1,0,0,0,0.5,0.889999986,0.99000001,0.889999986,0,0,0,0,0,0,0,0,1,0,0,0
635,27,0,1,0,0,0,0.649999976,0.889999986,1.049999952,1.049999952,0,0,0,0,0,0,0,0,0,0,0,0
636,27,0,1,0,0,0,0.649999976,0.889999986,1.019999981,1.049999952,0,0,0,1,0,0,0,0,0,0,0,0
637,27,0,1,0,0,0,0.5,0.889999986,1.019999981,1.049999952,0,0,0,0,0,0,0,0,1,0,0,0
638,27,0,1,0,0,0,0.5,0.889999986,1.070000052,1.149999976,0,0,0,0,0,0,0,0,1,0,0,0
639,27,0,1,0,0,0,0.649999976,0.889999986,0.99000001,1.149999976,0,0,1,0,0,0,0,0,0,0,0,0
640,27,0,1,0,0,0,0.589999914,0.879999995,1.149999976,1.25,0,0,0,0,0,0,0,0,1,0,0,0
641,27,0,1,0,0,0,0.649999976,0.879999995,1.25,1.25,1,0,0,0,0,0,0,0,0,0,0,0
642,27,0,1,0,0,0,0.649999976,0.970000029,1.25,1.089999914,0,0,0,0,0,0,0,0,0,0,0,1
643,27,0,1,0,0,0,0.649999976,0.970000029,1.169999957,1.089999914,0,0,0,0,0,0,0,0,0,0,0,1
644,27,0,1,0,0,0,0.649999976,1.049999952,1.25,0.99000001,0,0,0,0,0,0,0,0,0,0,0,1
645,27,0,1,0,0,0,0.649999976,1.049999952,1.25,0.99000001,1,0,0,1,0,0,0,0,0,0,0,0
646,27,0,1,0,0,0,0.649999976,1.049999952,1.169999957,1.289999962,1,0,0,1,0,0,0,0,0,0,0,0
647,27,0,1,0,0,0,0.649999976,1.049999952,1.169999957,0.99000001,0,0,0,1,0,0,0,0,0,0,0,0
648,27,1,1,0,0,0,0.649999976,1.049999952,0.99000001,1.289999962,0,0,0,0,0,0,0,0,0,0,0,0
649,28,0,0,0,0,1,0.649999976,0.889999986,0.99000001,0.889999986,0,0,0,0,0,0,0,0,0,0,0,0
650,28,0,0,0,0,1,0.649999976,0.889999986,0.99000001,0.889999986,0,0,0,0,0,0,0,0,0,0,0,0
651,28,0,0,0,0,1,0.649999976,0.889999986,0.99000001,1.049999952,0,0,0,0,0,0,0,0,0,0,0,0
652,28,0,0,0,0,1,0.649999976,0.789999962,1.049999952,0.889999986,0,0,0,0,0,0,0,0,0,0,0,1
653,28,0,0,0,0,1,0.649999976,0.889999986,1.019999981,1.049999952,0,0,0,0,0,0,0,0,0,0,0,0
654,28,0,0,0,0,1,0.649999976,0.789999962,1.019999981,0.889999986,0,0,0,0,0,0,0,0,0,1,0,1
655,28,0,0,0,0,1,0.649999976,0.889999986,1.019999981,0.889999986,0,0,0,1,0,0,0,0,0,0,0,0
656,28,0,0,0,0,1,0.5,0.889999986,1.070000052,1.149999976,0,0,0,0,0,0,0,0,1,0,0,0
657,28,0,0,0,0,1,0.649999976,0.889999986,0.99000001,1.149999976,0,1,0,0,0,0,0,0,0,0,1,0
658,28,0,0,0,0,1,0.599999964,0.889999986,0.99000001,1.149999976,0,1,1,0,0,0,0,0,0,0,0,0
659,28,0,0,0,0,1,0.599999964,0.889999986,1.149999976,0.99000001,0,1,0,0,0,0,0,0,0,0,0,0
660,28,0,0,0,0,1,0.599999964,0.889999986,1.149999976,0.99000001,0,0,0,1,0,0,0,0,0,0,0,0
661,28,0,0,0,0,1,0.599999964,0.970000029,1.149999976,0.99000001,0,0,0,1,0,0,0,0,0,0,0,0
662,28,0,0,0,0,1,0.599999964,0.970000029,1.149999976,0.74000001,0,0,0,0,0,0,0,0,0,0,0,0
663,28,0,0,0,0,1,0.599999964,0.970000029,1.149999976,1.25,0,0,0,0,0,0,0,0,0,0,0,0
664,28,0,0,0,0,1,0.609999955,0.970000029,1.25,1.089999914,0,0,0,0,0,0,0,0,0,0,0,0
665,28,0,0,0,0,1,0.599999964,0.970000029,0.99000001,1.25,0,0,1,0,0,0,0,0,0,0,0,0
666,28,0,0,0,0,1,0.599999964,0.970000029,0.99000001,1.25,0,0,0,0,0,0,0,0,0,0,1,0
667,28,0,0,0,0,1,0.599999964,0.970000029,1.25,1.25,0,0,0,0,0,0,0,0,0,0,0,0
668,28,0,0,0,0,1,0.599999964,0.970000029,1.25,1.25,0,0,0,0,0,0,0,0,0,0,0,0
669,28,0,0,0,0,1,0.599999964,0.970000029,1.25,1.25,0,0,0,0,0,0,0,0,0,0,0,0
670,28,0,0,0,0,1,0.599999964,0.970000029,1.089999914,1.089999914,0,0,0,0,0,0,0,1,0,0,0,0
671,28,0,0,0,0,1,0.599999964,0.970000029,1.089999914,1.089999914,0,0,0,0,0,0,0,0,0,0,0,0
672,28,0,0,0,0,1,0.930000007,1.089999914,1.209999919,1.289999962,0,0,0,1,0,0,0,0,0,0,0,0
673,28,0,0,0,0,1,0.839999914,1.089999914,1.209999919,0.99000001,0,0,0,1,0,0,0,0,0,0,0,0
674,28,0,0,0,0,1,0.959999979,0.889999986,1.089999914,1.289999962,0,0,0,1,0,0,0,0,0,0,1,0
675,28,0,0,0,0,1,0.959999979,1.089999914,1.089999914,1.289999962,0,0,1,1,0,0,0,0,0,0,0,0
676,28,0,0,0,0,1,0.959999979,1.089999914,1.089999914,1.289999962,0,0,1,1,0,0,0,0,0,0,0,0
677,28,0,0,0,0,1,0.680000007,1.190000057,1.25,0.889999986,0,0,0,1,0,0,0,0,0,0,0,0
678,28,0,0,0,0,1,0.959999979,1.289999962,1.039999962,1.289999962,1,0,0,0,0,0,0,0,0,0,0,0
679,28,1,0,0,0,1,0.680000007,1.089999914,1.25,1.289999962,0,0,0,0,0,0,0,0,0,0,0,0
680,29,0,0,0,0,1,0.709999979,0.980000019,0.879999995,1.199999928,0,0,0,0,0,0,0,0,0,0,0,0
681,29,0,0,0,0,1,0.709999979,0.689999998,1.089999914,1.089999914,0,1,0,1,0,0,0,0,0,0,0,0
682,29,0,0,0,0,1,0.709999979,0.99000001,0.99000001,0.99000001,0,0,0,1,0,0,0,0,0,0,0,0
683,29,0,0,0,0,1,0.779999912,0.589999914,1.089999914,0.889999986,0,1,0,0,0,0,0,0,0,0,0,0
684,29,0,0,0,0,1,0.779999912,1.029999971,1.089999914,0.889999986,0,0,0,0,0,0,0,0,0,0,0,0
685,29,0,0,0,0,1,0.680000007,0.959999979,1.190000057,1.190000057,0,0,0,0,0,0,0,0,0,0,0,0
686,29,0,0,0,0,1,0.779999912,0.889999986,1.190000057,0.99000001,0,0,0,0,0,0,0,0,0,0,0,0
687,29,0,0,0,0,1,0.649999976,0.879999995,1.149999976,1.25,0,0,0,1,0,0,0,0,0,0,0,0
688,29,0,0,0,0,1,0.639999986,0.789999962,1.209999919,1.190000057,0,0,0,0,0,0,0,0,0,0,0,0
689,29,0,0,0,0,1,0.779999912,0.789999962,1.209999919,1.089999914,0,0,0,1,0,0,0,0,0,1,0,0
690,29,0,0,0,0,1,0.959999979,1.089999914,1.089999914,1.089999914,0,0,0,1,0,0,0,0,0,0,0,0
691,29,0,0,0,0,1,0.789999962,0.980000019,1.129999995,1.089999914,0,0,0,0,0,0,0,0,0,0,0,0
692,29,0,0,0,0,1,0.930000007,1.089999914,1.209999919,1.289999962,0,0,0,1,0,0,0,0,0,0,0,0
693,29,0,0,0,0,1,0.819999933,0.949999988,1.209999919,0.99000001,0,0,0,1,0,0,0,0,0,0,0,0
694,29,1,0,0,0,1,0.789999962,1.089999914,1.089999914,1.289999962,0,0,0,0,0,0,0,0,0,0,0,0
695,30,0,0,0,0,1,0.709999979,0.689999998,0.879999995,1.089999914,0,0,0,0,0,0,0,0,0,0,0,0
696,30,0,0,0,0,1,0.680000007,0.959999979,1.190000057,0.789999962,0,0,0,0,0,0,0,0,0,0,0,0
697,30,0,0,1,0,0,0.779999912,0.49000001,1.089999914,1.089999914,0,1,0,0,0,0,0,0,0,0,0,0
698,30,0,0,0,0,1,0.779999912,1.029999971,1.089999914,0.889999986,0,0,0,0,0,0,0,0,0,0,0,0
699,30,0,0,0,0,1,0.779999912,1.029999971,1.089999914,0.889999986,0,0,0,0,0,0,0,0,0,0,0,0
700,30,0,0,0,0,1,0.709999979,0.99000001,1.190000057,0.99000001,0,0,0,0,0,0,0,0,0,0,0,0
701,30,0,0,0,0,1,0.709999979,1.089999914,1.190000057,0.99000001,0,0,0,0,0,0,0,0,0,0,0,0
702,30,0,0,0,0,1,0.680000007,0.959999979,1.289999962,1.049999952,0,0,0,0,0,0,0,0,0,0,0,0
703,30,0,0,0,0,1,0.779999912,0.980000019,1.089999914,1.289999962,0,0,0,0,0,0,0,0,0,0,0,0
704,30,0,0,1,0,0,0.579999924,0.879999995,1.089999914,1.049999952,0,1,0,0,0,0,0,0,0,0,0,0
705,30,0,1,0,0,0,0.889999986,0.980000019,1.190000057,1.289999962,0,0,0,0,0,0,0,0,0,0,0,0
706,30,0,1,0,0,0,0.889999986,0.980000019,1.190000057,1.289999962,0,0,0,1,0,0,0,0,0,0,0,0
707,30,0,0,0,0,1,0.779999912,0.980000019,1.190000057,1.289999962,0,0,0,0,0,0,0,0,0,0,0,0
708,30,0,0,0,0,1,0.789999962,1.089999914,1.209999919,1.289999962,0,0,0,1,0,0,0,0,0,0,0,0
709,30,0,0,0,0,1,0.859999955,1.089999914,1.209999919,1.089999914,0,0,0,0,0,0,0,0,0,0,0,0
710,30,0,0,0,0,1,0.839999914,1.089999914,1.209999919,1.089999914,0,0,0,0,0,0,0,0,0,0,0,0
711,30,0,0,0,0,1,0.859999955,0.889999986,1.209999919,0.99000001,0,0,0,0,0,0,0,0,0,0,0,1
712,30,0,0,0,0,1,0.819999933,1.089999914,1.209999919,0.99000001,0,0,1,0,0,0,0,0,0,0,0,0
713,30,1,0,0,0,1,0.789999962,1.089999914,1.159999967,1.289999962,0,0,0,0,0,0,0,0,0,0,0,0
714,31,0,0,0,0,1,0.649999976,0.889999986,0.99000001,0.889999986,0,0,0,0,0,0,0,0,0,0,0,0
715,31,0,0,0,0,1,0.649999976,0.889999986,0.99000001,0.889999986,0,0,0,0,0,0,0,0,0,0,0,1
716,31,0,1,0,0,0,0.649999976,0.889999986,0.99000001,1.049999952,0,0,0,0,0,0,0,0,0,0,0,0
717,31,0,1,0,0,0,0.889999986,0.789999962,1.089999914,1.089999914,0,0,0,0,0,0,0,0,0,0,0,0
718,31,0,1,0,0,0,0.889999986,1.029999971,1.089999914,0.889999986,0,0,0,0,0,0,0,0,0,0,0,0
719,31,0,1,0,0,0,0.889999986,1.029999971,1.089999914,0.889999986,0,0,0,0,0,0,0,0,0,0,0,0
720,31,0,1,0,0,0,0.649999976,0.789999962,1.019999981,1.049999952,0,0,0,0,0,0,0,0,0,0,0,0
721,31,0,1,0,0,0,0.889999986,0.789999962,1.049999952,1.089999914,0,0,0,0,0,0,0,0,0,0,0,0
722,31,0,0,0,0,1,0.680000007,0.99000001,1.079999924,0.889999986,0,0,0,0,0,0,0,1,0,0,0,0
723,31,0,1,0,0,0,0.689999998,1.029999971,1.089999914,1.190000057,0,0,0,0,0,0,0,0,0,0,0,0
724,31,0,1,0,0,0,0.889999986,1.089999914,1.089999914,1.190000057,0,0,0,0,0,0,0,0,0,0,0,0
725,31,0,1,0,0,0,0.889999986,0.980000019,1.089999914,1.289999962,0,0,0,0,0,0,0,0,0,0,0,0
726,31,0,1,0,0,0,0.689999998,0.980000019,1.209999919,1.190000057,1,0,0,1,0,0,0,0,0,0,0,0
727,31,0,1,0,0,0,0.649999976,0.970000029,1.25,1.089999914,0,0,0,0,0,0,0,1,0,0,0,0
728,31,0,1,0,0,0,0.889999986,1.089999914,1.209999919,1.289999962,0,0,0,1,0,0,0,0,0,0,0,0
729,31,0,1,0,0,0,0.730000019,1.089999914,1.349999905,1.289999962,0,0,0,0,0,0,0,0,0,0,0,0
730,31,0,1,0,0,0,0.649999976,1.049999952,1.25,0.99000001,0,0,0,0,0,0,0,0,0,0,0,1
731,31,0,1,0,0,0,1.149999976,0.889999986,1.089999914,1.289999962,0,0,0,1,0,0,0,0,0,0,1,0
732,31,0,0,0,0,1,0.609999955,1.049999952,1.25,0.99000001,1,0,0,0,0,0,0,0,0,0,0,0
733,31,0,0,0,0,1,0.889999986,1.190000057,1.199999928,1.089999914,0,0,0,0,0,0,0,0,0,0,0,0
734,31,1,0,0,0,1,0.680000007,1.190000057,1.25,0.889999986,0,0,0,1,0,0,0,0,0,0,0,0
735,32,0,0,0,0,1,0.529999912,0.889999986,0.99000001,0.889999986,0,0,0,0,0,0,0,0,0,0,0,0
736,32,0,0,0,0,1,0.609999955,0.889999986,0.99000001,0.889999986,0,0,1,1,0,0,0,0,0,0,0,0
737,32,0,0,0,0,1,0.609999955,0.689999998,1.089999914,0.789999962,0,0,0,1,0,1,0,0,0,0,0,0
738,32,0,0,0,0,1,0.619999945,0.789999962,1.039999962,0.889999986,1,0,0,0,0,1,0,1,0,0,0,0
739,32,0,0,0,0,1,0.609999955,0.789999962,0.99000001,1.190000057,0,0,0,0,0,0,0,0,0,0,1,0
740,32,0,0,0,0,1,0.529999912,0.789999962,1.149999976,0.99000001,0,0,1,0,1,0,0,0,0,0,0,0
741,32,0,0,0,0,1,0.609999955,0.879999995,0.99000001,1.190000057,0,0,0,0,0,1,1,0,0,0,0,0
742,32,0,0,0,0,1,0.609999955,0.970000029,1.149999976,1.089999914,1,0,0,1,0,0,0,0,0,0,0,0
743,32,0,0,0,0,1,0.609999955,0.970000029,1.289999962,0.74000001,0,0,1,1,0,0,0,0,0,0,0,0
744,32,0,0,0,0,1,0.609999955,1.029999971,1.289999962,1.089999914,0,0,0,0,0,0,0,0,0,0,0,0
745,32,0,0,0,0,1,0.579999924,1.049999952,1.190000057,1.049999952,1,0,0,0,0,0,0,0,0,0,0,0
746,32,0,0,0,0,1,0.609999955,1.049999952,1.25,0.99000001,0,0,0,0,0,0,0,0,0,0,0,0
747,32,0,0,0,0,1,0.609999955,1.049999952,1.289999962,1.25,0,0,1,0,0,0,0,0,0,0,0,0
748,32,1,0,0,0,1,0.609999955,1.049999952,1.289999962,0.99000001,0,0,0,0,0,0,0,1,0,0,0,0
749,33,0,0,0,0,1,0.709999979,0.689999998,0.879999995,1.199999928,0,0,0,0,0,0,0,0,0,0,0,0
750,33,0,1,0,0,0,0.549999952,0.789999962,1.089999914,1.089999914,0,0,0,0,0,0,0,0,0,0,0,0
751,33,0,0,0,0,1,0.649999976,0.789999962,1.049999952,0.889999986,0,0,0,0,0,0,0,0,0,0,0,1
752,33,0,0,0,0,1,0.649999976,0.889999986,1.019999981,1.049999952,0,0,0,0,0,0,0,0,0,0,0,0
753,33,0,0,0,0,1,0.649999976,0.889999986,1.019999981,0.889999986,0,1,0,0,0,0,0,0,0,0,0,1
754,33,0,0,0,0,1,0.589999914,0.930000007,0.980000019,0.879999995,0,0,0,0,0,0,0,0,0,0,0,0
755,33,0,0,1,0,0,0.649999976,0.889999986,1.070000052,1.149999976,0,0,0,0,0,0,0,0,0,0,0,0
756,33,0,0,0,1,0,0.649999976,0.889999986,0.99000001,1.149999976,0,1,0,0,0,0,0,0,0,0,1,0
757,33,0,0,0,0,1,0.709999979,0.99000001,1.190000057,0.99000001,0,0,0,0,0,0,0,0,0,0,0,0
758,33,0,1,0,0,0,0.549999952,1.089999914,1.190000057,0.99000001,0,0,0,0,0,0,0,0,0,0,0,0
759,33,0,0,0,1,0,0.779999912,0.889999986,1.089999914,1.190000057,0,0,0,0,0,0,0,0,0,0,0,0
760,33,0,0,1,0,0,0.599999964,0.970000029,1.149999976,0.99000001,0,0,0,1,0,0,0,0,0,0,0,0
761,33,0,1,0,0,0,0.549999952,0.980000019,1.089999914,1.289999962,0,0,0,0,0,0,0,0,0,0,0,0
762,33,0,1,0,0,0,0.689999998,0.980000019,1.209999919,1.190000057,0,0,0,0,0,0,0,1,0,0,0,0
763,33,0,1,0,0,0,0.689999998,0.980000019,1.209999919,1.190000057,0,0,0,0,0,0,0,0,0,0,0,0
764,33,0,0,0,0,1,0.779999912,0.980000019,1.190000057,1.289999962,0,0,0,0,0,0,0,0,0,0,0,0
765,33,0,1,0,0,0,0.549999952,0.980000019,1.190000057,1.289999962,0,0,0,1,0,0,0,0,0,0,0,0
766,33,0,0,0,1,0,0.599999964,0.970000029,0.99000001,1.25,0,0,1,0,0,0,0,0,0,0,0,0
767,33,0,0,1,0,0,0.779999912,0.789999962,1.209999919,1.089999914,0,1,0,1,0,0,0,0,0,0,0,0
768,33,0,0,0,0,1,0.579999924,0.879999995,0.980000019,1.079999924,0,0,1,1,0,0,0,0,0,0,0,0
769,33,0,0,0,0,1,0.599999964,0.970000029,1.25,1.25,0,0,0,0,0,0,0,0,0,0,0,0
770,33,0,0,0,0,1,0.599999964,0.970000029,1.089999914,1.089999914,0,0,0,0,0,0,0,1,0,0,0,0
771,33,0,0,0,0,1,0.930000007,1.089999914,1.209999919,1.289999962,0,0,0,1,0,0,0,0,0,0,0,0
772,33,0,1,0,0,0,0.589999914,1.089999914,1.209999919,1.289999962,0,0,0,1,0,0,0,0,0,0,0,0
773,33,0,1,0,0,0,1.049999952,1.089999914,1.209999919,1.289999962,0,0,0,1,0,0,0,0,0,0,0,0
774,33,0,1,0,0,0,0.589999914,1.089999914,1.209999919,1.089999914,0,0,0,0,0,0,0,0,0,0,0,0
775,33,0,1,0,0,0,0.589999914,1.089999914,1.209999919,1.089999914,0,0,0,0,0,0,0,0,0,0,0,0
776,33,0,0,0,0,1,0.649999976,1.049999952,1.25,0.99000001,0,0,0,1,0,0,0,0,0,0,0,0
777,33,0,0,0,0,1,0.629999995,0.930000007,1.190000057,1,1,0,0,0,0,0,0,0,0,0,0,0
778,33,0,0,0,0,1,0.649999976,1.049999952,1.169999957,1.289999962,0,0,1,0,0,0,0,0,0,0,0,0
779,33,0,1,0,0,0,1.149999976,1.089999914,1.089999914,1.289999962,0,0,1,1,0,0,0,0,0,0,0,0
780,33,0,0,0,0,1,0.629999995,0.930000007,1.119999886,1.190000057,1,0,1,0,0,0,0,0,0,0,0,0
781,33,0,0,0,0,1,0.589999914,1.049999952,1.25,0.99000001,0,0,0,1,0,0,0,0,0,0,0,0
782,33,0,0,0,0,1,0.819999933,0.949999988,1.25,0.99000001,0,0,0,0,0,0,0,0,0,0,0,0
783,33,0,0,0,0,1,0.639999986,0.930000007,1.119999886,1.190000057,0,0,0,0,0,0,0,0,0,0,0,0
784,33,0,1,0,0,0,0.889999986,1.089999914,1.159999967,1.289999962,0,0,0,0,0,0,0,0,0,0,0,0
785,33,0,1,0,0,0,0.789999962,0.949999988,1.039999962,0.99000001,1,0,0,0,0,0,0,0,0,0,0,0
786,33,0,1,0,0,0,0.379999995,1.23999989,1.049999952,0.980000019,0,0,0,0,0,0,0,0,1,0,0,0
787,33,1,0,0,0,1,0.959999979,1.289999962,1.039999962,1.179999828,1,0,0,1,0,0,0,0,0,0,0,0
788,34,0,0,0,0,1,0.649999976,0.889999986,0.99000001,0.889999986,0,0,0,0,0,0,0,0,0,0,0,0
789,34,0,0,0,0,1,0.649999976,0.889999986,0.889999986,1.049999952,0,0,1,0,0,0,0,0,0,0,0,0
790,34,0,0,0,0,1,0.5,0.889999986,0.99000001,0.889999986,0,0,0,1,0,0,0,0,1,0,0,0
791,34,0,0,0,0,1,0.649999976,0.889999986,0.99000001,0.889999986,0,0,0,1,0,0,0,0,0,0,0,0
792,34,0,0,0,0,1,0.649999976,0.789999962,1.049999952,0.889999986,0,1,0,0,0,0,0,0,0,0,0,1
793,34,0,0,0,0,1,0.649999976,0.789999962,1.049999952,0.889999986,0,0,0,1,0,0,0,0,0,0,0,0
794,34,0,0,0,0,1,0.649999976,0.789999962,1.019999981,1.049999952,0,0,0,0,0,0,0,0,0,0,0,0
795,34,0,1,0,0,0,0.5,0.889999986,1.070000052,1.149999976,0,0,0,0,0,0,0,0,1,0,0,0
796,34,0,0,0,0,1,0.599999964,0.889999986,0.99000001,1.149999976,0,1,1,0,0,0,0,0,0,0,0,0
797,34,0,0,0,0,1,0.599999964,0.889999986,1.149999976,0.99000001,0,0,0,0,0,0,0,0,0,0,0,1
798,34,0,0,0,1,0,0.599999964,0.879999995,0.99000001,1.149999976,0,0,0,1,0,0,0,0,0,0,0,0
799,34,0,0,0,0,1,0.599999964,0.970000029,1.149999976,0.99000001,0,0,0,1,0,0,0,0,0,0,0,0
800,34,0,0,0,0,1,0.599999964,0.970000029,1.149999976,0.99000001,0,0,0,1,0,0,0,0,0,0,0,0
801,34,0,0,0,0,1,0.599999964,0.970000029,1.25,1.089999914,0,0,0,0,0,0,0,1,0,0,0,0
802,34,0,0,0,0,1,0.599999964,0.970000029,0.99000001,1.25,0,0,0,0,0,0,0,0,0,0,1,0
803,34,0,0,0,0,1,0.599999964,0.970000029,1.25,1.089999914,0,0,1,0,0,0,0,0,0,0,0,0
804,34,0,0,0,0,1,0.599999964,0.970000029,1.25,1.089999914,0,0,0,0,0,0,0,1,0,0,0,0
805,34,0,0,0,0,1,0.599999964,0.970000029,1.25,1.25,0,0,0,0,0,0,0,0,0,0,0,0
806,34,0,0,0,0,1,0.599999964,0.970000029,1.25,1.25,0,0,0,0,0,0,0,0,0,0,0,0
807,34,0,0,0,0,1,0.649999976,0.970000029,1.25,1.25,0,0,0,0,0,0,0,0,0,0,0,0
808,34,0,0,0,0,1,0.649999976,1.049999952,1.25,0.99000001,0,0,0,0,0,0,0,0,0,0,0,1
809,34,0,0,0,0,1,0.649999976,1.049999952,1.25,0.99000001,1,0,0,0,0,0,0,0,0,0,0,1
810,34,0,0,0,0,1,0.649999976,1.049999952,1.169999957,1.289999962,0,0,1,0,0,0,0,0,0,0,0,0
811,34,0,0,0,0,1,0.589999914,1.049999952,1.25,0.99000001,0,0,1,1,0,0,0,0,0,0,0,0
812,34,0,0,0,0,1,0.589999914,1.049999952,1.25,0.99000001,0,0,0,1,0,0,0,0,0,0,0,0
813,34,0,1,0,0,0,0.589999914,1.049999952,0.99000001,1.289999962,0,0,0,0,0,0,0,0,0,0,0,0
814,34,0,0,0,0,1,0.639999986,1.23999989,1.049999952,1.190000057,0,0,0,0,0,0,0,0,0,0,0,0
815,34,0,0,0,0,1,0.649999976,1.049999952,1.289999962,0.99000001,0,0,0,1,0,0,0,0,0,0,0,0
816,34,1,0,0,0,1,0.649999976,1.049999952,1.289999962,1.289999962,0,0,0,0,0,0,0,0,0,0,0,0
817,35,0,0,0,0,1,0.649999976,0.589999914,0.99000001,0.889999986,0,0,0,0,0,0,0,0,0,0,0,0
818,35,0,0,0,0,1,0.5,0.889999986,0.99000001,0.889999986,0,0,0,1,0,0,0,0,1,0,0,0
819,35,0,0,0,0,1,0.649999976,0.889999986,0.99000001,1.049999952,0,0,0,0,0,0,0,0,0,0,0,0
820,35,0,0,0,0,1,0.649999976,0.689999998,1.049999952,0.889999986,0,0,0,1,0,0,0,0,0,1,0,0
821,35,0,0,0,0,1,0.599999964,0.889999986,0.99000001,1.149999976,0,1,1,0,0,0,0,0,0,0,0,0
822,35,0,0,0,0,1,0.599999964,0.889999986,1.149999976,0.99000001,0,0,0,0,0,0,0,0,0,0,0,1
823,35,0,0,0,0,1,0.599999964,0.970000029,1.149999976,0.99000001,0,0,0,1,0,0,0,0,0,0,0,0
824,35,0,0,0,0,1,0.569999933,0.970000029,1.149999976,1.089999914,0,0,0,0,0,0,0,1,1,0,0,0
825,35,0,0,0,0,1,0.599999964,0.970000029,0.99000001,1.25,0,0,0,0,0,0,0,0,0,0,1,0
826,35,0,0,0,0,1,0.599999964,0.970000029,1.25,1.089999914,0,0,0,0,0,0,0,0,0,0,0,0
827,35,0,0,0,0,1,0.599999964,0.970000029,1.089999914,1.089999914,1,0,1,1,0,0,0,0,0,0,0,0
828,35,0,0,0,0,1,0.5,1.049999952,1.25,0.99000001,0,0,0,1,0,0,0,0,1,0,0,0
829,35,0,0,0,0,1,0.589999914,1.049999952,1.25,0.99000001,0,0,1,1,0,0,0,0,0,0,0,0
830,35,0,0,0,0,1,0.589999914,1.049999952,0.99000001,1.289999962,0,0,0,0,0,0,0,0,0,0,1,0
831,35,0,0,0,0,1,0.589999914,1.049999952,1.289999962,0.99000001,0,0,0,0,0,0,0,0,0,0,0,1
832,35,1,0,0,0,1,0.959999979,1.289999962,1.039999962,1.179999828,1,0,0,1,0,0,0,0,0,0,0,0
833,36,0,1,0,0,0,0.549999952,0.689999998,0.879999995,0.889999986,0,0,0,0,0,0,0,0,0,0,0,0
834,36,0,0,0,0,1,0.589999914,0.680000007,0.879999995,0.879999995,0,1,0,0,0,0,0,0,0,0,0,1
835,36,0,0,1,0,0,0.680000007,0.689999998,0.879999995,1.059999824,0,1,0,0,0,0,0,0,0,0,0,0
836,36,0,0,0,0,1,0.680000007,0.849999964,1.079999924,0.889999986,0,1,0,1,0,0,0,0,0,0,0,0
837,36,0,1,0,0,0,0.549999952,0.789999962,1.089999914,1.089999914,0,0,0,0,0,0,0,0,0,0,0,0
838,36,0,0,0,0,1,0.589999914,0.930000007,0.980000019,0.879999995,0,0,0,0,0,0,0,0,0,0,0,0
839,36,0,1,0,0,0,0.889999986,0.789999962,1.049999952,1.089999914,0,0,0,0,0,0,0,0,0,0,0,0
840,36,0,1,0,0,0,0.549999952,0.980000019,1.049999952,1.089999914,0,0,0,0,0,0,0,0,0,0,0,0
841,36,0,1,0,0,0,0.549999952,0.980000019,1.089999914,0.889999986,0,0,0,0,0,0,0,0,0,0,0,0
842,36,0,1,0,0,0,0.549999952,1.089999914,1.089999914,1.190000057,0,0,0,0,0,0,0,0,0,0,0,0
843,36,0,1,0,0,0,0.720000029,1.089999914,1.089999914,1.190000057,0,0,0,0,0,0,0,0,0,0,0,0
844,36,0,0,0,0,1,0.839999914,0.889999986,1.089999914,1.190000057,0,0,1,0,0,0,0,0,0,0,0,0
845,36,0,0,0,0,1,0.779999912,0.980000019,1.190000057,0.99000001,0,0,0,0,0,0,0,0,0,0,0,0
846,36,0,0,0,0,1,0.609999955,0.970000029,1.149999976,0.99000001,0,0,0,0,0,0,0,0,0,0,0,0
847,36,0,1,0,0,0,0.889999986,0.980000019,1.089999914,1.289999962,0,0,0,0,0,0,0,0,0,0,0,0
848,36,0,0,0,0,1,0.779999912,0.980000019,1.089999914,1.289999962,0,0,0,0,0,0,0,0,0,0,0,0
849,36,0,0,0,0,1,0.639999986,0.980000019,1.209999919,1.190000057,1,0,0,1,0,0,0,0,0,0,0,0
850,36,0,1,0,0,0,0.619999945,0.980000019,1.190000057,1.289999962,0,0,0,0,0,0,0,0,0,0,0,0
851,36,0,0,0,1,0,0.680000007,1.089999914,1.190000057,1.089999914,0,0,1,0,0,0,0,1,0,0,0,0
852,36,0,1,0,0,0,0.589999914,1.089999914,1.209999919,1.289999962,0,0,0,1,0,0,0,0,0,0,0,0
853,36,0,0,0,0,1,0.680000007,0.789999962,1.23999989,0.99000001,0,0,0,0,0,0,0,1,0,1,0,0
854,36,0,0,0,0,1,0.959999979,0.889999986,1.089999914,1.289999962,0,0,0,1,0,0,0,0,0,0,1,0
855,36,0,1,0,0,0,0.889999986,0.949999988,1.190000057,1.289999962,0,0,0,1,0,0,0,0,0,0,0,0
856,36,0,0,0,1,0,0.589999914,1.049999952,0.99000001,1.289999962,0,0,0,0,0,0,0,0,0,0,1,0
857,36,0,0,0,0,1,0.589999914,1.049999952,1.289999962,0.99000001,0,0,0,0,0,0,0,0,0,0,0,1
858,36,0,1,0,0,0,0.789999962,1.089999914,1.039999962,0.99000001,1,0,0,0,0,0,0,0,0,0,0,0
859,36,0,1,0,0,0,1.149999976,0.949999988,1.039999962,1.2299999,1,0,0,0,0,0,0,0,0,0,0,0
860,36,1,1,0,0,0,1.149999976,1.289999962,1.039999962,1.2299999,1,0,0,0,0,0,0,0,0,0,0,0
861,37,0,0,0,0,1,0.689999998,0.789999962,0.99000001,0.689999998,0,0,0,0,0,0,0,0,0,0,0,0
862,37,0,1,0,0,0,0.549999952,0.99000001,0.99000001,1.089999914,0,0,0,0,0,0,0,0,0,0,0,0
863,37,0,1,0,0,0,0.549999952,0.99000001,1.089999914,0.99000001,0,0,0,1,0,0,0,0,0,0,0,0
864,37,0,1,0,0,0,0.549999952,0.789999962,1.089999914,1.089999914,0,0,0,0,0,0,0,0,0,0,0,0
865,37,0,0,1,0,0,0.609999955,0.889999986,1.039999962,0.99000001,0,1,0,1,0,0,0,0,0,0,0,0
866,37,0,1,0,0,0,0.649999976,0.889999986,0.99000001,1.149999976,0,0,0,0,0,0,0,0,0,0,1,0
867,37,0,1,0,0,0,0.549999952,0.99000001,1.190000057,0.99000001,0,0,0,0,0,0,0,0,0,0,0,0
868,37,0,1,0,0,0,0.549999952,0.789999962,1.209999919,1.190000057,0,1,0,0,0,0,0,0,0,0,0,0
869,37,0,1,0,0,0,0.649999976,0.970000029,1.25,1.089999914,0,0,0,0,0,0,0,0,0,0,0,1
870,37,0,1,0,0,0,0.589999914,1.089999914,1.209999919,1.089999914,0,0,0,1,0,0,0,0,0,0,0,0
871,37,0,1,0,0,0,0.649999976,0.970000029,1.169999957,1.089999914,0,0,0,0,0,0,0,0,0,0,0,1
872,37,0,1,0,0,0,0.589999914,0.980000019,1.129999995,1.109999895,0,0,0,0,0,0,0,0,0,0,0,0
873,37,0,0,0,0,1,0.910000026,1.089999914,1.209999919,1.289999962,0,0,0,0,0,0,0,0,0,0,0,0
874,37,0,1,0,0,0,0.589999914,1.089999914,1.159999967,1.289999962,0,0,0,0,0,0,0,0,0,0,0,0
875,37,0,1,0,0,0,0.589999914,1.089999914,1.039999962,0.99000001,0,0,0,0,0,0,0,0,0,0,0,0
876,37,0,1,0,0,0,0.789999962,1.089999914,1.039999962,0.99000001,0,0,0,0,0,0,0,0,0,0,0,0
877,37,1,1,0,0,0,0.589999914,1.289999962,1.039999962,1.289999962,0,0,0,1,0,0,0,0,0,0,0,0
878,38,0,0,0,0,1,0.589999914,0.930000007,0.879999995,0.959999979,0,0,0,0,0,0,0,0,0,0,0,0
879,38,0,0,0,0,1,0.589999914,0.579999924,0.879999995,0.879999995,0,0,0,0,0,0,0,0,0,1,0,0
880,38,0,0,0,0,1,0.589999914,0.680000007,0.879999995,0.879999995,0,1,0,0,0,0,0,0,0,0,0,1
881,38,0,0,0,0,1,0.589999914,0.779999912,0.879999995,0.879999995,0,1,0,1,0,0,0,0,0,0,0,0
882,38,0,0,0,0,1,0.589999914,0.779999912,0.879999995,0.879999995,0,1,0,0,0,0,0,0,0,0,0,0
883,38,0,0,0,0,1,0.589999914,0.930000007,0.879999995,0.879999995,0,0,0,1,0,0,0,0,0,0,0,0
884,38,0,0,0,0,1,0.589999914,0.930000007,0.879999995,0.879999995,0,0,0,0,0,0,0,0,0,0,0,0
885,38,0,0,0,0,1,0.589999914,0.930000007,0.879999995,0.879999995,0,0,0,0,0,0,0,0,0,0,0,0
886,38,0,0,0,0,1,0.589999914,0.930000007,0.879999995,0.879999995,0,0,0,0,0,0,0,0,0,0,0,0
887,38,0,0,0,0,1,0.589999914,0.920000017,0.980000019,0.879999995,0,1,0,0,0,0,0,0,0,0,0,0
888,38,0,0,0,0,1,0.589999914,0.930000007,0.980000019,0.879999995,0,0,0,0,0,0,0,0,0,0,0,0
889,38,0,0,0,0,1,0.589999914,0.930000007,0.980000019,0.980000019,0,0,0,0,0,0,0,0,0,0,0,0
890,38,0,0,0,0,1,0.589999914,0.930000007,0.980000019,0.879999995,0,0,0,0,0,0,0,0,0,0,0,0
891,38,0,0,0,0,1,0.589999914,0.930000007,0.980000019,0.879999995,0,0,0,0,0,0,0,0,0,0,0,0
892,38,0,0,0,0,1,0.680000007,0.920000017,0.980000019,0.879999995,0,0,0,0,0,0,0,0,0,0,0,0
893,38,0,0,0,0,1,0.589999914,0.920000017,0.879999995,0.879999995,0,0,0,0,0,0,0,0,0,0,0,0
894,38,0,0,0,0,1,0.589999914,0.930000007,0.980000019,0.980000019,0,0,0,0,0,0,0,0,0,0,0,0
895,38,0,0,0,0,1,0.579999924,0.930000007,0.980000019,1.089999914,0,0,0,0,0,0,0,0,0,0,0,0
896,38,0,0,0,0,1,0.579999924,0.930000007,0.980000019,1.089999914,0,0,1,0,0,0,0,0,0,0,0,0
897,38,0,0,0,0,1,0.579999924,0.930000007,0.980000019,0.980000019,0,0,0,1,0,0,0,0,0,0,0,0
898,38,0,0,0,0,1,0.579999924,0.930000007,0.980000019,0.980000019,0,0,1,0,0,0,0,0,0,0,0,0
899,38,0,0,0,0,1,0.579999924,0.930000007,1.089999914,0.980000019,0,0,1,0,0,0,0,0,0,0,0,0
900,38,0,0,0,0,1,0.579999924,0.879999995,1.089999914,0.980000019,0,1,0,0,0,0,0,1,0,0,0,0
901,38,0,0,0,0,1,0.579999924,0.879999995,0.980000019,0.980000019,0,1,0,1,0,0,0,0,0,0,0,0
902,38,0,0,0,0,1,0.579999924,0.930000007,1.129999995,1.079999924,0,0,0,0,0,0,0,0,0,0,0,0
903,38,0,0,0,0,1,0.579999924,0.879999995,1.129999995,1.079999924,0,0,1,1,0,0,0,0,0,0,0,0
904,38,0,0,0,0,1,0.579999924,0.930000007,1.129999995,1.079999924,0,0,1,0,0,0,0,0,0,0,0,0
905,38,0,0,0,0,1,0.680000007,0.930000007,1.129999995,0.980000019,1,0,0,0,0,0,0,1,0,0,0,0
906,38,0,0,0,0,1,0.629999995,0.930000007,1.190000057,0.980000019,1,0,0,0,0,0,0,0,0,0,0,0
907,38,0,0,0,0,1,0.629999995,0.930000007,1.190000057,1,1,0,0,0,0,0,0,0,0,0,0,1
908,38,0,0,0,0,1,0.579999924,0.930000007,1.119999886,0.980000019,0,0,1,1,0,0,0,0,0,0,0,0
909,38,0,0,0,0,1,0.629999995,0.930000007,1.119999886,0.980000019,1,0,1,0,0,0,0,0,0,0,0,0
910,38,0,0,0,0,1,0.629999995,0.930000007,1.119999886,1.190000057,1,0,1,1,0,0,0,0,0,0,0,0
911,38,0,0,0,0,1,0.629999995,0.930000007,1.119999886,0.980000019,1,0,0,0,0,0,0,1,0,0,0,0
912,38,0,0,0,0,1,0.680000007,0.930000007,1.119999886,0.980000019,1,0,0,0,0,0,0,0,0,0,0,0
913,38,0,0,0,0,1,0.639999986,0.930000007,1.119999886,1.190000057,0,0,0,0,0,0,0,0,0,0,0,0
914,38,0,0,0,0,1,0.639999986,1.23999989,1.049999952,1.190000057,0,0,0,0,0,0,0,0,0,0,0,0
915,38,0,0,0,0,1,0.609999955,1.23999989,1.049999952,0.879999995,0,0,0,0,0,0,0,1,0,0,0,0
916,38,1,0,0,0,1,0.379999995,1.23999989,1.049999952,0.980000019,0,0,0,0,0,0,0,0,1,0,0,0
917,39,0,0,0,0,1,0.709999979,0.99000001,1.089999914,0.99000001,0,0,0,0,0,0,0,0,0,0,0,0
918,39,0,0,0,0,1,0.649999976,0.889999986,0.99000001,1.049999952,0,0,0,0,0,0,0,0,0,0,0,0
919,39,0,0,0,0,1,0.779999912,0.789999962,1.089999914,1.089999914,0,0,0,0,0,0,0,0,0,0,0,0
920,39,0,0,0,0,1,0.779999912,0.789999962,1.089999914,1.089999914,0,0,0,0,0,0,0,0,0,0,0,0
921,39,0,0,0,0,1,0.779999912,0.789999962,1.089999914,1.089999914,0,0,0,0,0,0,0,0,0,0,0,0
922,39,0,0,0,0,1,0.589999914,0.930000007,0.980000019,0.879999995,0,0,0,0,0,0,0,0,0,0,0,0
923,39,0,0,0,0,1,0.779999912,1.029999971,1.089999914,0.889999986,0,0,0,0,0,0,0,0,0,0,0,0
924,39,0,0,0,0,1,0.779999912,0.789999962,1.049999952,1.089999914,0,0,0,0,0,0,0,0,0,0,0,0
925,39,0,0,0,0,1,0.779999912,0.980000019,1.089999914,0.889999986,0,0,0,0,0,0,0,0,0,0,0,0
926,39,0,0,0,0,1,0.779999912,0.980000019,1.089999914,0.889999986,0,0,0,0,0,0,0,0,0,0,0,0
927,39,0,0,0,0,1,0.639999986,0.980000019,1.089999914,0.889999986,0,0,0,0,0,0,0,0,0,0,0,0
928,39,0,0,0,0,1,0.639999986,1.029999971,1.089999914,1.190000057,0,0,0,0,0,0,0,0,0,0,0,0
929,39,0,0,0,0,1,0.639999986,1.089999914,1.089999914,1.190000057,0,0,0,0,0,0,0,0,0,0,0,0
930,39,0,0,0,0,1,0.779999912,0.99000001,1.089999914,1.190000057,0,0,0,0,0,0,0,0,0,0,0,0
931,39,0,0,0,0,1,0.709999979,0.99000001,1.190000057,0.99000001,0,0,0,0,0,0,0,0,0,0,0,0
932,39,0,0,0,0,1,0.839999914,0.889999986,1.089999914,1.190000057,0,0,1,0,0,0,0,0,0,0,0,0
933,39,0,0,0,0,1,0.839999914,0.889999986,1.089999914,1.190000057,0,0,0,0,0,0,0,0,0,0,0,0
934,39,0,0,0,0,1,0.779999912,0.980000019,1.089999914,1.289999962,0,0,0,0,0,0,0,0,0,0,0,0
935,39,0,0,0,0,1,0.779999912,0.980000019,1.089999914,1.289999962,0,0,0,0,0,0,0,0,0,0,0,0
936,39,0,0,0,0,1,0.639999986,0.980000019,1.209999919,1.190000057,0,0,0,0,0,0,0,1,0,0,0,0
937,39,0,0,0,0,1,0.649999976,0.879999995,1.25,1.139999986,0,0,0,1,0,0,0,0,0,0,0,0
938,39,0,0,0,0,1,0.779999912,0.980000019,1.190000057,1.289999962,0,0,0,0,0,0,0,0,0,0,0,0
939,39,0,0,0,0,1,0.779999912,0.980000019,1.190000057,1.289999962,0,0,0,0,0,0,0,0,0,0,0,0
940,39,0,0,0,0,1,0.779999912,0.980000019,1.190000057,1.289999962,0,0,0,0,0,0,0,0,0,0,0,0
941,39,0,0,0,0,1,0.779999912,0.789999962,1.209999919,1.089999914,0,0,0,0,0,0,0,0,0,0,0,0
942,39,0,0,0,0,1,0.789999962,1.089999914,1.209999919,1.289999962,0,0,0,1,0,0,0,0,0,0,0,0
943,39,0,0,0,0,1,0.930000007,1.089999914,1.209999919,1.289999962,0,0,0,1,0,0,0,0,0,0,0,0
944,39,0,0,0,0,1,0.920000017,1.089999914,1.209999919,1.089999914,0,0,0,0,0,0,0,0,0,0,0,0
945,39,0,0,0,0,1,0.959999979,1.089999914,1.089999914,1.289999962,0,0,1,1,0,0,0,0,0,0,0,0
946,39,1,0,0,0,1,0.789999962,1.089999914,1.159999967,1.289999962,0,0,0,0,0,0,0,0,0,0,0,0
947,40,0,0,0,0,1,0.689999998,0.789999962,0.99000001,0.689999998,0,0,0,0,0,0,0,0,0,0,0,0
948,40,0,0,0,0,1,0.649999976,0.889999986,0.889999986,1.049999952,0,0,1,0,0,0,0,0,0,0,0,0
949,40,0,0,0,0,1,0.649999976,0.889999986,0.99000001,0.889999986,0,0,0,0,0,0,0,0,0,0,0,1
950,40,0,0,0,0,1,0.649999976,0.889999986,0.99000001,1.049999952,0,0,0,0,0,0,0,0,0,0,0,0
951,40,0,0,0,0,1,0.609999955,0.689999998,1.089999914,0.539999962,0,0,0,0,0,0,0,0,0,0,0,1
952,40,0,0,0,0,1,0.680000007,0.889999986,1.079999924,0.889999986,0,1,0,0,0,0,0,0,0,0,0,0
953,40,0,0,0,0,1,0.609999955,0.889999986,1.039999962,1.089999914,0,1,0,0,0,0,0,0,0,0,0,0
954,40,0,0,0,0,1,0.649999976,0.789999962,1.019999981,0.889999986,0,0,0,0,0,0,0,0,0,1,0,1
955,40,0,0,0,0,1,0.689999998,0.789999962,1.089999914,1.2299999,0,0,0,0,0,0,0,0,0,0,0,0
956,40,0,0,0,0,1,0.599999964,0.889999986,1.149999976,0.99000001,0,1,0,0,0,0,0,0,0,0,0,0
957,40,0,0,0,0,1,0.519999921,0.970000029,1.089999914,0.899999976,0,0,0,1,0,0,1,0,0,0,0,0
958,40,0,0,0,0,1,0.599999964,0.970000029,1.149999976,0.99000001,0,0,0,1,0,0,0,0,0,0,0,0
959,40,0,0,0,0,1,0.599999964,0.970000029,1.149999976,1.25,0,0,0,0,0,0,0,0,0,0,0,0
960,40,0,0,0,0,1,0.599999964,0.970000029,0.99000001,1.25,0,0,1,0,0,0,0,0,0,0,0,0
961,40,0,0,0,0,1,0.599999964,0.970000029,1.25,1.089999914,0,0,0,0,0,0,0,1,0,0,0,0
962,40,0,0,0,0,1,0.599999964,0.970000029,1.089999914,1.089999914,0,0,0,0,0,0,0,1,0,0,0,0
963,40,0,0,0,0,1,0.649999976,1.049999952,1.25,0.99000001,0,0,0,0,0,0,0,0,0,0,0,0
964,40,0,0,0,0,1,0.649999976,1.049999952,1.25,0.99000001,0,0,0,1,0,0,0,0,0,0,0,0
965,40,0,0,0,0,1,0.589999914,1.049999952,1.169999957,1.289999962,1,0,1,0,0,0,0,0,0,0,0,0
966,40,0,0,0,0,1,0.589999914,1.049999952,1.25,0.839999914,0,0,0,1,0,0,0,0,0,0,0,0
967,40,0,0,0,0,1,0.589999914,1.049999952,1.289999962,0.789999962,0,0,0,1,0,0,0,0,0,0,0,0
968,40,1,0,0,0,1,0.579999924,1.23999989,1.049999952,0.980000019,1,0,0,0,0,0,0,0,0,0,0,0
969,41,0,1,0,0,0,0.5,0.889999986,0.99000001,0.889999986,0,0,0,0,0,0,0,0,0,0,0,0
970,41,0,0,1,0,0,0.649999976,0.589999914,0.99000001,0.889999986,0,0,0,1,0,0,0,0,0,1,0,0
971,41,0,1,0,0,0,0.5,0.889999986,1.019999981,1.049999952,0,0,0,0,0,0,0,0,1,0,0,0
972,41,0,0,0,0,1,0.5,0.889999986,1.019999981,0.889999986,0,0,0,1,1,0,0,0,0,0,0,0
973,41,0,1,0,0,0,0.649999976,0.889999986,1.149999976,0.99000001,0,0,1,0,0,0,0,0,0,0,0,0
974,41,0,0,0,0,1,0.680000007,0.959999979,1.289999962,1.049999952,0,0,0,0,0,0,0,0,0,0,0,0
975,41,0,1,0,0,0,0.5,0.970000029,1.089999914,1.149999976,0,0,1,0,0,0,0,0,0,0,0,0
976,41,0,0,0,1,0,0.649999976,0.970000029,1.089999914,1.149999976,0,0,0,0,0,0,0,0,0,0,1,0
977,41,0,0,1,0,0,0.649999976,0.789999962,1.070000052,1.149999976,0,1,1,0,0,0,0,0,0,0,0,0
978,41,0,0,0,0,1,0.649999976,0.879999995,1.149999976,0.99000001,0,0,0,1,0,0,0,0,0,0,0,0
979,41,0,1,0,0,0,0.589999914,0.879999995,1.149999976,1.089999914,0,0,0,0,0,0,0,0,1,0,0,1
980,41,0,1,0,0,0,0.649999976,0.879999995,1.25,1.089999914,0,0,0,0,0,0,0,0,0,0,0,1
981,41,0,1,0,0,0,0.649999976,0.879999995,1.25,1.089999914,0,0,0,1,0,0,0,0,0,0,0,0
982,41,0,0,0,1,0,0.609999955,0.970000029,0.99000001,1.25,0,0,0,0,0,0,1,0,0,0,0,0
983,41,0,1,0,0,0,0.649999976,0.970000029,1.25,1.089999914,0,0,0,0,0,0,0,1,0,0,0,0
984,41,0,1,0,0,0,0.5,0.970000029,1.169999957,1.089999914,0,0,0,1,0,0,0,0,1,0,0,0
985,41,0,0,1,0,0,0.920000017,1.089999914,1.209999919,1.089999914,0,0,0,0,0,0,0,0,0,0,0,0
986,41,0,0,0,0,1,0.649999976,1.049999952,1.25,0.99000001,0,0,0,0,0,0,0,0,0,0,0,1
987,41,0,0,0,0,1,0.680000007,0.959999979,1.389999986,0.689999998,0,0,0,0,0,0,0,1,0,0,0,0
988,41,0,1,0,0,0,0.649999976,1.049999952,1.169999957,1.289999962,1,0,0,1,0,0,0,0,0,0,0,0
989,41,0,0,0,1,0,0.589999914,1.049999952,1.089999914,1.289999962,1,0,0,1,0,0,0,0,0,0,0,0
990,41,0,1,0,0,0,0.649999976,1.049999952,1.169999957,0.99000001,1,0,0,1,0,0,0,0,0,0,0,0
991,41,0,1,0,0,0,0.649999976,1.049999952,1.169999957,0.99000001,0,0,0,1,0,0,0,0,0,0,0,0
992,41,0,1,0,0,0,0.5,0.930000007,1.119999886,0.980000019,0,0,0,0,0,0,0,0,1,0,0,0
993,41,0,0,0,1,0,0.649999976,1.049999952,0.99000001,1.289999962,0,0,0,0,0,0,1,0,0,0,0,0
994,41,1,1,0,0,0,0.649999976,1.049999952,0.99000001,0.99000001,0,0,0,1,0,0,0,0,0,0,0,0
995,42,0,0,0,0,1,0.689999998,0.789999962,0.99000001,0.889999986,0,0,0,0,0,0,0,0,0,0,0,0
996,42,0,0,0,0,1,0.689999998,0.789999962,0.99000001,0.689999998,0,0,0,0,0,0,0,0,0,0,0,1
997,42,0,0,0,0,1,0.689999998,0.889999986,0.99000001,0.889999986,0,0,0,1,0,0,0,0,0,0,0,0
998,42,0,0,0,0,1,0.689999998,0.889999986,0.99000001,0.889999986,0,0,0,1,0,0,0,0,0,0,0,0
999,42,0,0,0,0,1,0.689999998,0.889999986,0.99000001,0.889999986,0,0,0,1,0,1,0,0,0,0,0,0
1000,42,0,0,0,0,1,0.689999998,0.789999962,1.25,0.789999962,0,1,0,0,0,0,0,0,0,0,0,1
1001,42,0,0,0,0,1,0.49000001,0.789999962,1.25,0.99000001,0,1,0,1,1,0,0,0,0,0,0,0
1002,42,0,0,0,0,1,0.689999998,0.789999962,1.25,0.99000001,0,1,0,0,0,0,0,0,0,0,0,0
1003,42,0,0,0,0,1,0.689999998,0.789999962,1.25,0.99000001,1,1,0,0,0,0,0,0,0,0,0,0
1004,42,0,0,0,0,1,0.689999998,0.789999962,1.25,0.99000001,0,0,0,1,0,0,0,0,0,0,0,0
1005,42,0,0,0,0,1,0.649999976,0.779999912,1.349999905,0.99000001,1,0,0,0,0,0,0,0,0,0,0,0
1006,42,0,0,0,0,1,0.649999976,0.789999962,1.349999905,1.289999962,0,0,0,0,0,0,0,0,0,1,0,0
1007,42,0,0,0,0,1,0.730000019,1.089999914,1.349999905,1.289999962,0,0,0,0,0,0,0,0,0,0,0,0
1008,42,0,0,0,0,1,0.730000019,1.089999914,1.349999905,1.289999962,0,0,0,0,0,0,1,0,0,0,0,0
1009,42,0,0,0,0,1,0.759999931,0.789999962,1.349999905,0.799999952,0,1,0,0,0,0,0,0,0,0,0,1
1010,42,0,0,0,0,1,0.759999931,1.089999914,1.349999905,0.799999952,0,0,0,1,0,0,0,0,0,0,0,0
1011,42,0,0,0,0,1,0.789999962,1.089999914,1.190000057,1.149999976,0,0,0,0,0,0,0,0,0,0,0,0
1012,42,0,0,0,0,1,0.859999955,0.889999986,1.209999919,0.99000001,0,0,0,0,0,0,0,0,0,0,0,1
1013,42,0,0,0,0,1,0.889999986,0.99000001,1.199999928,0.99000001,0,0,0,1,0,0,0,0,0,0,0,0
1014,42,1,1,0,0,0,0.789999962,1.089999914,1.039999962,0.99000001,1,0,0,0,0,0,0,0,0,0,0,0
1015,43,0,0,0,0,1,0.5,0.889999986,0.99000001,0.889999986,0,0,0,0,0,0,0,0,0,0,0,0
1016,43,0,1,0,0,0,0.5,0.889999986,0.889999986,1.049999952,0,0,0,0,0,0,0,0,1,0,1,0
1017,43,0,0,0,0,1,0.649999976,0.889999986,0.889999986,1.049999952,0,0,1,0,0,0,0,0,0,0,0,0
1018,43,0,1,0,0,0,0.649999976,0.789999962,1.019999981,1.049999952,0,0,0,0,0,0,0,0,0,0,0,0
1019,43,0,0,1,0,0,0.649999976,0.689999998,1.070000052,1.149999976,0,0,1,0,0,0,0,0,0,1,0,0
1020,43,0,1,0,0,0,0.549999952,0.99000001,1.089999914,1.190000057,0,0,0,0,0,0,0,0,0,0,0,0
1021,43,0,0,0,1,0,0.519999921,0.970000029,1.089999914,1.149999976,0,0,0,1,0,0,1,0,0,0,0,0
1022,43,0,0,0,0,1,0.599999964,0.970000029,1.149999976,1.25,0,0,0,0,0,0,0,0,0,0,0,0
1023,43,0,0,0,0,1,0.599999964,0.970000029,1.149999976,1.089999914,1,0,0,0,0,0,0,0,0,0,0,0
1024,43,0,0,0,0,1,0.599999964,0.970000029,1.25,1.089999914,0,0,0,0,0,0,0,1,0,0,0,0
1025,43,0,0,0,0,1,0.599999964,0.970000029,1.25,1.089999914,0,0,0,0,0,0,0,0,0,0,0,0
1026,43,0,0,0,1,0,0.589999914,1.049999952,1.289999962,0.99000001,0,0,0,1,0,0,0,0,0,0,0,0
1027,43,0,0,0,0,1,0.649999976,1.049999952,1.289999962,0.99000001,0,0,0,0,0,0,0,0,0,0,0,0
1028,43,1,0,1,0,0,0.649999976,1.049999952,1.289999962,1.289999962,0,0,0,0,0,0,0,0,0,0,0,0
1029,44,0,0,1,0,0,0.589999914,0.579999924,0.879999995,0.879999995,0,0,0,0,0,0,0,0,0,0,0,0
1030,44,0,0,0,0,1,0.589999914,0.920000017,0.980000019,0.879999995,0,1,0,0,0,0,0,0,0,0,0,0
1031,44,0,0,0,0,1,0.589999914,0.930000007,0.879999995,0.879999995,0,0,0,0,0,0,0,0,0,0,0,0
1032,44,0,0,0,0,1,0.589999914,0.930000007,0.980000019,0.879999995,0,0,0,0,0,0,0,0,0,0,0,0
1033,44,0,0,0,1,0,0.579999924,0.930000007,0.980000019,1.089999914,0,0,0,0,0,0,0,0,0,0,0,0
1034,44,0,0,0,0,1,0.579999924,0.930000007,0.99000001,0.980000019,0,0,1,0,0,0,0,0,0,0,0,0
1035,44,0,0,0,0,1,0.579999924,0.930000007,1.029999971,0.980000019,0,0,1,0,0,0,0,0,0,0,0,0
1036,44,0,0,0,0,1,0.579999924,0.930000007,1.089999914,0.980000019,0,0,0,1,0,0,0,0,0,0,0,0
1037,44,0,0,0,0,1,0.579999924,0.879999995,1.089999914,1.049999952,0,1,0,0,0,0,0,0,0,0,0,0
1038,44,0,0,1,0,0,0.579999924,0.879999995,1.089999914,1.079999924,0,1,0,0,0,0,0,0,0,0,0,0
1039,44,0,0,0,0,1,0.579999924,0.879999995,0.980000019,0.980000019,0,1,0,1,0,0,0,0,0,0,0,0
1040,44,0,0,1,0,0,0.579999924,0.879999995,0.980000019,1.079999924,0,0,0,1,0,0,0,0,0,0,0,0
1041,44,0,0,0,1,0,0.579999924,0.879999995,0.980000019,1.079999924,0,0,0,1,0,0,0,0,0,0,1,0
1042,44,0,0,0,0,1,0.579999924,0.879999995,1.129999995,1.079999924,0,0,1,1,0,0,0,0,0,0,0,0
1043,44,0,0,0,0,1,0.629999995,0.930000007,1.190000057,0.980000019,1,0,0,0,0,0,0,0,0,0,0,1
1044,44,0,0,0,0,1,0.629999995,0.930000007,1.190000057,1,1,0,0,0,0,0,0,0,0,0,0,0
1045,44,0,0,0,0,1,0.579999924,0.930000007,1.119999886,0.980000019,0,0,1,1,0,0,0,0,0,0,0,0
1046,44,0,0,0,0,1,0.629999995,0.930000007,1.119999886,0.980000019,1,0,0,1,0,0,0,0,0,0,0,0
1047,44,0,0,0,0,1,0.680000007,0.930000007,1.119999886,0.980000019,1,0,0,0,0,0,0,0,0,0,0,0
1048,44,0,0,0,0,1,0.579999924,1.23999989,1.049999952,0.980000019,0,0,0,0,0,0,0,0,0,0,0,0
1049,44,0,0,0,0,1,0.579999924,1.23999989,1.049999952,0.980000019,1,0,0,0,0,0,0,0,0,0,0,0
1050,44,0,0,0,0,1,0.579999924,1.23999989,1.049999952,0.980000019,1,0,0,0,0,0,0,0,0,0,0,0
1051,44,1,0,0,0,1,0.579999924,1.23999989,1.049999952,0,1,0,0,0,0,0,0,0,0,0,0,0
1052,45,0,0,0,1,0,0.709999979,0.689999998,0.879999995,0.889999986,0,0,0,0,0,0,0,0,0,0,0,0
1053,45,0,0,0,1,0,0.709999979,0.980000019,0.99000001,1.089999914,0,0,0,0,0,0,0,0,0,0,0,0
1054,45,0,0,0,1,0,0.709999979,0.99000001,1.089999914,0.99000001,0,0,0,1,0,0,0,0,0,0,0,0
1055,45,0,0,0,1,0,0.709999979,0.99000001,1.089999914,0.99000001,0,0,0,0,0,0,0,0,0,0,0,0
1056,45,0,0,0,1,0,0.779999912,0.789999962,1.089999914,1.089999914,0,0,0,0,0,0,0,0,0,0,0,0
1057,45,0,0,0,1,0,0.779999912,0.789999962,1.089999914,1.089999914,0,0,0,0,0,0,0,0,0,0,0,0
1058,45,0,0,0,1,0,0.779999912,0.789999962,1.089999914,0.889999986,0,0,0,0,0,0,0,0,0,0,0,0
1059,45,0,0,0,1,0,0.779999912,1.029999971,1.089999914,0.889999986,0,0,0,0,0,0,0,0,0,0,0,0
1060,45,0,0,0,1,0,0.779999912,1.029999971,1.089999914,0.889999986,0,0,0,0,0,0,0,0,0,0,0,0
1061,45,0,0,0,0,1,0.779999912,0.980000019,1.089999914,0.889999986,0,0,0,0,0,0,0,0,0,0,0,0
1062,45,0,0,0,1,0,0.639999986,1.029999971,1.089999914,1.190000057,0,0,0,0,0,0,0,0,0,0,0,0
1063,45,0,0,0,1,0,0.779999912,1.089999914,1.089999914,1.190000057,0,0,0,0,0,0,0,0,0,0,0,0
1064,45,0,0,0,1,0,0.709999979,1.089999914,1.190000057,0.99000001,0,0,0,0,0,0,0,0,0,0,0,0
1065,45,0,0,0,1,0,0.779999912,1.089999914,1.089999914,1.190000057,0,0,0,0,0,0,0,0,0,0,0,0
1066,45,0,0,0,1,0,0.779999912,0.889999986,1.089999914,1.190000057,0,0,0,0,0,0,0,0,0,0,0,0
1067,45,0,0,0,1,0,0.779999912,0.980000019,1.190000057,0.99000001,0,0,0,0,0,0,0,0,0,0,0,0
1068,45,0,0,0,1,0,0.779999912,0.980000019,1.089999914,1.289999962,0,0,0,0,0,0,0,0,0,0,0,0
1069,45,0,0,0,1,0,0.779999912,0.980000019,1.089999914,1.289999962,0,0,0,0,0,0,0,0,0,0,0,0
1070,45,0,0,0,1,0,0.639999986,0.980000019,1.209999919,1.190000057,0,0,0,0,0,0,0,1,0,0,0,0
1071,45,0,0,0,1,0,0.639999986,0.980000019,1.209999919,1.190000057,1,0,0,0,0,0,0,0,0,0,0,0
1072,45,0,0,0,0,1,0.609999955,0.970000029,0.99000001,1.25,0,0,1,0,0,0,0,0,0,0,0,0
1073,45,0,0,0,1,0,0.779999912,0.789999962,1.209999919,1.089999914,0,0,0,0,0,0,0,0,0,0,0,0
1074,45,0,0,0,1,0,0.779999912,0.789999962,1.209999919,1.089999914,0,0,0,0,0,0,0,0,0,0,0,0
1075,45,0,0,0,1,0,0.930000007,1.089999914,1.209999919,1.289999962,0,0,0,1,0,0,0,0,0,0,0,0
1076,45,0,0,0,1,0,0.839999914,1.089999914,1.209999919,1.089999914,0,0,0,0,0,0,0,0,0,0,0,0
1077,45,0,0,0,1,0,0.819999933,0.949999988,1.209999919,0.99000001,0,0,0,1,0,0,0,0,0,0,0,0
1078,45,0,0,0,1,0,0.789999962,1.089999914,1.089999914,1.289999962,0,0,0,0,0,0,0,0,0,0,0,0
1079,45,1,0,0,1,0,0.720000029,0.949999988,1.039999962,0.99000001,1,0,0,0,0,0,0,0,0,0,0,0
1080,46,0,0,0,0,1,0.689999998,0.789999962,0.99000001,1.129999995,0,0,0,0,0,0,0,0,0,0,0,0
1081,46,0,0,0,0,1,0.689999998,0.889999986,0.99000001,1.129999995,0,0,0,0,0,0,0,0,0,0,0,0
1082,46,0,0,0,0,1,0.789999962,0.889999986,1.389999986,1.129999995,0,0,0,0,0,0,0,0,0,0,0,0
1083,46,0,0,0,0,1,0.5,0.889999986,1.019999981,0.889999986,0,0,0,0,0,0,0,0,1,0,0,0
1084,46,0,0,0,0,1,0.789999962,0.789999962,1.089999914,1.129999995,0,0,0,0,0,0,0,0,0,0,0,0
1085,46,0,0,0,0,1,0.689999998,0.789999962,1.25,0.99000001,1,0,0,0,0,0,0,0,0,0,0,0
1086,46,0,0,0,0,1,0.649999976,0.789999962,1.149999976,1.289999962,0,0,0,0,0,0,0,0,0,0,0,0
1087,46,0,0,0,0,1,0.599999964,0.970000029,0.99000001,1.25,0,0,1,0,0,0,0,0,0,0,0,0
1088,46,0,0,0,0,1,0.649999976,0.970000029,1.25,1.089999914,0,0,0,0,0,0,0,0,0,0,0,0
1089,46,0,0,0,0,1,0.649999976,0.970000029,1.25,1.25,0,0,0,1,0,0,0,0,0,0,0,0
1090,46,0,0,0,0,1,0.730000019,1.089999914,1.349999905,1.289999962,0,0,0,0,0,0,0,0,0,0,0,0
1091,46,0,0,0,0,1,0.599999964,0.970000029,1.25,1.25,0,0,0,0,0,0,0,0,0,0,0,0
1092,46,0,0,0,1,0,0.889999986,0.99000001,1.349999905,1.089999914,0,0,0,0,0,0,0,0,0,0,0,0
1093,46,0,0,0,1,0,0.889999986,1.190000057,1.289999962,1.289999962,0,0,0,0,0,0,0,0,0,0,0,0
1094,46,0,0,0,0,1,0.889999986,0.99000001,1.349999905,1.089999914,0,0,0,0,0,1,0,0,0,0,0,0
1095,46,0,0,0,1,0,0.720000029,1.089999914,1.039999962,0.99000001,1,0,0,0,0,0,0,0,0,0,0,0
1096,46,1,0,0,1,0,0.959999979,1.289999962,1.039999962,1.2299999,1,0,0,0,0,0,0,0,0,0,0,0
1097,47,0,0,0,0,1,0.709999979,0.99000001,1.089999914,0.99000001,0,0,0,0,0,0,0,0,0,0,0,0
1098,47,0,0,0,0,1,0.649999976,0.889999986,0.99000001,1.049999952,0,0,0,0,0,0,0,0,0,0,0,0
1099,47,0,0,0,0,1,0.649999976,0.789999962,1.049999952,0.889999986,0,0,0,0,0,0,0,0,0,0,0,0
1100,47,0,0,0,0,1,0.649999976,0.889999986,1.019999981,0.889999986,0,1,0,0,0,0,0,0,0,0,0,0
1101,47,0,0,0,0,1,0.649999976,0.889999986,1.019999981,0.889999986,0,0,0,0,0,0,0,0,0,0,0,0
1102,47,0,0,0,0,1,0.5,0.889999986,1.070000052,1.149999976,0,0,0,0,0,0,0,0,1,0,0,0
1103,47,0,0,0,0,1,0.519999921,0.889999986,1.149999976,0.99000001,0,1,1,0,1,0,0,0,0,0,0,0
1104,47,0,0,0,0,1,0.709999979,1.089999914,1.190000057,0.99000001,0,0,0,0,0,0,0,0,0,0,0,0
1105,47,0,0,0,0,1,0.519999921,0.970000029,1.089999914,1.149999976,0,0,0,0,0,0,0,0,0,0,0,0
1106,47,0,0,0,0,1,0.599999964,0.970000029,1.149999976,0.99000001,0,0,0,0,0,0,0,0,0,0,0,0
1107,47,0,0,0,0,1,0.599999964,0.970000029,1.149999976,0.99000001,0,0,0,0,0,0,0,0,0,0,0,0
1108,47,0,0,0,0,1,0.569999933,0.970000029,1.149999976,1.089999914,0,0,0,0,0,0,0,0,1,0,0,0
1109,47,0,0,0,0,1,0.639999986,0.980000019,1.209999919,1.190000057,0,0,0,0,0,0,0,0,0,0,0,0
1110,47,0,0,0,0,1,0.599999964,0.970000029,0.99000001,1.25,0,0,1,0,0,0,0,0,0,0,0,0
1111,47,0,0,0,0,1,0.599999964,0.970000029,0.99000001,1.25,0,0,0,0,0,0,0,0,0,0,1,0
1112,47,0,0,0,0,1,0.579999924,0.879999995,0.980000019,1.079999924,0,1,0,0,0,0,0,0,0,0,0,0
1113,47,0,0,0,0,1,0.599999964,0.970000029,1.25,1.089999914,0,0,0,0,0,0,0,0,0,0,0,0
1114,47,0,0,0,0,1,0.599999964,0.970000029,1.25,1.089999914,0,0,0,0,0,0,0,0,0,0,0,0
1115,47,0,1,0,0,0,0.889999986,1.089999914,1.209999919,1.190000057,0,0,0,1,0,0,0,0,0,0,0,0
1116,47,0,0,0,0,1,0.599999964,0.970000029,1.25,1.25,0,0,0,0,0,0,0,0,0,0,0,0
1117,47,0,0,0,0,1,0.959999979,1.089999914,1.089999914,1.089999914,1,0,0,0,0,0,0,0,0,0,0,0
1118,47,0,0,0,0,1,0.930000007,1.089999914,1.209999919,1.289999962,0,0,0,1,0,0,0,0,0,0,0,0
1119,47,0,0,0,0,1,0.599999964,1.00999999,1.25,1.25,0,0,0,0,0,0,0,0,0,0,0,0
1120,47,0,0,0,0,1,0.649999976,1.049999952,1.25,0.99000001,0,0,0,0,0,0,0,0,0,0,0,0
1121,47,0,0,0,0,1,0.649999976,1.049999952,1.25,0.99000001,0,0,0,0,0,0,0,0,0,0,0,0
1122,47,0,0,0,0,1,0.649999976,1.049999952,1.25,0.99000001,0,0,0,0,0,0,0,0,0,0,0,0
1123,47,0,0,0,0,1,0.649999976,1.049999952,1.25,0.99000001,0,0,0,0,0,0,0,0,0,0,0,0
1124,47,0,0,0,0,1,0.649999976,1.049999952,1.169999957,1.289999962,0,0,1,0,0,0,0,0,0,0,0,0
1125,47,0,0,0,0,1,0.649999976,1.049999952,1.169999957,1.289999962,0,0,1,0,0,0,0,0,0,0,0,0
1126,47,0,0,0,0,1,0.589999914,1.049999952,1.25,0.99000001,0,0,0,1,0,0,0,0,0,0,0,0
1127,47,0,0,0,0,1,0.589999914,1.049999952,1.25,0.99000001,0,0,0,1,0,0,0,0,0,0,0,0
1128,47,1,0,0,0,1,0.589999914,1.049999952,1.289999962,0.99000001,0,0,0,0,0,0,0,0,0,0,0,1
1129,48,0,0,0,0,1,0.649999976,0.889999986,0.99000001,1.049999952,0,0,0,0,0,0,0,0,0,0,0,0
1130,48,0,0,0,0,1,0.779999912,0.980000019,1.089999914,1.289999962,0,0,0,0,0,0,0,0,0,0,0,0
1131,48,0,0,0,0,1,0.599999964,0.970000029,1.149999976,1.089999914,1,0,0,0,0,0,0,0,0,0,0,0
1132,48,0,0,0,0,1,0.639999986,0.980000019,1.209999919,1.190000057,0,0,0,0,0,0,0,0,0,0,0,0
1133,48,0,0,0,0,1,0.779999912,0.980000019,1.190000057,1.289999962,0,0,0,1,0,0,0,0,0,0,0,0
1134,48,0,0,0,0,1,0.779999912,0.980000019,1.209999919,0.74000001,0,0,0,0,0,0,0,0,0,0,0,0
1135,48,0,0,0,0,1,0.779999912,0.789999962,1.209999919,1.089999914,0,0,0,0,0,0,0,0,0,0,0,0
1136,48,0,0,0,0,1,0.789999962,1.089999914,1.209999919,1.089999914,0,0,0,1,0,0,0,0,0,0,0,0
1137,48,0,0,1,0,0,0.789999962,1.089999914,1.349999905,1.289999962,0,0,0,0,0,0,0,0,0,0,0,0
1138,48,0,0,0,0,1,0.930000007,1.089999914,1.209999919,1.289999962,0,0,0,1,0,0,0,0,0,0,0,0
1139,48,0,0,0,0,1,0.680000007,0.930000007,1.129999995,0.980000019,1,0,0,0,0,0,0,1,0,0,0,0
1140,48,0,0,0,0,1,0.819999933,1.089999914,1.209999919,0.99000001,0,0,1,0,0,0,0,0,0,0,0,0
1141,48,0,0,0,0,1,0.589999914,1.049999952,0.99000001,1.289999962,0,0,0,0,0,0,0,0,0,0,1,0
1142,48,0,0,0,0,1,0.589999914,1.049999952,1.289999962,1.289999962,0,0,0,0,0,0,0,0,0,0,0,0
1143,48,0,0,0,0,1,0.589999914,1.049999952,1.289999962,0.99000001,0,0,0,0,0,0,0,0,0,0,0,1
1144,48,0,0,0,0,1,0.649999976,1.049999952,1.289999962,0.99000001,0,0,0,1,0,0,0,0,0,0,0,0
1145,48,1,0,0,0,1,0.649999976,1.049999952,1.289999962,1.289999962,0,0,0,0,0,0,0,0,0,0,0,0
1146,49,0,1,0,0,0,0.549999952,0.99000001,1.089999914,0.99000001,0,0,0,0,0,0,0,0,0,0,0,0
1147,49,0,1,0,0,0,0.549999952,0.789999962,1.089999914,1.089999914,0,0,0,0,0,0,0,0,0,0,0,0
1148,49,0,1,0,0,0,0.549999952,0.49000001,1.089999914,1.089999914,0,0,0,0,0,1,0,0,0,0,0,0
1149,49,0,1,0,0,0,0.549999952,0.789999962,1.089999914,1.089999914,0,0,0,0,0,0,0,0,0,0,0,0
1150,49,0,1,0,0,0,0.549999952,0.789999962,1.089999914,1.089999914,0,0,0,0,0,0,0,0,0,0,0,0
1151,49,0,1,0,0,0,0.549999952,0.789999962,1.089999914,0.889999986,0,0,0,0,0,0,0,0,0,0,0,0
1152,49,0,1,0,0,0,0.549999952,1.029999971,1.089999914,0.889999986,0,0,0,0,0,0,0,0,0,0,0,0
1153,49,0,1,0,0,0,0.889999986,0.789999962,1.049999952,1.089999914,0,0,0,0,0,0,0,0,0,0,0,0
1154,49,0,1,0,0,0,0.549999952,0.789999962,1.049999952,1.089999914,0,0,0,0,0,0,0,0,0,0,0,0
1155,49,0,1,0,0,0,0.889999986,0.980000019,1.089999914,0.889999986,0,0,0,0,0,0,0,0,0,0,0,0
1156,49,0,1,0,0,0,0.889999986,0.980000019,1.089999914,0.889999986,0,0,0,0,0,0,0,0,0,0,0,0
1157,49,0,1,0,0,0,0.549999952,0.980000019,1.089999914,0.889999986,0,0,0,0,0,0,0,0,0,0,0,0
1158,49,0,1,0,0,0,0.689999998,1.029999971,1.089999914,1.190000057,0,0,0,0,0,0,0,0,0,0,0,0
1159,49,0,1,0,0,0,0.549999952,1.089999914,1.089999914,1.190000057,0,0,0,0,0,0,0,0,0,0,0,0
1160,49,0,1,0,0,0,0.549999952,0.99000001,1.089999914,1.190000057,0,0,0,0,0,0,0,0,0,0,0,0
1161,49,0,1,0,0,0,0.549999952,1.089999914,1.190000057,0.99000001,0,0,0,0,0,0,0,0,0,0,0,0
1162,49,0,1,0,0,0,0.549999952,1.089999914,1.190000057,0.99000001,0,0,0,0,0,0,0,0,0,0,0,0
1163,49,0,1,0,0,0,0.549999952,0.889999986,1.089999914,1.190000057,0,0,0,0,0,0,0,0,0,0,0,0
1164,49,0,1,0,0,0,0.689999998,0.789999962,1.25,0.99000001,1,0,0,1,0,0,0,0,0,0,0,0
1165,49,0,1,0,0,0,0.889999986,0.980000019,1.190000057,0.99000001,0,0,0,0,0,0,0,0,0,0,0,0
1166,49,0,1,0,0,0,0.549999952,0.980000019,1.089999914,1.289999962,0,0,0,0,0,0,0,0,0,0,0,0
1167,49,0,1,0,0,0,0.889999986,0.980000019,1.089999914,1.289999962,0,0,0,0,0,0,0,0,0,0,0,0
1168,49,0,1,0,0,0,0.689999998,0.980000019,1.209999919,1.190000057,0,0,0,0,0,0,0,1,0,0,0,0
1169,49,0,0,0,0,1,0.779999912,0.980000019,1.190000057,1.289999962,0,0,0,0,0,0,0,0,0,0,0,0
1170,49,0,0,0,0,1,0.779999912,0.980000019,1.190000057,1.289999962,0,0,0,1,0,0,0,0,0,0,0,0
1171,49,0,1,0,0,0,0.730000019,1.089999914,1.349999905,1.289999962,0,0,0,0,0,0,0,0,0,0,0,0
1172,49,0,1,0,0,0,0.889999986,0.789999962,1.209999919,1.089999914,0,0,0,0,0,0,0,0,0,0,0,0
1173,49,0,1,0,0,0,0.889999986,1.089999914,1.209999919,1.289999962,0,0,0,1,0,0,0,0,0,0,0,0
1174,49,0,0,0,0,1,1.149999976,0.980000019,1.089999914,1.089999914,0,0,0,0,0,0,0,0,0,0,0,0
1175,49,0,1,0,0,0,1.049999952,1.089999914,1.209999919,1.289999962,0,0,0,1,0,0,0,0,0,0,0,0
1176,49,0,0,1,0,0,0.930000007,1.089999914,1.209999919,1.289999962,0,0,0,1,0,0,0,0,0,0,0,0
1177,49,0,1,0,0,0,1.049999952,1.089999914,1.209999919,1.289999962,0,0,0,1,0,0,0,0,0,0,0,0
1178,49,0,1,0,0,0,0.949999988,1.089999914,1.209999919,0.99000001,0,0,0,1,0,0,0,0,0,0,0,0
1179,49,0,0,0,1,0,0.959999979,1.089999914,1.089999914,1.289999962,0,0,1,1,0,0,0,0,0,0,0,0
1180,49,0,0,1,0,0,0.819999933,0.949999988,1.209999919,0.99000001,0,0,0,1,0,0,0,0,0,0,0,0
1181,49,0,1,0,0,0,0.889999986,0.949999988,1.25,0.99000001,0,0,0,1,0,0,0,0,0,0,0,0
1182,49,0,0,0,0,1,0.680000007,0.930000007,1.119999886,0.980000019,1,0,0,0,0,0,0,0,0,0,0,0
1183,49,0,1,0,0,0,0.789999962,1.089999914,1.219999909,1.289999962,1,0,0,0,0,0,0,0,0,0,0,0
1184,49,0,1,0,0,0,0.379999995,1.23999989,1.049999952,0.980000019,0,0,0,1,0,0,0,0,0,0,0,0
1185,49,1,1,0,0,0,1.149999976,1.289999962,1.039999962,1.2299999,1,0,0,0,0,0,0,0,0,0,0,0
1186,50,0,0,0,0,1,0.5,0.889999986,0.99000001,0.889999986,0,0,0,0,0,0,0,0,0,0,0,0
1187,50,0,0,0,0,1,0.5,0.889999986,0.889999986,1.049999952,0,0,0,0,0,0,0,0,1,0,1,0
1188,50,0,0,0,0,1,0.5,0.889999986,0.99000001,0.889999986,0,0,0,1,0,0,0,0,1,0,0,0
1189,50,0,0,0,0,1,0.649999976,0.889999986,0.99000001,0.889999986,0,0,0,1,0,0,0,0,0,0,0,0
1190,50,0,0,0,0,1,0.779999912,1.029999971,1.089999914,0.889999986,0,0,0,0,0,0,0,0,0,0,0,0
1191,50,0,0,0,0,1,0.779999912,0.789999962,1.049999952,1.089999914,0,0,0,0,0,0,0,0,0,0,0,0
1192,50,0,0,0,0,1,0.649999976,0.889999986,1.019999981,0.889999986,0,0,0,1,0,0,0,0,0,0,0,0
1193,50,0,0,0,0,1,0.649999976,0.889999986,0.99000001,1.149999976,0,1,0,0,0,0,0,0,0,0,1,0
1194,50,0,0,0,0,1,0.599999964,0.889999986,1.149999976,0.99000001,0,0,0,1,0,0,0,0,0,0,0,0
1195,50,0,0,0,0,1,0.779999912,0.980000019,1.190000057,0.99000001,0,0,0,0,0,0,0,0,0,0,0,0
1196,50,0,0,0,0,1,0.599999964,0.970000029,1.149999976,1.25,0,0,0,0,0,0,0,0,0,0,0,0
1197,50,0,0,0,0,1,0.609999955,0.970000029,1.149999976,1.089999914,1,0,0,1,0,0,0,0,0,0,0,0
1198,50,0,0,0,0,1,0.599999964,0.970000029,0.99000001,1.25,0,0,1,0,0,0,0,0,0,0,0,0
1199,50,0,0,0,0,1,0.599999964,0.970000029,1.25,1.25,0,0,0,0,0,0,0,0,0,0,0,0
1200,50,0,0,0,0,1,0.930000007,1.089999914,1.209999919,1.289999962,0,0,0,1,0,0,0,0,0,0,0,0
1201,50,0,0,0,0,1,0.649999976,1.049999952,0.99000001,0.99000001,0,0,0,0,0,0,0,1,0,0,0,0
1202,50,1,0,0,0,1,0.649999976,1.049999952,1.289999962,1.289999962,0,0,0,0,0,0,0,0,0,0,0,0
1203,51,0,0,0,0,1,0.709999979,0.689999998,0.879999995,1.199999928,0,0,0,0,0,0,0,0,0,0,0,0
1204,51,0,0,0,0,1,0.689999998,0.889999986,0.99000001,1.129999995,0,0,1,1,0,0,0,0,0,0,0,0
1205,51,0,0,0,0,1,0.689999998,0.889999986,0.99000001,0.889999986,0,0,0,1,0,0,0,0,0,0,0,0
1206,51,0,0,0,0,1,0.689999998,0.889999986,0.99000001,1.129999995,0,0,0,1,0,0,0,0,0,0,0,0
1207,51,0,1,0,0,0,0.549999952,0.789999962,1.089999914,1.089999914,0,0,0,0,0,0,0,0,0,0,0,0
1208,51,0,0,0,0,1,0.779999912,0.789999962,1.089999914,1.089999914,0,0,0,0,0,0,0,0,0,0,0,0
1209,51,0,0,0,0,1,0.779999912,1.029999971,1.089999914,0.889999986,0,0,0,0,0,0,0,0,0,0,0,0
1210,51,0,0,0,0,1,0.779999912,1.029999971,1.089999914,0.889999986,0,0,0,0,0,0,0,0,0,0,0,0
1211,51,0,0,0,0,1,0.779999912,0.789999962,1.049999952,1.089999914,0,0,0,0,0,0,0,0,0,0,0,0
1212,51,0,0,0,0,1,0.779999912,0.980000019,1.049999952,1.089999914,0,0,0,0,0,0,0,0,0,0,0,0
1213,51,0,0,0,0,1,0.779999912,0.980000019,1.089999914,0.889999986,0,0,0,0,0,0,0,0,0,0,0,0
1214,51,0,0,0,0,1,0.779999912,0.980000019,1.089999914,0.889999986,0,0,0,0,0,0,0,0,0,0,0,0
1215,51,0,0,0,0,1,0.639999986,1.029999971,1.089999914,1.190000057,0,0,0,0,0,0,0,0,0,0,0,0
1216,51,0,0,0,0,1,0.639999986,1.089999914,1.089999914,1.190000057,0,0,0,0,0,0,0,0,0,0,0,0
1217,51,0,0,0,0,1,0.779999912,1.089999914,1.089999914,1.190000057,0,0,0,0,0,0,0,0,0,0,0,0
1218,51,0,0,0,0,1,0.709999979,1.089999914,1.190000057,0.99000001,0,0,0,0,0,0,0,0,0,0,0,0
1219,51,0,0,0,0,1,0.709999979,1.089999914,1.190000057,0.99000001,0,0,0,0,0,0,0,0,0,0,0,0
1220,51,0,0,0,0,1,0.779999912,1.089999914,1.089999914,1.190000057,0,0,0,0,0,0,0,0,0,0,0,0
1221,51,0,0,0,0,1,0.839999914,0.889999986,1.089999914,1.190000057,0,0,0,0,0,0,0,0,0,0,0,0
1222,51,0,0,0,0,1,0.779999912,0.889999986,1.089999914,1.190000057,0,0,0,0,0,0,0,0,0,0,0,0
1223,51,0,0,0,0,1,0.779999912,0.980000019,1.190000057,0.99000001,0,0,0,0,0,0,0,0,0,0,0,0
1224,51,0,0,0,0,1,0.779999912,0.980000019,1.190000057,0.99000001,0,0,0,0,0,0,0,0,0,0,0,0
1225,51,0,0,0,0,1,0.779999912,0.980000019,1.190000057,0.99000001,0,0,0,0,0,0,0,0,0,0,0,0
1226,51,0,0,0,0,1,0.779999912,0.980000019,1.089999914,1.289999962,0,0,0,0,0,0,0,0,0,0,0,0
1227,51,0,0,0,0,1,0.779999912,0.980000019,1.089999914,1.289999962,0,0,0,0,0,0,0,0,0,0,0,0
1228,51,0,0,0,0,1,0.639999986,0.980000019,1.089999914,1.289999962,0,0,0,0,0,0,0,0,0,0,0,0
1229,51,0,0,0,0,1,0.639999986,0.980000019,1.209999919,1.190000057,1,0,0,1,0,0,0,0,0,0,0,0
1230,51,0,0,0,0,1,0.639999986,0.980000019,1.209999919,1.190000057,1,0,0,0,0,0,0,0,0,0,0,0
1231,51,0,0,0,0,1,0.779999912,0.980000019,1.190000057,1.289999962,0,0,0,1,0,0,0,0,0,0,0,0
1232,51,0,0,0,0,1,0.779999912,0.980000019,1.190000057,1.289999962,0,0,0,0,0,0,0,0,0,0,0,0
1233,51,0,0,0,0,1,0.789999962,1.089999914,1.209999919,1.089999914,0,0,0,1,0,0,0,0,0,0,0,0
1234,51,0,0,0,0,1,0.789999962,1.089999914,1.209999919,1.289999962,0,0,0,0,0,0,0,0,0,0,0,0
1235,51,0,0,0,0,1,0.959999979,1.089999914,1.089999914,1.089999914,1,0,0,1,0,0,0,0,0,0,0,0
1236,51,0,0,0,0,1,0.959999979,1.089999914,1.089999914,1.089999914,0,0,0,1,0,0,0,0,0,0,0,0
1237,51,0,0,0,0,1,0.930000007,1.089999914,1.209999919,1.289999962,0,0,0,1,0,0,0,0,0,0,0,0
1238,51,0,0,0,0,1,0.859999955,1.089999914,1.209999919,1.089999914,0,0,0,0,0,0,0,0,0,0,0,0
1239,51,0,0,0,0,1,0.859999955,0.889999986,1.209999919,0.99000001,0,0,0,1,0,0,0,0,0,0,0,0
1240,51,0,0,0,0,1,0.649999976,1.049999952,1.169999957,1.289999962,0,0,1,0,0,0,0,0,0,0,0,0
1241,51,0,0,0,0,1,0.819999933,1.089999914,1.209999919,0.99000001,0,0,1,0,0,0,0,0,0,0,0,0
1242,51,0,0,0,0,1,0.819999933,0.949999988,1.209999919,0.99000001,0,0,0,0,0,0,0,0,0,0,0,0
1243,51,0,1,0,0,0,0.789999962,1.089999914,1.219999909,1.289999962,1,0,0,0,0,0,0,0,0,0,0,0
1244,51,0,0,0,0,1,0.720000029,0.949999988,1.039999962,0.99000001,1,0,0,0,0,0,0,0,0,0,0,0
1245,51,1,0,0,1,0,0.959999979,1.289999962,1.039999962,1.2299999,1,0,0,0,0,0,0,0,0,0,0,0
1246,52,0,0,1,0,0,0.689999998,0.789999962,0.99000001,0.949999988,0,0,0,0,0,0,0,0,0,0,0,0
1247,52,0,0,1,0,0,0.689999998,0.789999962,0.99000001,1.129999995,0,0,1,1,0,0,0,0,0,0,0,0
1248,52,0,0,1,0,0,0.689999998,0.99000001,0.99000001,1.00999999,0,0,0,1,0,0,0,0,0,0,0,0
1249,52,0,0,1,0,0,0.689999998,0.99000001,0.99000001,1.00999999,0,0,0,1,0,0,0,0,0,0,0,0
1250,52,0,0,1,0,0,0.789999962,0.99000001,0.99000001,1.00999999,0,0,0,0,0,0,0,0,0,0,0,0
1251,52,0,0,1,0,0,0.789999962,0.99000001,1.149999976,1.00999999,0,0,0,0,0,0,0,0,0,0,0,0
1252,52,0,0,1,0,0,0.789999962,0.99000001,1.25,1.179999828,0,0,0,0,0,0,0,0,0,0,0,0
1253,52,0,0,0,0,1,0.689999998,0.789999962,1.25,0.789999962,0,1,0,0,0,0,0,0,0,0,0,1
1254,52,0,0,1,0,0,0.49000001,0.789999962,1.25,1.059999824,0,0,0,1,1,0,0,0,0,0,0,0
1255,52,0,0,1,0,0,0.689999998,0.789999962,1.089999914,1.2299999,0,0,0,0,0,0,0,0,0,0,0,0
1256,52,0,0,1,0,0,0.689999998,0.789999962,1.25,0.99000001,1,0,0,0,0,0,0,0,0,0,0,0
1257,52,0,0,1,0,0,0.689999998,0.789999962,1.25,0.99000001,1,0,0,1,0,0,0,0,0,0,0,0
1258,52,0,0,1,0,0,0.689999998,0.689999998,1.149999976,1.139999986,0,0,0,1,0,1,0,0,0,0,0,0
1259,52,0,0,1,0,0,0.689999998,0.789999962,1.149999976,1.139999986,0,0,0,0,0,0,0,0,0,0,0,0
1260,52,0,0,1,0,0,0.649999976,0.789999962,1.349999905,1.089999914,0,0,0,1,0,0,0,0,0,0,0,0
1261,52,0,0,1,0,0,0.649999976,0.789999962,1.349999905,1.289999962,0,0,0,0,0,0,0,0,0,0,0,0
1262,52,0,0,1,0,0,0.75,0.789999962,1.349999905,1.289999962,0,0,0,0,0,0,0,0,0,0,0,0
1263,52,0,0,1,0,0,0.759999931,0.789999962,1.349999905,1.149999976,0,0,0,0,0,0,0,0,0,0,0,1
1264,52,0,0,0,0,1,0.789999962,1.089999914,1.190000057,1.149999976,0,0,0,0,0,0,0,0,0,0,0,0
1265,52,0,0,1,0,0,0.789999962,1.089999914,1.349999905,1.289999962,0,0,0,0,0,0,0,0,0,0,0,0
1266,52,0,0,0,0,1,0.789999962,1.089999914,1.349999905,1.289999962,0,0,0,0,0,0,0,0,0,0,0,0
1267,52,0,0,1,0,0,0.889999986,1.190000057,1.289999962,1.289999962,0,0,0,0,0,0,0,0,0,0,0,0
1268,52,0,0,1,0,0,0.889999986,1.190000057,1.289999962,0.99000001,0,0,0,0,0,0,0,1,0,0,0,0
1269,52,0,0,0,0,1,0.789999962,1.089999914,1.179999828,1.289999962,0,0,0,0,0,0,0,0,0,0,0,0
1270,52,0,0,1,0,0,0.889999986,0.889999986,1.349999905,1.039999962,0,0,0,0,0,0,0,0,0,0,0,0
1271,52,1,0,0,0,1,0.720000029,1.089999914,1.039999962,0.99000001,1,0,0,0,0,0,0,0,0,0,0,0
1272,53,0,0,0,0,1,0.680000007,0.689999998,0.879999995,0.869999945,0,0,0,0,0,0,0,0,0,0,0,0
1273,53,0,0,0,0,1,0.680000007,0.689999998,0.879999995,1.089999914,0,1,0,0,0,0,0,0,0,0,0,0
1274,53,0,0,0,0,1,0.589999914,0.930000007,0.879999995,0.879999995,0,0,0,0,0,0,0,0,0,0,0,0
1275,53,0,0,0,0,1,0.689999998,0.889999986,0.99000001,1.129999995,0,0,0,0,0,0,0,0,0,0,0,0
1276,53,0,0,0,0,1,0.689999998,0.889999986,0.99000001,1.129999995,0,0,0,0,0,1,0,0,0,0,0,0
1277,53,0,0,0,0,1,0.789999962,0.889999986,1.029999971,1.129999995,0,0,0,0,0,0,0,0,0,0,0,0
1278,53,0,0,0,0,1,0.779999912,0.980000019,1.089999914,0.889999986,0,0,0,0,0,0,0,0,0,0,0,0
1279,53,0,0,0,0,1,0.789999962,0.889999986,1.25,1.129999995,0,0,0,0,0,0,0,0,0,0,0,0
1280,53,0,0,0,0,1,0.779999912,1.089999914,1.089999914,1.190000057,0,0,0,0,0,0,0,0,0,0,0,0
1281,53,0,0,0,0,1,0.579999924,0.930000007,0.980000019,0.980000019,0,0,0,0,0,0,0,0,0,0,0,0
1282,53,0,0,0,0,1,0.689999998,0.789999962,1.089999914,1.2299999,0,0,0,0,0,0,0,0,0,0,0,0
1283,53,0,0,0,0,1,0.579999924,0.930000007,0.980000019,0.980000019,0,0,0,0,0,0,0,0,0,0,0,0
1284,53,0,0,0,0,1,0.689999998,0.789999962,1.25,0.99000001,0,0,0,0,0,0,0,0,0,0,0,0
1285,53,0,0,0,0,1,0.779999912,0.980000019,1.089999914,1.289999962,0,0,0,0,0,0,0,0,0,0,0,0
1286,53,0,0,0,0,1,0.639999986,0.789999962,1.209999919,1.190000057,1,1,0,0,0,0,0,0,0,0,0,0
1287,53,0,0,0,0,1,0.779999912,0.789999962,1.190000057,1.289999962,1,1,0,0,0,0,0,0,0,0,0,0
1288,53,0,0,0,0,1,0.680000007,1.089999914,1.23999989,1.089999914,0,0,1,0,0,0,0,1,0,0,0,0
1289,53,0,0,0,0,1,0.730000019,1.089999914,1.349999905,1.289999962,0,0,0,0,0,0,0,0,0,0,0,0
1290,53,0,0,0,0,1,0.930000007,1.089999914,1.199999928,1.289999962,0,0,0,0,0,0,0,0,0,0,0,0
1291,53,0,0,0,0,1,0.579999924,0.930000007,1.190000057,0.980000019,0,0,0,0,0,0,0,0,0,0,0,0
1292,53,0,0,0,0,1,0.819999933,1.089999914,1.25,0.99000001,0,0,1,0,0,0,0,0,0,0,0,0
1293,53,1,0,0,0,1,0.639999986,1.23999989,1.049999952,1.190000057,0,0,0,0,0,0,0,0,0,0,0,0
1294,54,0,1,0,0,0,0.649999976,0.889999986,0.99000001,0.889999986,0,0,0,0,0,0,0,0,0,0,0,0
1295,54,0,1,0,0,0,0.649999976,0.589999914,0.99000001,0.889999986,1,0,0,1,0,1,0,0,0,0,0,0
1296,54,0,1,0,0,0,0.649999976,0.889999986,0.889999986,0.99000001,0,0,0,1,0,0,0,0,0,0,1,0
1297,54,0,1,0,0,0,0.649999976,0.889999986,0.99000001,0.889999986,0,0,1,1,0,0,0,0,0,0,0,0
1298,54,0,1,0,0,0,0.649999976,0.889999986,0.99000001,1.089999914,0,0,0,1,0,0,0,0,0,0,0,0
1299,54,0,1,0,0,0,0.649999976,0.889999986,0.99000001,1.089999914,0,0,0,0,0,0,0,0,0,0,0,0
1300,54,0,1,0,0,0,0.649999976,0.689999998,1.089999914,0.889999986,0,0,0,0,0,0,0,0,0,0,0,1
1301,54,0,1,0,0,0,0.649999976,0.889999986,1.039999962,0.99000001,0,1,0,1,0,0,0,0,0,0,0,0
1302,54,0,1,0,0,0,0.649999976,0.889999986,1.039999962,0.99000001,0,1,0,0,0,0,0,0,0,0,0,0
1303,54,0,1,0,0,0,0.649999976,0.889999986,1.089999914,0.889999986,0,0,0,1,0,0,0,0,0,0,0,0
1304,54,0,1,0,0,0,0.649999976,0.889999986,1.089999914,1.190000057,0,0,0,1,0,0,0,0,0,0,0,0
1305,54,0,1,0,0,0,0.649999976,0.889999986,1.089999914,1.190000057,0,0,0,0,0,0,0,0,0,0,0,0
1306,54,0,0,1,0,0,0.609999955,0.689999998,1.089999914,1.190000057,0,0,0,0,0,0,0,0,0,1,0,0
1307,54,0,1,0,0,0,0.649999976,0.789999962,0.99000001,1.190000057,0,0,1,0,0,0,0,0,0,0,0,0
1308,54,0,1,0,0,0,0.649999976,0.789999962,1.149999976,0.99000001,0,0,1,0,0,0,0,0,0,0,0,0
1309,54,0,1,0,0,0,0.649999976,0.879999995,0.99000001,1.190000057,0,0,0,0,0,1,1,0,0,0,0,0
1310,54,0,1,0,0,0,0.649999976,0.970000029,1.149999976,0.99000001,0,0,0,0,0,0,0,0,0,0,0,0
1311,54,0,1,0,0,0,0.649999976,0.970000029,1.149999976,0.99000001,0,0,0,1,0,0,0,0,0,0,0,0
1312,54,0,1,0,0,0,0.649999976,0.970000029,1.149999976,1.190000057,0,0,0,1,0,0,0,0,0,0,0,0
1313,54,0,1,0,0,0,0.649999976,0.970000029,1.149999976,1.25,0,0,0,0,0,0,0,0,0,0,0,0
1314,54,0,1,0,0,0,0.589999914,0.970000029,1.149999976,1.25,0,0,0,0,0,0,0,0,1,0,0,0
1315,54,0,1,0,0,0,0.649999976,0.970000029,1.25,1.089999914,0,0,0,1,0,0,0,0,0,0,0,0
1316,54,0,1,0,0,0,0.649999976,0.970000029,0.99000001,1.25,0,0,1,0,0,0,0,0,0,0,0,0
1317,54,0,1,0,0,0,0.649999976,0.970000029,0.99000001,1.25,0,0,0,0,0,0,0,0,0,0,1,0
1318,54,0,1,0,0,0,0.649999976,0.970000029,1.289999962,1.089999914,0,0,1,1,0,0,0,0,0,0,0,0
1319,54,0,1,0,0,0,0.649999976,0.970000029,1.289999962,1.089999914,0,0,0,0,0,0,0,0,0,0,0,1
1320,54,0,1,0,0,0,0.649999976,0.970000029,1.289999962,1.089999914,0,0,0,0,0,0,0,0,0,0,0,1
1321,54,0,1,0,0,0,0.649999976,0.970000029,1.289999962,1.089999914,0,0,0,1,0,0,0,0,0,0,0,0
1322,54,0,1,0,0,0,0.649999976,0.970000029,1.289999962,1.25,0,0,0,0,0,0,0,0,0,0,0,0
1323,54,0,1,0,0,0,0.649999976,0.970000029,1.25,1.25,0,0,0,0,0,0,0,0,0,0,0,0
1324,54,0,1,0,0,0,0.649999976,1.029999971,1.089999914,1.089999914,0,0,1,0,0,0,0,0,0,0,0,1
1325,54,0,1,0,0,0,0.5,1.029999971,1.089999914,1.089999914,0,0,1,1,0,0,0,0,1,0,0,0
1326,54,0,1,0,0,0,0.649999976,1.089999914,1.289999962,1.25,0,0,0,0,0,0,0,0,0,0,0,0
1327,54,0,1,0,0,0,0.649999976,1.049999952,1.289999962,0.99000001,0,0,0,0,0,0,0,0,0,0,0,0
1328,54,0,1,0,0,0,0.5,1.049999952,1.289999962,0.99000001,0,0,0,1,0,0,0,0,1,0,0,0
1329,54,0,1,0,0,0,0.649999976,1.049999952,1.289999962,0.99000001,0,0,0,1,0,0,0,0,0,0,0,0
1330,54,0,1,0,0,0,0.649999976,1.049999952,1.190000057,1.25,0,0,0,1,0,0,0,0,0,0,0,0
1331,54,0,1,0,0,0,0.649999976,1.049999952,1.25,0.99000001,1,0,0,0,0,0,0,0,0,0,0,0
1332,54,0,1,0,0,0,0.649999976,1.049999952,1.25,0.99000001,0,0,0,1,0,0,0,0,0,0,0,0
1333,54,0,0,0,0,1,0.609999955,1.049999952,1.25,0.99000001,0,0,0,1,0,0,0,0,0,0,0,0
1334,54,0,1,0,0,0,0.649999976,1.049999952,0.99000001,1.25,0,0,0,0,0,0,0,0,0,0,1,0
1335,54,0,1,0,0,0,0.649999976,1.049999952,0.99000001,1.25,0,0,1,0,0,0,0,0,0,0,0,0
1336,54,0,1,0,0,0,0.649999976,1.049999952,1.289999962,1.25,0,0,1,0,0,0,0,0,0,0,0,0
1337,54,0,1,0,0,0,0.649999976,1.049999952,1.289999962,0.99000001,0,0,0,1,0,0,0,0,0,0,0,0
1338,54,1,1,0,0,0,0.649999976,1.049999952,1.289999962,0.99000001,0,0,0,1,0,0,0,0,0,0,0,0
1339,55,0,0,0,0,1,0.5,0.889999986,0.99000001,0.889999986,0,0,0,0,0,0,0,0,0,0,0,0
1340,55,0,1,0,0,0,0.5,0.889999986,0.99000001,0.889999986,0,0,0,1,0,0,0,0,1,0,0,0
1341,55,0,0,0,0,1,0.649999976,0.889999986,0.99000001,0.889999986,0,0,0,0,0,0,0,0,0,0,0,0
1342,55,0,0,0,0,1,0.649999976,0.889999986,1.049999952,0.889999986,0,0,0,0,0,0,0,1,0,0,0,0
1343,55,0,0,0,0,1,0.649999976,0.889999986,1.049999952,0.889999986,0,0,0,0,0,0,0,0,0,0,0,0
1344,55,0,0,0,0,1,0.49000001,0.889999986,1.019999981,0.889999986,0,0,0,0,0,0,0,0,0,0,0,1
1345,55,0,0,1,0,0,0.649999976,0.889999986,1.070000052,1.149999976,0,0,0,0,0,0,0,0,0,0,0,0
1346,55,0,0,0,0,1,0.649999976,0.889999986,1.149999976,0.99000001,0,0,1,0,0,0,0,0,0,0,0,0
1347,55,0,0,0,0,1,0.649999976,0.889999986,1.149999976,1.149999976,0,0,1,0,0,0,0,0,0,0,0,0
1348,55,0,0,0,0,1,0.839999914,0.889999986,1.089999914,1.190000057,0,0,0,0,0,0,0,0,0,0,0,0
1349,55,0,0,0,0,1,0.680000007,1.089999914,1.169999957,1.129999995,0,0,0,0,0,0,0,0,0,0,0,0
1350,55,0,0,0,0,1,0.649999976,0.879999995,1.149999976,0.99000001,0,0,0,1,0,0,0,0,0,0,0,0
1351,55,0,0,0,0,1,0.649999976,0.879999995,1.25,1.089999914,0,0,0,0,0,0,0,0,0,0,0,1
1352,55,0,0,0,0,1,0.649999976,0.879999995,1.25,1.089999914,0,0,0,1,0,0,0,0,0,0,0,0
1353,55,0,1,0,0,0,0.649999976,0.879999995,1.25,1.089999914,0,0,0,1,0,0,0,0,0,0,0,0
1354,55,0,0,0,0,1,0.649999976,0.970000029,1.25,1.089999914,0,0,0,0,0,0,0,0,0,0,0,1
1355,55,0,0,0,0,1,0.680000007,1.089999914,1.23999989,1.190000057,0,0,1,1,0,0,0,0,0,0,0,0
1356,55,0,0,0,0,1,0.730000019,1.089999914,1.349999905,0.589999914,0,0,0,0,0,0,0,0,0,0,0,0
1357,55,0,0,0,0,1,0.649999976,1.049999952,1.25,0.99000001,0,0,0,0,0,0,0,0,0,0,0,1
1358,55,0,1,0,0,0,0.5,1.049999952,1.25,0.99000001,0,0,0,1,0,0,0,0,1,0,0,0
1359,55,0,0,1,0,0,0.649999976,1.049999952,1.169999957,0.99000001,1,0,0,1,0,0,0,0,0,0,0,0
1360,55,0,0,0,1,0,0.649999976,1.049999952,1.089999914,1.289999962,1,0,0,1,0,0,0,0,0,0,0,0
1361,55,0,0,0,0,1,0.819999933,0.949999988,1.25,0.99000001,0,0,0,1,0,0,0,0,0,0,0,0
1362,55,1,0,0,0,1,0.649999976,1.049999952,1.169999957,0.99000001,0,0,0,0,0,0,0,0,0,0,0,0
1363,56,0,0,0,0,1,0.5,0.889999986,0.99000001,0.889999986,0,0,0,0,0,0,0,0,0,0,0,0
1364,56,0,0,0,0,1,0.649999976,0.889999986,0.99000001,0.889999986,0,0,0,1,0,0,0,0,0,0,0,0
1365,56,0,0,0,0,1,0.649999976,0.889999986,0.99000001,1.049999952,0,0,0,0,0,0,0,0,0,0,0,0
1366,56,0,0,0,0,1,0.649999976,0.889999986,1.049999952,0.889999986,0,0,0,0,0,0,0,1,0,0,0,0
1367,56,0,0,0,0,1,0.49000001,0.889999986,1.019999981,0.889999986,0,0,0,0,0,0,0,0,0,0,0,1
1368,56,0,0,0,0,1,0.649999976,0.889999986,1.070000052,1.149999976,0,0,0,0,0,0,0,0,0,0,0,0
1369,56,0,0,0,0,1,0.589999914,0.879999995,1.149999976,1.089999914,0,0,0,0,0,0,0,0,1,0,0,1
1370,56,0,0,0,0,1,0.649999976,0.879999995,1.25,1.089999914,0,0,0,0,0,0,0,0,0,0,0,1
1371,56,0,0,0,0,1,0.649999976,0.879999995,1.25,1.089999914,0,0,0,1,0,0,0,0,0,0,0,0
1372,56,0,0,0,0,1,0.649999976,0.879999995,1.25,1.25,1,0,0,0,0,0,0,0,0,0,0,0
1373,56,0,0,0,0,1,0.649999976,0.879999995,0.99000001,1.25,0,0,0,0,0,0,0,0,0,0,0,0
1374,56,0,0,0,0,1,0.649999976,0.879999995,0.99000001,1.25,0,0,0,0,0,0,0,0,0,0,1,0
1375,56,0,0,0,1,0,0.649999976,0.879999995,0.99000001,1.25,0,0,0,0,0,0,0,0,0,0,1,0
1376,56,0,0,0,0,1,0.649999976,0.970000029,1.25,1.089999914,0,0,0,0,0,0,0,0,0,0,0,1
1377,56,0,0,0,0,1,0.649999976,0.970000029,1.25,1.089999914,0,0,0,0,0,0,0,0,0,0,0,1
1378,56,0,0,0,0,1,0.649999976,0.970000029,1.25,1.25,0,0,0,0,0,0,0,0,0,0,0,0
1379,56,0,0,0,0,1,0.649999976,0.970000029,1.25,1.25,0,0,0,0,0,0,0,0,0,0,0,0
1380,56,0,0,0,0,1,0.649999976,1.049999952,1.169999957,0.99000001,0,0,0,1,0,0,0,0,0,0,0,0
1381,56,1,0,0,0,1,0.649999976,1.049999952,0.99000001,0.99000001,0,0,0,1,0,0,0,0,0,0,0,0
1382,57,0,1,0,0,0,0.549999952,0.980000019,0.879999995,0.889999986,0,0,0,0,0,0,0,0,0,0,0,0
1383,57,0,1,0,0,0,0.889999986,0.789999962,1.089999914,0.889999986,0,1,0,0,0,0,0,0,0,0,0,0
1384,57,0,1,0,0,0,0.689999998,1.089999914,1.089999914,1.190000057,0,0,0,0,0,0,0,0,0,0,0,0
1385,57,0,1,0,0,0,0.789999962,0.99000001,1.089999914,1.190000057,0,0,0,0,0,0,0,0,0,0,0,0
1386,57,0,1,0,0,0,0.549999952,0.889999986,1.089999914,1.190000057,0,0,0,0,0,0,0,0,0,0,0,0
1387,57,0,1,0,0,0,0.549999952,1.089999914,1.190000057,0.99000001,0,0,0,1,0,0,0,0,0,0,0,0
1388,57,0,1,0,0,0,0.549999952,1.089999914,1.190000057,0.99000001,0,0,0,0,0,0,0,0,0,0,0,0
1389,57,0,1,0,0,0,0.549999952,1.089999914,1.089999914,1.289999962,0,0,0,1,0,0,0,0,0,0,0,0
1390,57,0,1,0,0,0,0.549999952,1.089999914,1.209999919,1.190000057,0,0,0,0,0,0,0,1,0,0,0,0
1391,57,0,1,0,0,0,0.549999952,1.089999914,1.190000057,1.289999962,0,0,0,1,0,0,0,0,0,0,0,0
1392,57,0,0,0,0,1,0.959999979,1.089999914,1.089999914,0.839999914,0,0,0,0,0,0,0,0,0,0,0,0
1393,57,0,1,0,0,0,0.589999914,1.089999914,1.209999919,1.289999962,0,0,0,1,0,0,0,0,0,0,0,0
1394,57,0,0,0,0,1,0.819999933,0.949999988,1.209999919,0.99000001,0,0,0,1,0,0,0,0,0,0,0,0
1395,57,0,1,0,0,0,0.589999914,1.089999914,1.209999919,1.289999962,0,0,0,0,0,0,0,0,0,0,0,0
1396,57,0,1,0,0,0,0.589999914,1.089999914,1.039999962,0.99000001,0,0,0,0,0,0,0,0,0,0,0,0
1397,57,0,1,0,0,0,0.589999914,1.289999962,1.039999962,1.289999962,0,0,0,0,0,0,0,0,0,0,0,0
1398,57,1,1,0,0,0,0.589999914,1.289999962,1.039999962,1.289999962,0,0,0,0,0,0,0,0,0,0,0,0
1399,58,0,0,0,1,0,0.589999914,0.779999912,0.879999995,0.879999995,0,0,0,0,0,0,0,0,0,0,0,0
1400,58,0,0,0,1,0,0.709999979,0.99000001,1.089999914,0.99000001,0,0,0,0,0,0,0,0,0,0,0,0
1401,58,0,0,0,1,0,0.779999912,0.49000001,1.089999914,1.089999914,0,0,0,0,0,1,0,0,0,0,0,0
1402,58,0,0,0,0,1,0.779999912,0.789999962,1.089999914,0.889999986,0,0,0,0,0,0,0,0,0,0,0,0
1403,58,0,0,0,0,1,0.589999914,0.930000007,0.879999995,0.879999995,0,0,0,0,0,0,0,0,0,0,0,0
1404,58,0,0,0,0,1,0.589999914,0.920000017,0.980000019,0.980000019,0,0,0,0,0,0,0,0,0,0,0,0
1405,58,0,0,0,1,0,0.579999924,0.930000007,0.980000019,1.089999914,0,0,1,0,0,0,0,0,0,0,0,0
1406,58,0,0,0,1,0,0.579999924,0.930000007,0.980000019,1.089999914,0,0,0,0,0,0,0,0,0,0,0,0
1407,58,0,0,0,0,1,0.579999924,0.930000007,0.980000019,0.980000019,0,0,0,1,0,0,0,0,0,0,0,0
1408,58,0,0,0,0,1,0.579999924,0.930000007,0.980000019,0.980000019,0,0,0,0,0,0,0,0,0,0,0,0
1409,58,0,0,0,1,0,0.779999912,0.980000019,1.190000057,0.99000001,0,0,0,0,0,0,0,0,0,0,0,0
1410,58,0,1,0,0,0,0.689999998,0.980000019,1.209999919,1.190000057,1,0,0,1,0,0,0,0,0,0,0,0
1411,58,0,0,0,1,0,0.639999986,0.980000019,1.209999919,1.190000057,0,0,0,0,0,0,0,0,0,0,0,0
1412,58,0,0,0,1,0,0.779999912,0.980000019,1.190000057,1.289999962,0,0,0,0,0,0,0,0,0,0,0,0
1413,58,0,0,0,0,1,0.579999924,0.879999995,0.980000019,1.079999924,0,0,1,1,0,0,0,0,0,0,0,0
1414,58,0,0,0,0,1,0.959999979,1.089999914,1.129999995,1.089999914,0,0,0,1,0,0,0,0,0,0,0,0
1415,58,0,0,0,0,1,0.680000007,0.959999979,1.109999895,1.289999962,0,0,0,1,0,0,0,0,0,0,0,0
1416,58,0,0,0,0,1,0.649999976,1.049999952,1.25,0.99000001,0,0,0,0,0,0,0,0,0,0,0,1
1417,58,0,0,0,1,0,0.629999995,0.930000007,1.190000057,0.980000019,1,0,0,0,0,0,0,0,0,0,0,1
1418,58,1,0,0,0,1,0.680000007,1.089999914,1.25,0.889999986,0,0,0,0,0,0,0,1,0,0,0,0
1419,59,0,0,0,0,1,0.709999979,0.980000019,0.99000001,0.99000001,0,0,0,0,0,0,0,0,0,0,0,0
1420,59,0,0,0,0,1,0.709999979,0.99000001,0.99000001,1.089999914,0,0,0,1,0,0,0,0,0,0,0,0
1421,59,0,0,0,0,1,0.779999912,1.029999971,1.089999914,0.889999986,0,0,0,0,0,0,0,0,0,0,0,0
1422,59,0,0,0,0,1,0.639999986,1.089999914,1.089999914,1.190000057,0,0,0,0,0,0,0,0,0,0,0,0
1423,59,0,0,0,0,1,0.649999976,0.889999986,1.149999976,0.99000001,0,0,1,0,0,0,0,0,0,0,0,0
1424,59,0,0,1,0,0,0.839999914,0.889999986,1.089999914,1.190000057,0,0,0,0,0,0,0,0,0,0,0,0
1425,59,0,0,0,0,1,0.649999976,0.879999995,1.149999976,0.99000001,0,0,0,0,0,0,0,0,0,0,0,0
1426,59,0,0,0,0,1,0.779999912,1.089999914,1.089999914,1.289999962,0,0,0,0,0,0,0,0,0,0,0,0
1427,59,0,0,0,0,1,0.639999986,0.789999962,1.209999919,1.190000057,0,0,0,0,0,0,0,0,0,0,0,0
1428,59,0,0,0,0,1,0.649999976,0.970000029,1.25,0.74000001,0,0,0,0,0,0,0,0,0,0,0,1
1429,59,0,0,0,0,1,0.789999962,1.089999914,1.209999919,1.089999914,0,0,0,1,0,0,0,0,0,0,0,0
1430,59,0,0,0,0,1,0.649999976,0.970000029,1.169999957,1.089999914,0,0,0,0,0,0,0,0,0,0,0,1
1431,59,0,0,0,0,1,0.649999976,1.049999952,1.25,0.99000001,0,0,0,1,0,0,0,0,0,0,0,0
1432,59,0,0,0,0,1,0.819999933,0.949999988,1.25,0.99000001,0,0,0,1,0,0,0,0,0,0,0,0
1433,59,1,0,0,0,1,0.720000029,1.089999914,1.039999962,0.99000001,0,0,0,0,0,0,0,0,0,0,0,0
1434,60,0,0,0,0,1,0.649999976,0.889999986,0.889999986,1.049999952,0,0,0,0,0,0,0,0,0,0,0,0
1435,60,0,0,0,0,1,0.5,0.889999986,0.99000001,0.889999986,0,0,0,0,0,0,0,0,1,0,0,0
1436,60,0,1,0,0,0,0.789999962,0.99000001,1.089999914,0.99000001,0,0,0,1,0,0,0,0,0,0,0,0
1437,60,0,0,0,0,1,0.649999976,0.889999986,0.99000001,0.889999986,0,0,0,1,0,0,0,0,0,0,0,0
1438,60,0,0,0,0,1,0.779999912,0.49000001,1.089999914,1.089999914,0,0,0,0,0,0,0,0,0,1,0,0
1439,60,0,0,0,0,1,0.779999912,0.49000001,1.089999914,1.089999914,0,1,0,0,0,0,0,0,0,0,0,0
1440,60,0,0,0,0,1,0.779999912,0.789999962,1.049999952,1.089999914,0,1,0,0,0,0,0,0,0,0,0,0
1441,60,0,0,0,0,1,0.49000001,0.889999986,1.019999981,0.889999986,0,0,0,0,0,0,0,0,0,0,0,1
1442,60,0,0,0,0,1,0.639999986,1.029999971,1.089999914,0.889999986,0,0,0,0,0,0,0,0,0,0,0,0
1443,60,0,0,0,0,1,0.649999976,0.889999986,1.070000052,1.149999976,0,0,0,0,0,0,0,0,0,0,0,0
1444,60,0,0,0,0,1,0.779999912,1.089999914,1.089999914,1.190000057,0,0,0,0,0,0,0,0,0,0,0,0
1445,60,0,0,0,0,1,0.689999998,0.789999962,1.25,0.789999962,0,1,0,0,0,0,0,0,0,0,0,1
1446,60,0,0,0,0,1,0.779999912,0.889999986,1.190000057,0.99000001,0,0,0,0,0,0,0,0,0,0,0,0
1447,60,0,0,0,0,1,0.689999998,0.789999962,1.25,0.99000001,0,0,0,1,0,0,0,0,0,0,0,0
1448,60,0,0,0,0,1,0.589999914,0.879999995,1.149999976,1.089999914,0,0,0,0,0,0,0,0,1,0,0,1
1449,60,0,1,0,0,0,0.649999976,0.879999995,1.25,1.089999914,0,0,0,1,0,0,0,0,0,0,0,0
1450,60,0,0,0,0,1,0.779999912,1.089999914,1.190000057,1.289999962,1,0,0,0,0,0,0,0,0,0,0,0
1451,60,0,0,0,0,1,0.779999912,1.089999914,1.209999919,1.089999914,0,0,0,1,0,0,0,0,0,0,0,0
1452,60,0,0,0,0,1,0.789999962,1.089999914,1.209999919,1.089999914,0,0,0,1,0,0,0,0,0,0,0,0
1453,60,0,0,0,0,1,0.649999976,0.970000029,1.25,1.25,0,0,0,0,0,0,0,0,0,0,0,0
1454,60,0,0,0,0,1,0.649999976,0.970000029,1.25,1.25,0,0,0,1,0,0,0,0,0,0,0,0
1455,60,0,0,0,0,1,0.649999976,1.049999952,1.25,0.99000001,0,0,0,1,0,0,0,0,0,0,0,0
1456,60,0,0,0,0,1,0.649999976,1.049999952,1.25,0.99000001,0,0,0,1,0,0,0,0,0,0,0,0
1457,60,0,0,0,0,1,0.859999955,0.889999986,1.209999919,0.99000001,0,1,0,0,0,0,0,0,0,0,0,0
1458,60,0,0,0,0,1,0.819999933,1.089999914,1.25,0.99000001,0,0,1,0,0,0,0,0,0,0,0,0
1459,60,0,0,0,0,1,0.649999976,1.049999952,1.169999957,0.99000001,0,0,0,1,0,0,0,0,0,0,0,0
1460,60,0,0,0,0,1,0.649999976,1.049999952,0.99000001,1.289999962,0,0,0,0,0,0,0,0,0,0,0,0
1461,60,0,0,0,0,1,0.720000029,1.089999914,1.039999962,0.99000001,0,0,0,0,0,0,0,0,0,0,0,0
1462,60,0,0,0,0,1,0.649999976,1.049999952,0.99000001,0.99000001,0,0,0,1,0,0,0,0,0,0,0,0
1463,60,1,0,0,0,1,0.959999979,1.289999962,1.039999962,1.289999962,0,0,0,0,0,0,0,0,0,0,0,0
1464,61,0,1,0,0,0,0.5,0.889999986,0.889999986,1.049999952,0,0,0,0,0,0,0,0,0,0,0,0
1465,61,0,0,1,0,0,0.649999976,0.689999998,1.049999952,0.889999986,0,0,0,1,0,0,0,0,0,1,0,0
1466,61,0,1,0,0,0,0.649999976,0.889999986,1.019999981,1.049999952,0,0,0,0,0,0,0,0,0,0,0,0
1467,61,0,0,0,1,0,0.779999912,0.99000001,1.089999914,1.190000057,0,0,0,0,0,0,0,0,0,0,0,0
1468,61,0,0,0,0,1,0.709999979,1.089999914,1.190000057,0.99000001,0,0,0,0,0,0,0,0,0,0,0,0
1469,61,0,1,0,0,0,0.589999914,0.879999995,1.149999976,1.25,0,0,0,0,0,0,0,0,1,0,0,0
1470,61,0,0,0,0,1,0.649999976,0.879999995,1.25,1.089999914,0,0,0,0,0,0,0,0,0,0,0,1
1471,61,0,0,0,0,1,0.779999912,0.980000019,1.209999919,0.74000001,0,0,0,0,0,0,0,0,0,0,0,0
1472,61,0,0,1,0,0,0.789999962,1.089999914,1.209999919,1.289999962,0,0,0,1,0,0,0,0,0,0,0,0
1473,61,0,0,0,0,1,0.649999976,1.049999952,1.25,0.99000001,0,0,0,0,0,0,0,0,0,0,0,0
1474,61,0,0,0,0,1,0.5,1.049999952,1.25,0.99000001,0,0,0,1,0,0,0,0,1,0,0,0
1475,61,0,0,0,0,1,0.959999979,0.889999986,1.089999914,1.289999962,0,0,0,1,0,0,0,0,0,0,1,0
1476,61,0,0,0,0,1,0.649999976,1.049999952,1.169999957,0.789999962,1,0,0,1,0,0,0,0,0,0,0,0
1477,61,1,0,0,1,0,0.649999976,1.049999952,0.99000001,1.289999962,0,0,0,0,0,0,1,0,0,0,0,0
1478,62,0,1,0,0,0,0.789999962,0.980000019,0.879999995,0.889999986,0,0,0,0,0,0,0,0,0,0,0,0
1479,62,0,1,0,0,0,0.789999962,0.99000001,1.089999914,0.99000001,0,0,0,0,0,0,0,0,0,0,0,0
1480,62,0,1,0,0,0,0.789999962,0.99000001,1.089999914,0.99000001,0,0,0,0,0,0,0,0,0,0,0,0
1481,62,0,1,0,0,0,0.889999986,0.49000001,1.089999914,1.089999914,0,0,0,0,0,0,0,0,0,1,0,0
1482,62,0,1,0,0,0,0.889999986,0.49000001,1.089999914,1.089999914,0,1,0,0,0,0,0,0,0,0,0,0
1483,62,0,1,0,0,0,0.889999986,0.589999914,1.089999914,0.889999986,0,1,0,0,0,0,0,0,0,0,0,0
1484,62,0,1,0,0,0,0.889999986,1.029999971,1.089999914,0.889999986,0,0,0,0,0,0,0,0,0,0,0,0
1485,62,0,1,0,0,0,0.889999986,0.789999962,1.049999952,1.089999914,0,1,0,0,0,0,0,0,0,0,0,0
1486,62,0,1,0,0,0,0.889999986,0.789999962,1.049999952,1.089999914,0,1,0,0,0,0,0,0,0,0,0,0
1487,62,0,1,0,0,0,0.889999986,1.029999971,1.089999914,0.889999986,0,0,0,0,0,0,0,0,0,0,0,0
1488,62,0,0,1,0,0,0.649999976,0.889999986,1.070000052,1.149999976,0,0,0,0,0,0,0,0,0,0,0,0
1489,62,0,1,0,0,0,0.689999998,1.089999914,1.089999914,1.190000057,0,0,0,0,0,0,0,0,0,0,0,0
1490,62,0,1,0,0,0,0.789999962,0.99000001,1.089999914,1.190000057,0,0,0,0,0,0,0,0,0,0,0,0
1491,62,0,1,0,0,0,0.789999962,1.089999914,1.190000057,0.99000001,0,0,0,0,0,0,0,0,0,0,0,0
1492,62,0,1,0,0,0,0.789999962,1.089999914,1.190000057,0.99000001,0,0,0,0,0,0,0,0,0,0,0,0
1493,62,0,1,0,0,0,0.889999986,1.089999914,1.089999914,1.190000057,0,0,0,0,0,0,0,0,0,0,0,0
1494,62,0,1,0,0,0,0.99000001,0.889999986,1.089999914,1.190000057,0,0,0,0,0,0,0,0,0,0,0,0
1495,62,0,1,0,0,0,0.99000001,0.889999986,1.089999914,1.190000057,0,0,0,0,0,0,0,0,0,0,0,0
1496,62,0,1,0,0,0,0.889999986,0.889999986,1.089999914,1.190000057,0,0,0,0,0,0,0,0,0,0,0,0
1497,62,0,1,0,0,0,0.889999986,0.889999986,1.089999914,1.190000057,0,0,0,0,0,0,0,0,0,0,0,0
1498,62,0,1,0,0,0,0.889999986,0.889999986,1.190000057,0.99000001,0,0,0,0,0,0,0,0,0,0,0,0
1499,62,0,1,0,0,0,0.889999986,1.089999914,1.190000057,0.99000001,0,0,0,1,0,0,0,0,0,0,0,0
1500,62,0,1,0,0,0,0.889999986,1.089999914,1.190000057,0.99000001,0,0,0,0,0,0,0,0,0,0,0,0
1501,62,0,1,0,0,0,0.889999986,1.089999914,1.190000057,0.99000001,0,0,0,0,0,0,0,0,0,0,0,0
1502,62,0,1,0,0,0,0.889999986,1.089999914,1.190000057,0.99000001,0,0,0,0,0,0,0,0,0,0,0,0
1503,62,0,1,0,0,0,0.889999986,1.089999914,1.190000057,0.99000001,0,0,0,0,0,0,0,0,0,0,0,0
1504,62,0,1,0,0,0,0.889999986,1.089999914,1.089999914,1.289999962,0,0,0,1,0,0,0,0,0,0,0,0
1505,62,0,1,0,0,0,0.889999986,1.089999914,1.089999914,1.289999962,0,0,0,1,0,0,0,0,0,0,0,0
1506,62,0,1,0,0,0,0.889999986,1.089999914,1.089999914,1.289999962,0,0,0,0,0,0,0,0,0,0,0,0
1507,62,0,1,0,0,0,0.889999986,1.089999914,1.089999914,1.289999962,0,0,0,0,0,0,0,0,0,0,0,0
1508,62,0,1,0,0,0,0.689999998,1.089999914,1.089999914,1.289999962,0,0,0,0,0,0,0,0,0,0,0,0
1509,62,0,1,0,0,0,0.689999998,1.089999914,1.209999919,1.190000057,1,0,0,0,0,0,0,1,0,0,0,0
1510,62,0,1,0,0,0,0.689999998,1.089999914,1.209999919,1.190000057,1,0,0,0,0,0,0,1,0,0,0,0
1511,62,0,1,0,0,0,0.689999998,0.789999962,1.209999919,1.190000057,1,1,0,0,0,0,0,0,0,0,0,0
1512,62,0,1,0,0,0,0.689999998,0.789999962,1.209999919,1.190000057,1,1,0,0,0,0,0,0,0,0,0,0
1513,62,0,1,0,0,0,0.689999998,0.789999962,1.209999919,1.190000057,1,1,0,0,0,0,0,0,0,0,0,0
1514,62,0,1,0,0,0,0.689999998,0.789999962,1.209999919,1.190000057,1,1,0,0,0,0,0,0,0,0,0,0
1515,62,0,1,0,0,0,0.689999998,0.789999962,1.209999919,1.190000057,0,0,0,0,0,0,0,0,0,0,0,0
1516,62,0,1,0,0,0,0.689999998,0.789999962,1.209999919,1.190000057,0,0,0,0,0,0,0,0,0,0,0,0
1517,62,0,1,0,0,0,0.889999986,0.789999962,1.190000057,1.289999962,1,1,0,0,0,0,0,0,0,0,0,0
1518,62,0,1,0,0,0,0.889999986,1.089999914,1.190000057,1.289999962,0,0,0,0,0,0,0,0,0,0,0,0
1519,62,0,1,0,0,0,0.889999986,1.089999914,1.190000057,1.289999962,0,0,0,0,0,0,0,0,0,0,0,0
1520,62,0,1,0,0,0,0.889999986,1.089999914,1.190000057,1.289999962,0,0,0,0,0,0,0,0,0,0,0,0
1521,62,0,1,0,0,0,0.889999986,1.089999914,1.190000057,1.289999962,0,0,0,1,0,0,0,0,0,0,0,0
1522,62,0,1,0,0,0,0.889999986,1.089999914,1.209999919,1.089999914,0,0,0,1,0,0,0,0,0,0,0,0
1523,62,0,1,0,0,0,0.889999986,0.789999962,1.209999919,1.089999914,0,0,0,1,0,0,0,0,0,1,0,0
1524,62,0,1,0,0,0,0.889999986,0.789999962,1.209999919,1.089999914,0,0,0,1,0,0,0,0,0,1,0,0
1525,62,0,1,0,0,0,0.889999986,0.789999962,1.209999919,1.089999914,0,1,0,1,0,0,0,0,0,0,0,0
1526,62,0,1,0,0,0,0.889999986,0.789999962,1.209999919,1.089999914,0,1,0,1,0,0,0,0,0,0,0,0
1527,62,0,1,0,0,0,0.889999986,0.789999962,1.209999919,1.089999914,0,1,0,1,0,0,0,0,0,0,0,0
1528,62,0,1,0,0,0,0.889999986,1.089999914,1.209999919,1.089999914,0,0,0,1,0,0,0,0,0,0,0,0
1529,62,0,1,0,0,0,0.889999986,1.089999914,1.209999919,1.289999962,0,0,0,1,0,0,0,0,0,0,0,0
1530,62,0,1,0,0,0,1.149999976,1.089999914,1.089999914,1.089999914,0,0,0,1,0,0,0,0,0,0,0,0
1531,62,0,1,0,0,0,1.149999976,0.980000019,1.129999995,1.109999895,0,0,0,0,0,0,0,0,0,0,0,0
1532,62,0,1,0,0,0,1.149999976,1.089999914,1.129999995,1.089999914,0,0,0,1,0,0,0,0,0,0,0,0
1533,62,0,1,0,0,0,1.149999976,1.089999914,1.199999928,1.190000057,0,0,0,1,0,0,0,0,0,0,0,0
1534,62,0,1,0,0,0,1.149999976,1.089999914,1.209999919,1.289999962,0,0,0,1,0,0,0,0,0,0,0,0
1535,62,0,1,0,0,0,0.99000001,1.089999914,1.209999919,1.089999914,0,0,0,0,0,0,0,0,0,0,0,0
1536,62,0,1,0,0,0,0.99000001,1.089999914,1.209999919,1.089999914,0,0,0,0,0,0,0,0,0,0,0,0
1537,62,0,1,0,0,0,0.99000001,0.889999986,1.209999919,0.99000001,0,0,0,0,0,1,0,0,0,0,0,0
1538,62,0,1,0,0,0,0.99000001,0.889999986,1.209999919,0.99000001,0,0,0,0,0,1,0,0,0,0,0,0
1539,62,0,1,0,0,0,0.99000001,0.889999986,1.209999919,0.99000001,0,0,0,0,0,0,0,1,0,0,0,0
1540,62,0,1,0,0,0,0.99000001,0.889999986,1.209999919,0.99000001,0,1,0,0,0,0,0,0,0,0,0,0
1541,62,0,1,0,0,0,1.149999976,1.089999914,1.149999976,1.289999962,0,1,1,1,0,0,0,0,0,0,0,0
1542,62,0,1,0,0,0,1.149999976,1.089999914,1.139999986,1.289999962,0,1,1,1,0,0,0,0,0,0,0,0
1543,62,0,1,0,0,0,1.149999976,1.089999914,1.039999962,1.289999962,0,0,1,0,0,0,0,0,0,0,0,0
1544,62,0,1,0,0,0,0.99000001,1.089999914,1.25,0.99000001,0,0,1,0,0,0,0,0,0,0,0,0
1545,62,0,1,0,0,0,0.99000001,1.089999914,1.25,0.99000001,0,0,1,0,0,0,0,0,0,0,0,0
1546,62,0,1,0,0,0,0.99000001,0.949999988,1.25,0.99000001,0,0,0,1,0,0,0,0,0,0,0,0
1547,62,0,1,0,0,0,0.99000001,0.949999988,1.209999919,0.99000001,0,0,0,1,0,0,0,0,0,0,0,0
1548,62,0,0,0,0,1,0.74000001,0.949999988,1.190000057,1.289999962,0,0,0,0,0,0,0,0,0,0,0,0
1549,62,0,1,0,0,0,0.889999986,1.089999914,1.089999914,1.289999962,0,0,0,0,0,0,0,0,0,0,0,0
1550,62,0,1,0,0,0,0.889999986,1.089999914,1.089999914,1.289999962,0,0,0,0,0,0,0,0,0,0,0,0
1551,62,0,1,0,0,0,0.789999962,1.089999914,1.209999919,1.289999962,0,0,0,0,0,0,0,0,0,0,0,0
1552,62,0,1,0,0,0,0.789999962,0.949999988,1.039999962,0.99000001,0,0,0,0,0,0,0,0,0,0,0,0
1553,62,0,1,0,0,0,0.789999962,0.949999988,1.039999962,0.99000001,0,0,0,0,0,0,0,0,0,0,0,0
1554,62,1,1,0,0,0,1.149999976,1.289999962,1.039999962,1.289999962,0,0,0,0,0,0,0,0,0,0,0,0
1555,63,0,0,0,0,1,0.529999912,0.889999986,0.889999986,0.99000001,0,0,0,0,0,0,0,0,0,0,0,0
1556,63,0,0,0,0,1,0.609999955,0.889999986,0.889999986,0.99000001,0,0,0,1,0,0,0,0,0,0,1,0
1557,63,0,0,0,0,1,0.529999912,0.889999986,0.99000001,0.889999986,0,0,1,0,0,0,0,0,1,0,0,0
1558,63,0,0,0,0,1,0.529999912,0.970000029,1.089999914,1.190000057,0,0,0,0,0,0,0,0,0,0,0,0
1559,63,0,0,0,0,1,0.609999955,0.970000029,0.99000001,1.190000057,0,0,0,0,0,0,0,0,0,0,0,0
1560,63,0,0,0,0,1,0.609999955,0.970000029,1.149999976,0.99000001,0,0,0,0,0,0,0,0,0,0,0,0
1561,63,0,0,0,0,1,0.609999955,0.970000029,1.149999976,1.25,0,0,0,0,0,0,0,0,0,0,0,0
1562,63,0,0,0,0,1,0.609999955,0.970000029,1.25,1.089999914,0,0,0,1,0,0,0,0,0,0,0,0
1563,63,0,0,0,0,1,0.609999955,0.970000029,1.289999962,1.25,0,0,0,0,0,0,0,0,0,0,0,0
1564,63,0,0,0,0,1,0.609999955,1.049999952,1.190000057,1.25,0,0,0,0,0,0,0,0,0,0,0,0
1565,63,0,0,0,0,1,0.609999955,1.049999952,1.25,0.99000001,0,0,0,1,0,0,0,0,0,0,0,0
1566,63,0,0,0,0,1,0.609999955,1.049999952,0.99000001,1.25,1,0,0,1,0,0,0,0,0,0,1,0
1567,63,0,0,0,0,1,0.609999955,1.049999952,1.289999962,0.99000001,0,0,0,1,0,0,0,0,0,0,0,0
1568,63,1,0,0,0,1,0.609999955,1.049999952,1.289999962,1.289999962,0,0,0,1,0,0,0,0,0,0,0,0
1569,64,0,0,0,0,1,0.529999912,0.889999986,0.99000001,0.889999986,0,0,0,0,0,0,0,0,0,0,0,0
1570,64,0,1,0,0,0,0.689999998,0.889999986,0.99000001,1.00999999,0,0,0,1,0,0,0,0,0,0,0,0
1571,64,0,0,0,0,1,0.609999955,0.889999986,0.99000001,1.089999914,0,0,0,1,0,0,0,0,0,0,0,0
1572,64,0,0,0,0,1,0.609999955,0.889999986,1.089999914,1.089999914,0,0,0,0,0,0,0,0,0,0,0,0
1573,64,0,0,0,0,1,0.609999955,0.689999998,1.089999914,0.889999986,0,1,0,0,0,0,0,0,0,0,0,1
1574,64,0,0,1,0,0,0.529999912,0.889999986,1.039999962,0.99000001,0,1,0,0,0,0,0,0,1,0,0,0
1575,64,0,0,0,0,1,0.529999912,0.889999986,1.089999914,0.889999986,0,1,0,0,1,0,0,0,0,0,0,0
1576,64,0,0,1,0,0,0.609999955,0.889999986,1.089999914,0.889999986,0,0,0,1,0,0,0,0,0,0,0,0
1577,64,0,0,0,0,1,0.759999931,0.889999986,1.089999914,1.190000057,0,0,0,0,0,0,0,0,0,0,0,0
1578,64,0,0,0,0,1,0.609999955,0.889999986,1.089999914,1.190000057,0,0,0,0,0,0,0,0,0,0,0,0
1579,64,0,0,0,0,1,0.609999955,0.789999962,1.149999976,0.99000001,0,0,0,0,0,0,0,1,0,0,0,0
1580,64,0,0,0,0,1,0.609999955,0.970000029,1.149999976,0.99000001,0,0,0,0,0,0,0,0,0,0,0,0
1581,64,0,0,0,0,1,0.609999955,0.970000029,1.149999976,1.190000057,0,0,0,1,0,0,0,0,0,0,0,0
1582,64,0,0,0,0,1,0.609999955,0.970000029,1.149999976,1.25,0,0,0,0,0,0,0,0,0,0,0,0
1583,64,0,0,0,0,1,0.609999955,0.970000029,1.25,1.089999914,0,0,0,1,0,0,0,0,0,0,0,0
1584,64,0,0,0,0,1,0.609999955,0.970000029,0.99000001,1.25,0,0,0,0,0,0,0,0,0,0,1,0
1585,64,0,0,0,0,1,0.529999912,1.029999971,1.089999914,1.089999914,0,0,1,1,0,0,0,0,1,0,0,0
1586,64,0,0,0,0,1,0.609999955,1.049999952,1.289999962,1.25,0,0,0,0,0,0,0,0,0,0,0,0
1587,64,0,0,0,0,1,0.609999955,1.049999952,1.289999962,0.99000001,0,0,0,1,0,0,0,0,0,0,0,0
1588,64,0,0,0,0,1,0.609999955,1.049999952,1.25,0.99000001,0,0,0,1,0,0,0,0,0,0,0,0
1589,64,1,0,0,0,1,0.609999955,1.049999952,1.289999962,0.99000001,0,0,0,1,0,0,0,0,0,0,0,0
1590,65,0,0,0,0,1,0.5,0.889999986,0.99000001,0.889999986,0,0,0,0,0,0,0,0,0,0,0,0
1591,65,0,0,0,0,1,0.649999976,0.889999986,0.889999986,1.049999952,0,0,1,0,0,0,0,0,0,0,0,0
1592,65,0,0,0,0,1,0.649999976,0.889999986,0.99000001,0.889999986,0,0,0,1,0,0,0,0,0,0,0,0
1593,65,0,0,0,0,1,0.649999976,0.789999962,1.049999952,0.889999986,0,0,0,1,0,0,0,0,0,0,0,0
1594,65,0,0,0,0,1,0.599999964,0.889999986,0.99000001,1.149999976,0,1,1,0,0,0,0,0,0,0,0,0
1595,65,0,0,0,0,1,0.599999964,0.889999986,1.149999976,0.99000001,0,0,0,0,0,0,0,0,0,0,0,1
1596,65,0,0,0,0,1,0.599999964,0.970000029,1.149999976,0.99000001,0,0,0,1,0,0,0,0,0,0,0,0
1597,65,0,0,0,0,1,0.599999964,0.970000029,1.149999976,0.99000001,0,0,0,1,0,0,0,0,0,0,0,0
1598,65,0,0,0,0,1,0.599999964,0.970000029,1.149999976,1.25,0,0,0,0,0,0,0,0,0,0,0,0
1599,65,0,0,0,0,1,0.599999964,0.970000029,1.149999976,1.089999914,1,0,0,0,0,0,0,0,0,0,0,0
1600,65,0,0,0,0,1,0.599999964,0.970000029,1.25,1.089999914,0,0,0,1,0,0,0,0,0,0,0,0
1601,65,0,0,0,0,1,0.599999964,0.970000029,0.99000001,0.899999976,0,0,0,0,0,0,0,0,0,0,1,0
1602,65,0,0,0,0,1,0.599999964,0.970000029,1.25,1.089999914,0,0,1,0,0,0,0,0,0,0,0,0
1603,65,0,0,0,0,1,0.649999976,1.049999952,1.25,0.99000001,0,0,0,1,0,0,0,0,0,0,0,0
1604,65,0,0,0,0,1,0.589999914,1.049999952,1.289999962,0.789999962,0,0,0,1,0,0,0,0,0,0,0,0
1605,65,1,0,0,0,1,0.649999976,1.049999952,1.289999962,1.289999962,0,0,0,0,0,0,0,0,0,0,0,0
1606,66,0,0,0,1,0,0.589999914,0.680000007,0.879999995,0.879999995,0,0,0,0,0,0,0,0,0,0,0,0
1607,66,0,0,0,1,0,0.589999914,0.930000007,0.879999995,0.879999995,0,0,0,0,0,0,0,0,0,0,0,0
1608,66,0,0,0,1,0,0.589999914,0.930000007,0.879999995,0.879999995,0,0,0,0,0,0,0,0,0,0,0,0
1609,66,0,0,0,1,0,0.589999914,0.930000007,0.980000019,0.879999995,0,0,0,0,0,0,0,0,0,0,0,0
1610,66,0,0,0,1,0,0.579999924,0.930000007,0.980000019,1.089999914,0,0,0,0,0,0,0,0,0,0,0,0
1611,66,0,0,0,1,0,0.579999924,0.930000007,0.980000019,0.980000019,0,0,0,1,0,0,0,0,0,0,0,0
1612,66,0,0,0,1,0,0.579999924,0.930000007,0.980000019,0.980000019,0,0,0,1,0,0,0,0,0,0,0,0
1613,66,0,0,0,1,0,0.579999924,0.930000007,0.980000019,0.980000019,0,0,0,0,0,0,0,0,0,0,0,0
1614,66,0,0,0,1,0,0.579999924,0.930000007,1.089999914,0.980000019,0,0,0,0,0,0,0,0,0,0,0,0
1615,66,0,0,0,1,0,0.579999924,0.930000007,1.089999914,0.980000019,0,0,0,0,0,0,0,0,0,0,0,0
1616,66,0,0,0,1,0,0.579999924,0.930000007,1.089999914,0.980000019,0,0,0,1,0,0,0,0,0,0,0,0
1617,66,0,0,0,1,0,0.579999924,0.879999995,1.089999914,1.049999952,0,1,0,0,0,0,0,0,0,0,0,0
1618,66,0,0,0,1,0,0.579999924,0.779999912,1.089999914,1.049999952,0,0,0,0,0,0,0,0,0,1,0,0
1619,66,0,0,0,1,0,0.579999924,0.879999995,0.980000019,1.079999924,0,1,0,0,0,0,0,0,0,0,0,0
1620,66,0,0,0,1,0,0.579999924,0.879999995,0.980000019,1.029999971,0,1,0,1,0,0,0,0,0,0,0,0
1621,66,0,0,0,0,1,0.579999924,0.879999995,0.980000019,1.079999924,0,1,0,0,0,0,0,0,0,0,0,0
1622,66,0,0,0,1,0,0.579999924,0.879999995,1.190000057,1.079999924,0,0,0,1,0,0,0,0,0,0,0,0
1623,66,0,0,0,0,1,0.819999933,1.089999914,1.25,0.589999914,0,0,1,0,0,0,0,0,0,0,0,0
1624,66,0,0,0,0,1,0.819999933,0.949999988,1.25,0.99000001,0,0,0,0,0,0,0,0,0,0,0,0
1625,66,0,0,0,1,0,0.579999924,1.23999989,1.049999952,0.980000019,0,0,0,0,0,0,0,0,0,0,0,0
1626,66,1,0,0,1,0,0.379999995,1.23999989,1.049999952,0.980000019,0,0,0,0,0,0,0,0,1,0,0,0
1627,67,0,0,0,1,0,0.529999912,0.889999986,0.889999986,0.99000001,0,0,0,0,0,0,0,0,0,0,0,0
1628,67,0,0,0,1,0,0.529999912,0.889999986,0.99000001,0.889999986,0,0,1,1,0,0,0,0,1,0,0,0
1629,67,0,0,0,0,1,0.609999955,0.889999986,0.99000001,0.889999986,0,0,1,1,0,0,0,0,0,0,0,0
1630,67,0,0,1,0,0,0.609999955,0.889999986,1.089999914,1.089999914,0,0,0,0,0,0,0,0,0,0,0,0
1631,67,0,0,0,0,1,0.609999955,0.689999998,1.089999914,0.889999986,0,0,0,0,0,0,0,0,0,0,0,1
1632,67,0,0,0,1,0,0.609999955,0.889999986,0.99000001,0.99000001,0,1,0,0,0,0,0,0,0,0,0,0
1633,67,0,0,0,1,0,0.609999955,0.889999986,0.99000001,0.99000001,0,1,0,0,0,0,0,0,0,0,0,0
1634,67,0,0,1,0,0,0.529999912,0.889999986,1.089999914,0.889999986,0,1,0,0,1,0,0,0,0,0,0,0
1635,67,0,0,0,1,0,0.789999962,0.889999986,1.25,1.00999999,0,0,0,0,0,0,0,0,0,0,0,0
1636,67,0,0,0,1,0,0.609999955,0.889999986,1.089999914,1.190000057,0,0,0,0,0,0,0,0,0,0,0,0
1637,67,0,0,0,1,0,0.609999955,0.970000029,1.089999914,1.190000057,0,0,0,0,0,0,1,0,0,0,0,0
1638,67,0,0,0,0,1,0.579999924,0.930000007,0.99000001,0.980000019,0,0,1,0,0,0,0,0,0,0,0,0
1639,67,0,0,0,1,0,0.609999955,0.970000029,1.149999976,1.25,0,0,0,0,0,0,0,0,0,0,0,0
1640,67,0,0,0,1,0,0.609999955,0.970000029,1.149999976,1.25,0,0,0,0,0,0,0,0,0,0,0,0
1641,67,0,0,0,0,1,0.649999976,0.779999912,1.349999905,1.089999914,1,0,0,1,0,0,0,0,0,0,0,0
1642,67,0,0,0,1,0,0.609999955,0.970000029,0.99000001,1.25,0,0,1,0,0,0,0,0,0,0,0,0
1643,67,0,0,1,0,0,0.759999931,0.789999962,1.349999905,1.149999976,0,1,0,0,0,0,0,0,0,0,0,1
1644,67,0,0,0,0,1,0.609999955,0.970000029,1.289999962,0.74000001,0,0,0,1,0,0,0,0,0,0,0,0
1645,67,0,0,0,0,1,0.730000019,1.089999914,1.190000057,0.689999998,0,0,0,0,0,0,0,1,0,0,0,0
1646,67,0,0,0,0,1,0.609999955,1.049999952,1.289999962,0.99000001,0,0,0,0,0,0,0,0,0,0,0,1
1647,67,1,0,0,1,0,0.579999924,1.23999989,1.049999952,0.980000019,0,0,0,0,0,0,0,0,0,0,0,0
1648,68,0,0,1,0,0,0.689999998,0.789999962,0.99000001,0.949999988,0,0,0,0,0,0,0,0,0,0,0,0
1649,68,0,0,0,0,1,0.529999912,0.889999986,0.99000001,0.889999986,0,1,0,1,0,0,0,0,1,0,0,0
1650,68,0,0,0,1,0,0.529999912,0.889999986,0.889999986,0.99000001,0,0,0,1,0,0,0,0,1,0,1,0
1651,68,0,0,0,1,0,0.689999998,0.889999986,0.99000001,1.129999995,0,0,1,0,0,0,0,0,0,0,0,0
1652,68,0,0,0,0,1,0.609999955,0.889999986,0.99000001,0.889999986,0,0,1,1,0,0,0,0,0,0,0,0
1653,68,0,0,0,0,1,0.609999955,0.889999986,0.99000001,0.889999986,0,0,0,1,0,0,0,0,0,0,0,0
1654,68,0,0,1,0,0,0.609999955,0.889999986,1.089999914,1.089999914,0,0,0,0,0,0,0,0,0,0,0,0
1655,68,0,0,0,0,1,0.609999955,0.689999998,1.089999914,0.889999986,0,0,0,1,0,1,0,0,0,0,0,0
1656,68,0,0,0,0,1,0.609999955,0.689999998,1.089999914,0.889999986,0,0,0,0,0,0,0,0,0,0,0,1
1657,68,0,0,0,0,1,0.619999945,0.889999986,1.039999962,0.889999986,0,1,0,0,0,0,0,1,0,0,0,0
1658,68,0,0,0,0,1,0.609999955,0.889999986,1.089999914,0.889999986,0,0,0,1,0,0,0,0,0,0,0,0
1659,68,0,0,1,0,0,0.529999912,0.889999986,1.089999914,1.190000057,0,0,0,1,1,0,0,0,0,0,0,0
1660,68,0,0,1,0,0,0.609999955,0.689999998,1.089999914,1.190000057,0,0,0,0,0,0,0,0,0,1,0,0
1661,68,0,0,0,0,1,0.609999955,0.789999962,1.149999976,0.99000001,0,0,1,0,0,0,0,0,0,0,0,0
1662,68,0,0,0,0,1,0.609999955,0.789999962,1.149999976,0.99000001,0,0,0,0,0,0,0,1,0,0,0,0
1663,68,0,0,0,1,0,0.609999955,0.970000029,1.089999914,1.190000057,0,0,0,0,0,0,1,0,0,0,0,0
1664,68,0,0,1,0,0,0.609999955,0.789999962,0.99000001,1.190000057,0,0,0,0,0,1,1,0,0,0,0,0
1665,68,0,0,0,0,1,0.609999955,0.970000029,1.149999976,0.99000001,0,0,0,0,0,0,0,0,0,0,0,0
1666,68,0,0,1,0,0,0.609999955,0.970000029,1.149999976,1.190000057,0,0,0,1,0,0,0,0,0,0,0,0
1667,68,0,0,1,0,0,0.609999955,0.970000029,1.149999976,1.25,0,0,0,0,0,0,0,0,0,0,0,0
1668,68,0,0,1,0,0,0.609999955,0.970000029,1.25,1.089999914,0,0,0,0,0,0,0,0,0,0,0,1
1669,68,0,0,0,1,0,0.609999955,0.970000029,0.99000001,1.25,0,0,1,0,0,0,0,0,0,0,0,0
1670,68,0,0,0,1,0,0.609999955,0.970000029,0.99000001,1.25,0,0,0,0,0,0,1,0,0,0,0,0
1671,68,0,0,1,0,0,0.609999955,0.970000029,1.289999962,1.089999914,0,0,0,0,0,0,0,0,0,0,0,1
1672,68,0,0,1,0,0,0.609999955,0.970000029,1.289999962,1.25,0,0,0,0,0,0,0,0,0,0,0,0
1673,68,0,0,1,0,0,0.529999912,1.089999914,1.089999914,1.089999914,0,0,1,1,0,0,0,0,1,0,0,0
1674,68,0,0,0,0,1,0.609999955,1.029999971,1.289999962,1.089999914,0,0,0,0,0,0,0,0,0,0,0,0
1675,68,0,0,1,0,0,0.609999955,1.089999914,1.289999962,1.25,0,0,0,0,0,0,0,0,0,0,0,0
1676,68,0,0,1,0,0,0.609999955,1.089999914,1.289999962,1.25,0,0,0,0,0,0,0,0,0,0,0,0
1677,68,0,0,0,0,1,0.859999955,1.089999914,1.209999919,1.089999914,0,0,0,0,0,0,0,0,0,0,0,0
1678,68,0,0,0,0,1,0.609999955,1.049999952,1.289999962,0.99000001,0,0,0,0,0,0,0,0,0,0,0,1
1679,68,0,0,0,0,1,0.609999955,1.049999952,1.289999962,0.99000001,0,0,0,0,0,0,0,0,0,0,0,1
1680,68,0,0,0,0,1,0.609999955,1.049999952,1.289999962,0.99000001,0,0,0,1,0,0,0,0,0,0,0,0
1681,68,0,0,1,0,0,0.959999979,0.889999986,1.089999914,1.289999962,0,0,0,1,0,0,0,0,0,0,1,0
1682,68,0,0,1,0,0,0.609999955,1.049999952,1.190000057,1.25,0,0,0,0,0,0,0,0,0,0,0,0
1683,68,0,0,0,0,1,0.819999933,0.949999988,1.25,0.789999962,0,0,0,0,0,0,0,0,0,0,0,0
1684,68,0,0,1,0,0,0.789999962,0.949999988,1.190000057,1.289999962,0,0,0,1,0,0,0,0,0,0,0,0
1685,68,0,0,1,0,0,0.609999955,1.049999952,1.289999962,0.99000001,0,0,0,1,0,0,0,0,0,0,0,0
1686,68,0,0,0,0,1,0.609999955,1.049999952,1.289999962,0.99000001,0,0,0,0,0,0,0,0,0,0,0,1
1687,68,0,0,0,0,1,0.609999955,1.049999952,1.289999962,0.99000001,0,0,0,1,0,0,0,0,0,0,0,0
1688,68,1,0,1,0,0,0.609999955,1.049999952,1.289999962,1.289999962,0,0,0,1,0,0,0,0,0,0,0,0
1689,69,0,0,0,0,1,0.709999979,0.99000001,1.089999914,1.089999914,0,0,0,0,0,0,0,0,0,0,0,0
1690,69,0,0,0,0,1,0.709999979,0.99000001,1.089999914,0.99000001,0,0,0,1,0,0,0,0,0,0,0,0
1691,69,0,0,0,0,1,0.709999979,0.99000001,1.089999914,0.99000001,0,0,0,1,0,0,0,0,0,0,0,0
1692,69,0,0,0,0,1,0.589999914,0.930000007,0.879999995,0.879999995,0,0,0,0,0,0,0,0,0,0,0,0
1693,69,0,0,1,0,0,0.779999912,0.49000001,1.089999914,1.089999914,0,1,0,0,0,0,0,0,0,0,0,0
1694,69,0,0,1,0,0,0.779999912,0.589999914,1.089999914,0.889999986,0,1,0,0,0,0,0,0,0,0,0,0
1695,69,0,0,0,0,1,0.779999912,1.029999971,1.089999914,0.889999986,0,0,0,0,0,0,0,0,0,0,0,0
1696,69,0,0,0,0,1,0.779999912,0.789999962,1.049999952,1.089999914,0,1,0,0,0,0,0,0,0,0,0,0
1697,69,0,0,0,0,1,0.639999986,1.029999971,1.089999914,1.190000057,0,0,0,0,0,0,0,0,0,0,0,0
1698,69,0,0,0,0,1,0.639999986,1.029999971,1.089999914,1.190000057,0,0,0,0,0,0,0,0,0,0,0,0
1699,69,0,0,0,0,1,0.779999912,1.089999914,1.089999914,1.190000057,0,0,0,0,0,0,0,0,0,0,0,0
1700,69,0,0,0,0,1,0.779999912,1.089999914,1.089999914,1.190000057,0,0,0,0,0,0,0,0,0,0,0,0
1701,69,0,0,0,0,1,0.709999979,1.089999914,1.190000057,0.99000001,0,0,0,0,0,0,0,0,0,0,0,0
1702,69,0,0,0,0,1,0.579999924,0.930000007,0.980000019,0.980000019,0,0,0,1,0,0,0,0,0,0,0,0
1703,69,0,0,1,0,0,0.779999912,0.889999986,1.089999914,1.190000057,0,0,0,0,0,0,0,0,0,0,0,0
1704,69,0,0,0,0,1,0.649999976,0.879999995,1.149999976,0.99000001,0,0,0,1,0,0,0,0,0,0,0,0
1705,69,0,0,0,0,1,0.639999986,1.089999914,1.209999919,1.190000057,1,0,0,0,0,0,0,1,0,0,0,0
1706,69,0,1,0,0,0,0.689999998,0.789999962,1.209999919,1.190000057,1,1,0,0,0,0,0,0,0,0,0,0
1707,69,0,0,0,0,1,0.779999912,0.789999962,1.190000057,1.289999962,1,1,0,0,0,0,0,0,0,0,0,0
1708,69,0,0,0,0,1,0.649999976,0.970000029,1.25,1.089999914,0,0,0,0,0,0,0,0,0,0,0,1
1709,69,0,0,0,0,1,0.779999912,0.789999962,1.209999919,1.089999914,0,1,0,1,0,0,0,0,0,0,0,0
1710,69,0,0,0,0,1,0.649999976,0.970000029,1.169999957,0.99000001,0,0,0,1,0,0,0,0,0,0,0,0
1711,69,0,0,0,0,1,0.839999914,1.089999914,1.209999919,1.089999914,0,0,0,0,0,0,0,0,0,0,0,0
1712,69,0,0,0,0,1,0.819999933,0.949999988,1.209999919,0.99000001,0,0,0,0,0,0,0,0,0,0,0,0
1713,69,0,0,0,0,1,0.649999976,1.049999952,0.99000001,0.74000001,0,0,0,0,0,0,0,0,0,0,0,0
1714,69,0,0,0,0,1,0.720000029,1.089999914,1.039999962,0.99000001,0,0,0,0,0,0,0,0,0,0,0,0
1715,69,0,1,0,0,0,0.379999995,1.23999989,1.049999952,0.980000019,0,0,0,0,0,0,0,0,1,0,0,0
1716,69,1,0,0,0,1,0.959999979,1.289999962,1.039999962,1.289999962,0,0,0,0,0,0,0,0,0,0,0,0
1717,70,0,0,0,1,0,0.709999979,0.980000019,0.879999995,0.889999986,0,0,0,0,0,0,0,0,0,0,0,0
1718,70,0,0,1,0,0,0.680000007,0.980000019,0.879999995,1.059999824,0,1,0,0,0,0,0,0,0,0,0,0
1719,70,0,0,1,0,0,0.709999979,0.99000001,1.089999914,0.99000001,0,0,0,1,0,0,0,0,0,0,0,0
1720,70,0,0,0,1,0,0.779999912,0.789999962,1.049999952,1.089999914,0,1,0,0,0,0,0,0,0,0,0,0
1721,70,0,0,0,1,0,0.639999986,1.029999971,1.089999914,0.889999986,0,0,0,0,0,0,0,0,0,0,0,0
1722,70,0,0,0,1,0,0.639999986,1.089999914,1.089999914,1.190000057,0,0,0,0,0,0,0,0,0,0,0,0
1723,70,0,0,0,1,0,0.709999979,0.99000001,1.089999914,1.190000057,0,0,0,0,0,0,0,0,0,0,0,0
1724,70,0,0,0,1,0,0.680000007,1.089999914,1.049999952,0.949999988,0,0,0,0,0,0,0,1,0,0,0,0
1725,70,0,0,0,1,0,0.779999912,0.889999986,1.190000057,0.99000001,0,0,0,0,0,0,0,0,0,0,0,0
1726,70,0,0,0,0,1,0.609999955,0.970000029,1.149999976,0.99000001,0,0,0,0,0,0,0,0,0,0,0,0
1727,70,0,0,0,1,0,0.779999912,1.089999914,1.089999914,1.289999962,0,0,0,1,0,0,0,0,0,0,0,0
1728,70,0,0,0,1,0,0.589999914,0.879999995,1.149999976,1.25,0,0,0,0,0,0,0,0,1,0,0,0
1729,70,0,0,0,1,0,0.649999976,0.879999995,1.25,1.25,1,0,0,0,0,0,0,0,0,0,0,0
1730,70,0,0,0,1,0,0.779999912,1.089999914,1.190000057,1.289999962,1,0,0,0,0,0,0,0,0,0,0,0
1731,70,0,0,0,1,0,0.779999912,1.089999914,1.209999919,1.089999914,0,0,0,1,0,0,0,0,0,0,0,0
1732,70,0,0,0,1,0,0.789999962,0.980000019,1.089999914,1.109999895,0,0,0,0,0,0,0,0,0,0,0,0
1733,70,0,0,0,1,0,0.930000007,1.089999914,1.209999919,1.289999962,0,0,0,1,0,0,0,0,0,0,0,0
1734,70,0,0,0,1,0,0.649999976,1.049999952,1.25,0.99000001,0,0,0,1,0,0,0,0,0,0,0,0
1735,70,0,0,0,1,0,0.649999976,1.049999952,1.089999914,0.99000001,0,0,0,0,0,0,0,0,0,0,0,0
1736,70,1,0,0,1,0,0.720000029,1.089999914,1.209999919,1.289999962,0,0,0,0,0,0,0,0,0,0,0,0
1737,71,0,0,0,0,1,0.680000007,0.959999979,0.99000001,0.889999986,0,0,0,0,0,0,0,0,0,0,0,0
1738,71,0,0,1,0,0,0.689999998,0.589999914,0.99000001,0.949999988,0,0,0,1,0,1,0,0,0,0,0,0
1739,71,0,0,0,0,1,0.589999914,0.779999912,0.879999995,0.879999995,0,1,0,0,0,0,0,0,0,0,0,0
1740,71,0,0,0,0,1,0.689999998,0.889999986,0.99000001,0.889999986,0,0,0,1,0,0,0,0,0,0,0,0
1741,71,0,0,1,0,0,0.779999912,0.49000001,1.089999914,1.089999914,0,0,0,0,0,0,0,0,0,1,0,0
1742,71,0,0,0,0,1,0.649999976,0.889999986,1.049999952,1.049999952,0,0,0,0,0,0,0,0,0,0,0,0
1743,71,0,0,0,0,1,0.579999924,0.930000007,0.980000019,1.089999914,0,0,1,0,0,0,0,0,0,0,0,0
1744,71,0,0,0,0,1,0.689999998,0.789999962,1.089999914,0.99000001,0,0,0,0,0,0,0,0,0,0,0,0
1745,71,0,0,0,0,1,0.649999976,0.879999995,1.149999976,1.25,0,0,0,1,0,0,0,0,0,0,0,0
1746,71,0,0,0,0,1,0.579999924,0.970000029,1.149999976,1.089999914,0,0,0,0,1,0,0,1,0,0,0,0
1747,71,0,0,0,0,1,0.649999976,0.879999995,1.25,1.25,1,0,0,0,0,0,0,0,0,0,0,0
1748,71,0,0,0,1,0,0.649999976,0.879999995,0.99000001,1.25,0,0,0,0,0,0,0,0,0,0,1,0
1749,71,0,0,0,0,1,0.579999924,0.930000007,1.190000057,1.079999924,0,0,0,0,0,0,0,0,0,0,0,0
1750,71,0,0,0,0,1,0.680000007,0.959999979,1.389999986,0.689999998,0,0,0,0,0,0,0,0,0,0,0,1
1751,71,0,0,0,0,1,0.609999955,1.049999952,1.25,0.99000001,0,0,0,1,0,0,0,0,0,0,0,0
1752,71,1,0,0,0,1,0.609999955,1.049999952,1.289999962,1.289999962,0,0,0,1,0,0,0,0,0,0,0,0
1753,72,0,0,0,0,1,0.709999979,0.99000001,1.089999914,0.819999933,0,0,0,0,0,0,0,0,0,0,0,0
1754,72,0,0,0,0,1,0.779999912,0.789999962,1.089999914,0.74000001,0,1,0,0,0,0,0,0,0,0,0,0
1755,72,0,0,0,1,0,0.779999912,0.49000001,1.089999914,1.089999914,0,1,0,0,0,0,0,0,0,0,0,0
1756,72,0,1,0,0,0,0.889999986,0.789999962,1.089999914,0.889999986,0,1,0,0,0,0,0,0,0,0,0,0
1757,72,0,0,0,0,1,0.779999912,0.789999962,1.089999914,0.789999962,0,1,0,0,0,0,0,0,0,0,0,0
1758,72,0,1,0,0,0,0.889999986,0.789999962,1.049999952,1.089999914,0,1,0,0,0,0,0,0,0,0,0,0
1759,72,0,0,0,0,1,0.779999912,0.789999962,1.049999952,1.089999914,0,1,0,0,0,0,0,0,0,0,0,0
1760,72,0,0,0,0,1,0.779999912,1.029999971,1.089999914,0.889999986,0,0,0,0,0,0,0,0,0,0,0,0
1761,72,0,0,0,0,1,0.779999912,0.99000001,1.089999914,1.190000057,0,0,0,0,0,0,0,0,0,0,0,0
1762,72,0,0,1,0,0,0.779999912,0.99000001,1.089999914,1.190000057,0,0,0,0,0,0,0,0,0,0,0,0
1763,72,0,0,0,0,1,0.709999979,1.089999914,1.190000057,0.99000001,0,0,0,0,0,0,0,0,0,0,0,0
1764,72,0,0,0,0,1,0.779999912,1.089999914,1.089999914,0.939999998,0,0,0,0,0,0,0,0,0,0,0,0
1765,72,0,0,1,0,0,0.839999914,0.889999986,1.089999914,1.190000057,0,0,0,0,0,0,0,0,0,0,0,0
1766,72,0,0,0,0,1,0.779999912,1.089999914,1.190000057,0.99000001,0,0,0,1,0,0,0,0,0,0,0,0
1767,72,0,0,0,0,1,0.779999912,1.089999914,1.190000057,0.99000001,0,0,0,0,0,0,0,0,0,0,0,0
1768,72,0,0,0,1,0,0.639999986,1.089999914,1.209999919,1.190000057,1,0,0,0,0,0,0,1,0,0,0,0
1769,72,0,0,0,0,1,0.579999924,0.879999995,1.089999914,0.730000019,0,1,0,0,0,0,0,1,0,0,0,0
1770,72,0,0,0,1,0,0.779999912,1.089999914,1.190000057,1.289999962,0,0,0,0,0,0,0,0,0,0,0,0
1771,72,0,0,0,0,1,0.779999912,1.089999914,1.190000057,1.039999962,0,0,0,1,0,0,0,0,0,0,0,0
1772,72,0,0,0,0,1,0.789999962,1.089999914,1.209999919,0.939999998,0,0,0,1,0,0,0,0,0,0,0,0
1773,72,0,0,0,0,1,0.959999979,1.089999914,1.129999995,1.089999914,0,0,0,1,0,0,0,0,0,0,0,0
1774,72,0,0,0,0,1,0.920000017,1.089999914,1.209999919,0.839999914,0,0,0,0,0,0,0,0,0,0,0,0
1775,72,0,0,0,1,0,0.839999914,1.089999914,1.209999919,1.089999914,0,0,0,0,0,0,0,0,0,0,0,0
1776,72,0,0,0,1,0,0.959999979,1.089999914,1.089999914,1.289999962,0,1,1,1,0,0,0,0,0,0,0,0
1777,72,0,0,0,0,1,0.789999962,1.089999914,1.089999914,1.089999914,0,0,0,0,0,0,0,0,0,0,0,0
1778,72,0,0,0,0,1,0.789999962,1.089999914,1.089999914,1.089999914,0,0,0,0,0,0,0,0,0,0,0,0
1779,72,1,0,0,0,1,0.959999979,1.289999962,1.039999962,1.139999986,0,0,0,0,0,0,0,0,0,0,0,0
1780,73,0,0,0,0,1,0.649999976,0.589999914,0.99000001,0.889999986,0,0,0,0,0,0,0,0,0,0,0,0
1781,73,0,0,0,0,1,0.649999976,0.889999986,0.889999986,1.049999952,0,0,1,0,0,0,0,0,0,0,0,0
1782,73,0,0,0,0,1,0.5,0.889999986,0.99000001,0.889999986,0,0,0,0,0,0,0,0,1,0,0,0
1783,73,0,0,0,0,1,0.649999976,0.889999986,0.99000001,1.049999952,0,0,0,0,0,0,0,0,0,0,0,0
1784,73,0,0,0,0,1,0.649999976,0.889999986,1.049999952,0.889999986,0,0,0,0,0,0,0,0,0,0,0,0
1785,73,0,0,0,0,1,0.5,0.889999986,1.019999981,0.889999986,0,0,0,1,1,0,0,0,0,0,0,0
1786,73,0,0,0,0,1,0.649999976,0.689999998,1.070000052,1.149999976,0,0,0,0,0,1,0,0,0,0,0,0
1787,73,0,0,0,0,1,0.5,0.889999986,1.149999976,0.99000001,0,0,1,0,1,0,0,0,0,0,0,0
1788,73,0,0,0,0,1,0.649999976,0.879999995,1.149999976,0.99000001,0,0,0,0,0,0,0,0,0,0,0,0
1789,73,0,0,0,0,1,0.649999976,0.879999995,1.149999976,0.99000001,0,0,0,1,0,0,0,0,0,0,0,0
1790,73,0,0,0,0,1,0.649999976,0.879999995,1.149999976,1.25,0,0,0,0,0,0,0,0,0,0,0,0
1791,73,0,0,0,0,1,0.649999976,0.879999995,0.99000001,1.25,0,0,0,0,0,0,0,0,0,0,0,0
1792,73,0,0,0,0,1,0.649999976,0.879999995,0.99000001,1.25,0,0,0,0,0,0,0,0,0,0,1,0
1793,73,0,0,0,0,1,0.649999976,0.970000029,1.25,1.089999914,0,0,0,0,0,0,0,0,0,0,0,1
1794,73,0,0,0,0,1,0.649999976,0.970000029,1.25,1.25,0,0,0,1,0,0,0,0,0,0,0,0
1795,73,0,0,0,0,1,0.789999962,0.980000019,1.129999995,1.089999914,0,0,0,0,0,0,0,0,0,0,0,0
1796,73,0,0,0,0,1,0.649999976,1.049999952,1.25,0.99000001,0,0,0,1,0,0,0,0,0,0,0,0
1797,73,0,0,0,0,1,0.649999976,1.049999952,1.25,0.99000001,0,0,0,0,0,0,0,0,0,0,0,1
1798,73,0,0,0,0,1,0.649999976,1.049999952,1.25,0.99000001,0,0,0,1,0,0,0,0,0,0,0,0
1799,73,0,0,0,0,1,0.649999976,1.049999952,1.25,0.99000001,1,0,0,0,0,0,0,0,0,0,0,1
1800,73,0,0,0,0,1,0.649999976,1.049999952,1.25,0.99000001,1,0,0,1,0,0,0,0,0,0,0,0
1801,73,0,0,0,0,1,0.649999976,1.049999952,1.169999957,1.289999962,1,0,0,1,0,0,0,0,0,0,0,0
1802,73,0,0,0,0,1,0.649999976,1.049999952,0.99000001,0.99000001,0,0,0,0,0,0,0,1,0,0,0,0
1803,73,0,0,0,0,1,0.649999976,1.049999952,0.99000001,0.99000001,0,0,0,1,0,0,0,0,0,0,0,0
1804,73,0,0,0,0,1,0.649999976,1.049999952,0.99000001,0.99000001,0,0,0,1,0,0,0,0,0,0,0,0
1805,73,1,0,0,0,1,0.649999976,1.049999952,0.99000001,1.289999962,0,0,0,1,0,0,0,0,0,0,0,0
1806,74,0,0,0,0,1,0.680000007,0.730000019,0.930000007,0.689999998,0,0,0,0,0,0,0,0,0,0,0,0
1807,74,0,0,0,0,1,0.680000007,0.689999998,0.879999995,1.089999914,0,0,0,0,0,0,0,0,0,1,0,0
1808,74,0,0,0,0,1,0.680000007,0.689999998,0.879999995,1.089999914,0,1,0,0,0,0,0,0,0,0,0,0
1809,74,0,0,0,0,1,0.680000007,0.879999995,1.079999924,1.089999914,0,1,0,0,0,0,0,0,0,0,0,0
1810,74,0,0,0,0,1,0.680000007,0.789999962,1.079999924,1.089999914,0,0,0,0,0,0,1,0,0,1,0,0
1811,74,0,0,0,0,1,0.680000007,1.00999999,1.169999957,1.190000057,0,0,0,0,0,0,0,0,0,0,0,0
1812,74,0,0,0,0,1,0.680000007,1.00999999,1.169999957,1.190000057,0,0,0,0,0,0,0,0,0,0,0,0
1813,74,0,0,0,0,1,0.680000007,1.00999999,0.99000001,1.190000057,0,0,0,0,0,0,1,0,0,0,0,0
1814,74,0,0,0,0,1,0.680000007,1.00999999,1.169999957,0.949999988,0,0,0,0,0,0,0,1,0,0,0,0
1815,74,0,0,0,0,1,0.680000007,1.039999962,1.049999952,0.949999988,0,0,0,0,0,0,0,0,0,0,0,0
1816,74,0,0,0,0,1,0.680000007,1.089999914,1.169999957,0.949999988,0,0,0,0,0,0,0,1,0,0,0,0
1817,74,0,0,0,0,1,0.680000007,0.789999962,1.089999914,1.190000057,0,0,0,0,0,1,0,0,0,0,0,0
1818,74,0,0,0,0,1,0.680000007,0.789999962,1.089999914,1.190000057,0,0,0,0,0,1,1,0,0,0,0,0
1819,74,0,0,0,0,1,0.680000007,1.089999914,1.169999957,1.190000057,0,0,0,0,0,0,0,0,0,0,0,0
1820,74,0,0,0,0,1,0.680000007,1.089999914,1.169999957,0.949999988,0,0,0,0,0,0,0,1,0,0,0,0
1821,74,0,0,0,0,1,0.680000007,1.089999914,1.169999957,0.949999988,0,0,0,0,0,0,0,1,0,0,0,0
1822,74,0,0,0,1,0,0.680000007,0.889999986,1.289999962,1.089999914,0,0,0,0,0,0,0,0,0,1,0,1
1823,74,0,0,0,0,1,0.680000007,0.889999986,1.23999989,1.089999914,0,0,1,0,0,0,0,1,0,1,0,0
1824,74,0,0,0,0,1,0.680000007,1.089999914,1.190000057,1.190000057,0,1,0,0,0,0,0,0,0,0,1,0
1825,74,0,0,0,0,1,0.680000007,1.089999914,1.23999989,1.089999914,0,1,1,0,0,0,0,1,0,0,0,0
1826,74,0,0,0,0,1,0.680000007,0.99000001,1.089999914,1.089999914,0,0,0,0,0,0,1,0,0,0,0,0
1827,74,0,0,0,0,1,0.680000007,1.039999962,1.089999914,1.089999914,0,0,0,1,0,0,1,0,0,0,0,0
1828,74,0,0,0,0,1,0.930000007,1.089999914,1.209999919,1.289999962,0,0,0,1,0,0,0,0,0,0,0,0
1829,74,0,0,0,0,1,0.930000007,1.089999914,1.209999919,1.289999962,0,0,0,1,0,0,0,0,0,0,0,0
1830,74,0,0,0,0,1,0.839999914,1.089999914,1.209999919,1.089999914,0,0,0,0,0,0,0,0,0,0,0,0
1831,74,0,0,0,0,1,0.859999955,0.889999986,1.209999919,0.99000001,0,0,0,1,0,0,0,0,0,0,0,0
1832,74,0,0,0,0,1,0.959999979,0.889999986,1.089999914,1.289999962,0,0,0,1,0,0,0,0,0,0,1,0
1833,74,0,0,0,0,1,0.680000007,1.190000057,1.089999914,1.289999962,0,0,0,0,0,0,0,0,0,0,0,0
1834,74,1,0,0,0,1,0.680000007,1.190000057,1.25,0.889999986,0,0,0,0,0,0,0,0,0,0,0,1
1835,75,0,0,0,0,1,0.649999976,0.889999986,0.889999986,1.049999952,0,0,0,0,0,0,0,0,0,0,0,0
1836,75,0,0,0,0,1,0.649999976,0.889999986,0.99000001,0.889999986,0,0,0,0,0,0,0,0,0,0,0,1
1837,75,0,0,0,0,1,0.649999976,0.889999986,0.99000001,0.889999986,0,0,0,1,0,0,0,0,0,0,0,0
1838,75,0,0,0,0,1,0.49000001,0.889999986,1.019999981,1.049999952,0,0,0,0,0,0,0,0,1,0,0,0
1839,75,0,1,0,0,0,0.5,0.889999986,1.019999981,0.889999986,0,0,0,1,0,0,0,0,1,0,0,0
1840,75,0,0,0,0,1,0.649999976,0.689999998,1.070000052,1.149999976,0,0,1,0,0,0,0,0,0,1,0,0
1841,75,0,0,0,0,1,0.599999964,0.889999986,1.149999976,0.99000001,0,1,0,0,0,0,0,0,0,0,0,0
1842,75,0,0,0,0,1,0.599999964,0.789999962,0.99000001,1.149999976,0,0,0,1,0,1,1,0,0,0,0,0
1843,75,0,0,0,0,1,0.599999964,0.970000029,1.149999976,0.99000001,0,0,0,1,0,0,0,0,0,0,0,0
1844,75,0,0,0,0,1,0.599999964,0.970000029,1.149999976,1.25,0,0,0,0,0,0,0,0,0,0,0,0
1845,75,0,0,0,0,1,0.599999964,0.970000029,1.25,1.089999914,0,0,0,0,0,0,0,1,0,0,0,0
1846,75,0,0,0,0,1,0.599999964,0.970000029,1.25,1.089999914,0,0,1,0,0,0,0,0,0,0,0,0
1847,75,0,0,0,0,1,0.599999964,0.970000029,1.25,1.25,0,0,0,0,0,0,0,0,0,0,0,0
1848,75,0,0,0,0,1,0.649999976,1.049999952,1.25,0.99000001,0,0,0,0,0,0,0,0,0,0,0,1
1849,75,0,0,0,0,1,0.649999976,1.049999952,1.25,0.99000001,1,0,0,1,0,0,0,0,0,0,0,0
1850,75,0,0,0,0,1,0.649999976,1.049999952,1.25,0.99000001,0,0,0,1,0,0,0,0,0,0,0,0
1851,75,0,0,0,0,1,0.649999976,1.049999952,1.169999957,1.289999962,0,0,1,0,0,0,0,0,0,0,0,0
1852,75,0,0,0,0,1,0.589999914,1.049999952,1.25,0.99000001,0,0,1,1,0,0,0,0,0,0,0,0
1853,75,0,0,0,0,1,0.589999914,1.049999952,1.289999962,0.99000001,0,0,0,0,0,0,0,0,0,0,0,1
1854,75,1,0,0,0,1,0.649999976,1.049999952,1.289999962,1.289999962,0,0,0,0,0,0,0,0,0,0,0,0
1855,76,0,0,0,0,1,0.529999912,0.889999986,0.99000001,0.789999962,0,0,0,0,0,0,0,0,0,0,0,0
1856,76,0,0,0,0,1,0.609999955,0.889999986,0.99000001,1.089999914,0,0,0,0,0,0,0,0,0,0,0,0
1857,76,0,0,0,0,1,0.609999955,0.689999998,1.089999914,0.789999962,0,1,0,0,0,0,0,0,0,0,0,0
1858,76,0,0,0,0,1,0.529999912,0.889999986,1.039999962,0.889999986,0,1,0,0,0,0,0,0,1,0,0,0
1859,76,0,0,0,0,1,0.609999955,0.689999998,1.089999914,1.190000057,0,0,0,0,0,0,0,0,0,1,0,0
1860,76,0,0,0,0,1,0.609999955,0.789999962,0.99000001,1.190000057,0,0,0,0,0,0,0,0,0,0,1,0
1861,76,0,0,0,0,1,0.529999912,0.789999962,1.149999976,0.99000001,0,0,1,0,1,0,0,0,0,0,0,0
1862,76,0,0,0,0,1,0.609999955,0.789999962,1.149999976,0.99000001,0,0,1,0,0,0,0,0,0,0,0,0
1863,76,0,0,0,0,1,0.609999955,0.970000029,1.149999976,0.99000001,0,0,0,0,0,0,0,0,0,0,0,0
1864,76,0,0,0,0,1,0.609999955,0.970000029,1.149999976,0.99000001,0,0,0,0,0,0,0,0,0,0,0,0
1865,76,0,0,0,0,1,0.579999924,0.970000029,1.149999976,1.25,0,0,0,0,0,0,0,0,1,0,0,0
1866,76,0,0,0,0,1,0.609999955,0.970000029,1.149999976,1.089999914,1,0,0,0,0,0,0,0,0,0,0,0
1867,76,0,0,0,0,1,0.579999924,0.970000029,1.149999976,1.089999914,0,0,0,0,1,0,0,1,0,0,0,0
1868,76,0,0,0,0,1,0.609999955,0.970000029,0.99000001,1.25,0,0,0,0,0,0,1,0,0,0,0,0
1869,76,0,0,0,0,1,0.730000019,1.089999914,1.349999905,1.109999895,0,0,0,0,0,0,1,0,0,0,0,0
1870,76,0,0,0,0,1,0.609999955,0.970000029,1.289999962,1,0,0,0,0,0,0,0,0,0,0,0,0
1871,76,0,0,0,0,1,0.609999955,0.970000029,1.289999962,1,0,0,0,0,0,0,0,0,0,0,0,0
1872,76,0,0,0,0,1,0.730000019,1.089999914,1.349999905,1.289999962,0,0,0,0,0,0,0,0,0,0,0,0
1873,76,0,0,0,0,1,1.149999976,0.980000019,1.089999914,1.089999914,0,0,0,0,0,0,0,0,0,0,0,0
1874,76,0,0,0,0,1,0.789999962,1.089999914,1.349999905,1.289999962,0,0,0,0,0,0,0,0,0,0,0,0
1875,76,0,0,0,0,1,0.609999955,1.049999952,1.289999962,0.99000001,0,0,0,0,0,0,0,0,0,0,0,1
1876,76,0,0,0,0,1,0.529999912,1.049999952,1.289999962,0.99000001,0,0,0,1,0,0,0,0,1,0,0,0
1877,76,0,0,0,0,1,0.609999955,1.049999952,1.289999962,0.99000001,0,0,0,1,0,0,0,0,0,0,0,0
1878,76,0,0,0,0,1,0.609999955,1.049999952,1.289999962,0.99000001,0,0,0,0,0,0,0,0,0,0,0,1
1879,76,0,0,0,0,1,0.579999924,1.049999952,1.190000057,1.25,1,0,0,0,0,0,0,0,0,0,0,0
1880,76,0,0,0,0,1,0.609999955,1.049999952,1.25,0.99000001,0,0,0,1,0,0,0,0,0,0,0,0
1881,76,0,0,0,0,1,0.609999955,1.049999952,1.25,0.99000001,0,0,0,1,0,0,0,0,0,0,0,0
1882,76,0,0,0,0,1,0.609999955,1.049999952,1.289999962,0.99000001,0,0,0,1,0,0,0,0,0,0,0,0
1883,76,0,0,0,0,1,0.609999955,1.049999952,1.289999962,0.99000001,0,0,0,1,0,0,0,0,0,0,0,0
1884,76,0,0,0,0,1,0.609999955,1.049999952,1.289999962,1.139999986,0,0,0,0,0,0,0,0,0,0,0,0
1885,76,1,0,0,0,1,0.609999955,1.049999952,1.289999962,1.289999962,0,0,0,0,0,0,0,0,0,0,0,0
1886,77,0,0,0,1,0,0.599999964,0.970000029,1.149999976,0.99000001,0,0,0,0,0,0,0,0,0,0,0,0
1887,77,0,0,0,1,0,0.599999964,0.970000029,1.149999976,0.99000001,0,0,0,1,0,0,0,0,0,0,0,0
1888,77,0,0,0,1,0,0.599999964,0.970000029,1.149999976,1.25,0,0,0,0,0,0,0,0,0,0,0,0
1889,77,0,1,0,0,0,0.649999976,0.970000029,1.149999976,1.089999914,1,0,0,0,0,0,0,0,0,0,0,0
1890,77,0,1,0,0,0,0.649999976,0.970000029,1.25,1.089999914,0,0,0,0,0,0,0,1,0,0,0,0
1891,77,0,1,0,0,0,0.649999976,0.970000029,0.99000001,1.25,0,0,1,0,0,0,0,0,0,0,0,0
1892,77,0,1,0,0,0,0.649999976,0.970000029,0.99000001,1.25,0,0,1,0,0,0,0,0,0,0,0,0
1893,77,0,1,0,0,0,0.649999976,0.970000029,0.99000001,1.25,0,0,0,0,0,0,0,0,0,0,1,0
1894,77,0,1,0,0,0,0.5,0.970000029,1.089999914,1.089999914,0,0,1,1,0,0,0,0,1,0,0,0
1895,77,0,1,0,0,0,0.5,1.049999952,1.25,0.99000001,0,0,0,1,0,0,0,0,1,0,0,0
1896,77,0,1,0,0,0,0.649999976,1.049999952,1.169999957,1.289999962,0,0,1,0,0,0,0,0,0,0,0,0
1897,77,0,1,0,0,0,0.589999914,1.049999952,1.25,0.99000001,0,0,0,1,0,0,0,0,0,0,0,0
1898,77,0,1,0,0,0,0.589999914,1.049999952,0.99000001,1.289999962,0,0,0,0,0,0,0,0,0,0,0,0
1899,77,0,1,0,0,0,0.589999914,1.049999952,1.289999962,0.99000001,0,0,0,1,0,0,0,0,0,0,0,0
1900,77,1,1,0,0,0,0.649999976,1.049999952,1.289999962,1.139999986,0,0,0,1,0,0,0,0,0,0,0,0
1901,78,0,0,0,0,1,0.529999912,0.889999986,0.99000001,0.889999986,0,0,0,0,0,0,0,0,0,0,0,0
1902,78,0,0,1,0,0,0.709999979,1.00999999,0.879999995,0.889999986,0,0,0,0,0,0,0,0,0,0,0,0
1903,78,0,0,0,1,0,0.609999955,0.889999986,0.889999986,0.99000001,0,0,0,0,0,0,0,0,0,0,0,0
1904,78,0,1,0,0,0,0.789999962,0.99000001,0.99000001,1.089999914,0,0,0,1,0,0,0,0,0,0,0,0
1905,78,0,1,0,0,0,0.649999976,0.889999986,0.99000001,0.889999986,0,0,1,1,0,0,0,0,0,0,0,0
1906,78,0,0,0,0,1,0.609999955,0.689999998,1.089999914,1.089999914,0,0,0,1,0,1,0,0,0,0,0,0
1907,78,0,1,0,0,0,0.649999976,0.689999998,1.089999914,0.889999986,0,0,0,0,0,0,0,0,0,0,0,1
1908,78,0,1,0,0,0,0.649999976,0.889999986,1.039999962,0.99000001,0,1,0,0,0,0,0,0,0,0,0,0
1909,78,0,0,0,0,1,0.609999955,0.889999986,1.089999914,0.889999986,0,0,0,1,0,0,0,0,0,0,0,0
1910,78,0,0,0,0,1,0.680000007,0.789999962,1.169999957,1.129999995,0,0,0,0,0,0,0,0,0,0,0,0
1911,78,0,0,0,0,1,0.609999955,0.689999998,1.089999914,1.190000057,0,0,0,0,0,0,0,0,0,1,0,0
1912,78,0,1,0,0,0,0.649999976,0.789999962,1.149999976,0.99000001,0,0,0,0,0,0,0,0,0,0,0,0
1913,78,0,0,1,0,0,0.680000007,1.089999914,1.169999957,1.159999967,0,0,0,0,0,0,0,0,0,0,0,0
1914,78,0,1,0,0,0,0.5,0.970000029,1.089999914,1.190000057,0,0,0,0,0,0,1,0,0,0,0,0
1915,78,0,1,0,0,0,0.889999986,0.889999986,1.190000057,0.99000001,0,0,0,0,0,0,0,0,0,0,0,0
1916,78,0,0,0,0,1,0.609999955,0.970000029,1.149999976,0.99000001,0,0,0,1,0,0,0,0,0,0,0,0
1917,78,0,0,0,0,1,0.609999955,0.970000029,1.149999976,0.99000001,0,0,0,1,0,0,0,0,0,0,0,0
1918,78,0,0,0,1,0,0.680000007,1.089999914,0.99000001,0.949999988,0,0,1,0,0,0,0,1,0,0,0,0
1919,78,0,1,0,0,0,0.649999976,0.970000029,1.149999976,1.25,0,0,0,0,0,0,0,0,0,0,0,0
1920,78,0,1,0,0,0,0.649999976,0.970000029,1.149999976,1.089999914,1,0,0,1,0,0,0,0,0,0,0,0
1921,78,0,0,0,0,1,0.680000007,0.889999986,1.190000057,1.190000057,0,1,0,1,0,0,0,0,0,0,1,0
1922,78,0,0,1,0,0,0.609999955,0.970000029,0.99000001,1.25,0,0,0,0,0,0,1,0,0,0,0,0
1923,78,0,0,0,0,1,0.609999955,0.970000029,1.289999962,1.089999914,0,0,1,1,0,0,0,0,0,0,0,0
1924,78,0,1,0,0,0,0.649999976,0.970000029,1.289999962,1.25,0,0,0,0,0,0,0,0,0,0,0,0
1925,78,0,1,0,0,0,0.649999976,1.029999971,1.089999914,1.089999914,0,0,1,0,0,0,0,0,0,0,0,1
1926,78,0,1,0,0,0,0.5,1.029999971,1.089999914,1.089999914,0,0,1,1,0,0,0,0,1,0,0,0
1927,78,0,1,0,0,0,0.649999976,1.049999952,0.99000001,1.25,1,0,0,1,0,0,0,0,0,0,1,0
1928,78,1,0,0,0,1,0.609999955,1.049999952,1.289999962,0.99000001,0,0,0,1,0,0,0,0,0,0,0,0
1929,79,0,0,0,0,1,0.529999912,0.889999986,0.99000001,0.889999986,0,0,0,0,0,0,0,0,0,0,0,0
1930,79,0,0,0,0,1,0.529999912,0.889999986,0.889999986,0.99000001,0,0,0,1,0,0,0,0,1,0,1,0
1931,79,0,0,0,0,1,0.609999955,0.889999986,0.889999986,0.99000001,0,0,1,0,0,0,0,0,0,0,0,0
1932,79,0,0,0,0,1,0.529999912,0.889999986,0.99000001,0.889999986,0,0,1,1,0,0,0,0,1,0,0,0
1933,79,0,0,0,0,1,0.609999955,0.889999986,0.99000001,0.889999986,0,0,1,1,0,0,0,0,0,0,0,0
1934,79,0,0,0,0,1,0.609999955,0.689999998,1.089999914,0.889999986,0,0,0,0,0,0,0,0,0,0,0,1
1935,79,0,0,0,0,1,0.609999955,0.889999986,1.089999914,1.190000057,0,0,0,1,0,0,0,0,0,0,0,0
1936,79,0,0,0,0,1,0.609999955,0.970000029,1.089999914,1.190000057,0,0,0,0,0,0,1,0,0,0,0,0
1937,79,0,0,0,0,1,0.609999955,0.970000029,1.149999976,0.99000001,0,0,0,0,0,0,0,0,0,0,0,0
1938,79,0,0,0,0,1,0.609999955,0.970000029,1.149999976,0.99000001,0,0,0,0,0,0,0,0,0,0,0,0
1939,79,0,0,0,0,1,0.609999955,0.970000029,1.149999976,1.190000057,0,0,0,1,0,0,0,0,0,0,0,0
1940,79,0,0,0,0,1,0.609999955,0.970000029,1.25,1.089999914,0,0,0,1,0,0,0,0,0,0,0,0
1941,79,0,0,0,0,1,0.609999955,0.970000029,0.99000001,1.25,0,0,0,0,0,0,1,0,0,0,0,0
1942,79,0,0,0,0,1,0.609999955,1.029999971,1.089999914,1.089999914,0,0,1,0,0,0,0,0,0,0,0,1
1943,79,0,0,0,0,1,0.609999955,1.049999952,1.289999962,0.99000001,0,0,0,0,0,0,0,0,0,0,0,1
1944,79,0,0,0,0,1,0.609999955,1.049999952,1.25,0.99000001,1,0,0,0,0,0,0,0,0,0,0,0
1945,79,0,0,0,0,1,0.609999955,1.049999952,1.25,0.99000001,0,0,0,1,0,0,0,0,0,0,0,0
1946,79,0,0,0,0,1,0.609999955,1.049999952,1.289999962,0.99000001,0,0,0,1,0,0,0,0,0,0,0,0
1947,79,1,0,0,0,1,0.609999955,1.049999952,1.289999962,0.99000001,0,0,0,1,0,0,0,0,0,0,0,0
1948,80,0,0,0,0,1,0.709999979,0.980000019,0.99000001,1.089999914,0,0,0,0,0,0,0,0,0,0,0,0
1949,80,0,0,0,0,1,0.709999979,0.99000001,0.99000001,1.089999914,0,0,0,1,0,0,0,0,0,0,0,0
1950,80,0,0,0,0,1,0.709999979,0.99000001,1.089999914,0.99000001,0,0,0,1,0,0,0,0,0,0,0,0
1951,80,0,0,0,0,1,0.709999979,0.99000001,1.089999914,0.99000001,0,0,0,0,0,0,0,0,0,0,0,0
1952,80,0,0,0,1,0,0.709999979,0.99000001,1.089999914,0.99000001,0,0,0,0,0,0,0,0,0,0,0,0
1953,80,0,0,0,0,1,0.779999912,0.49000001,1.089999914,1.089999914,0,0,0,0,0,0,0,0,0,1,0,0
1954,80,0,0,0,0,1,0.779999912,0.49000001,1.089999914,0.99000001,0,1,0,0,0,0,0,0,0,0,0,0
1955,80,0,0,0,0,1,0.779999912,0.589999914,1.089999914,0.889999986,0,1,0,0,0,0,0,0,0,0,0,0
1956,80,0,0,0,0,1,0.779999912,0.789999962,1.089999914,0.889999986,0,1,0,0,0,0,0,0,0,0,0,0
1957,80,0,0,0,0,1,0.779999912,0.789999962,1.049999952,1.089999914,0,1,0,0,0,0,0,0,0,0,0,0
1958,80,0,0,0,0,1,0.779999912,0.789999962,1.049999952,1.089999914,0,1,0,0,0,0,0,0,0,0,0,0
1959,80,0,0,0,0,1,0.779999912,0.789999962,1.089999914,0.889999986,0,1,0,0,0,0,0,0,0,0,0,0
1960,80,0,0,0,0,1,0.639999986,1.089999914,1.089999914,1.190000057,0,0,0,0,0,0,0,0,0,0,0,0
1961,80,0,0,0,0,1,0.779999912,0.99000001,1.089999914,1.190000057,0,0,0,0,0,0,0,0,0,0,0,0
1962,80,0,0,0,0,1,0.709999979,1.089999914,1.190000057,0.99000001,0,0,0,0,0,0,0,0,0,0,0,0
1963,80,0,0,0,0,1,0.839999914,0.889999986,1.089999914,1.190000057,0,0,0,0,0,0,0,0,0,0,0,0
1964,80,0,0,0,0,1,0.779999912,1.089999914,1.089999914,1.289999962,0,0,0,1,0,0,0,0,0,0,0,0
1965,80,0,0,0,0,1,0.639999986,0.789999962,1.209999919,1.190000057,1,1,0,0,0,0,0,0,0,0,0,0
1966,80,0,0,0,0,1,0.639999986,0.789999962,1.209999919,1.190000057,1,1,0,0,0,0,0,0,0,0,0,0
1967,80,0,0,0,0,1,0.639999986,0.789999962,1.209999919,1.190000057,0,0,0,0,0,0,0,0,0,0,0,0
1968,80,0,0,0,0,1,0.779999912,0.789999962,1.209999919,1.089999914,0,1,0,1,0,0,0,0,0,0,0,0
1969,80,0,0,0,0,1,0.959999979,1.089999914,1.089999914,1.089999914,0,0,0,1,0,0,0,0,0,0,0,0
1970,80,0,0,0,0,1,0.910000026,1.089999914,1.209999919,1.289999962,0,0,0,1,0,0,0,0,0,0,0,0
1971,80,0,0,0,0,1,0.859999955,1.089999914,1.209999919,0.99000001,0,0,0,0,0,0,0,0,0,0,0,0
1972,80,0,0,0,0,1,0.959999979,1.089999914,1.149999976,1.289999962,0,1,1,1,0,0,0,0,0,0,0,0
1973,80,0,0,0,0,1,0.819999933,1.089999914,1.25,0.99000001,0,0,1,0,0,0,0,0,0,0,0,0
1974,80,0,0,0,0,1,0.74000001,0.949999988,1.190000057,1.289999962,0,0,0,0,0,0,0,0,0,0,0,0
1975,80,0,0,0,0,1,0.720000029,1.089999914,1.209999919,1.289999962,0,0,0,0,0,0,0,0,0,0,0,0
1976,80,0,0,0,0,1,0.720000029,1.089999914,1.039999962,0.99000001,0,0,0,0,0,0,0,0,0,0,0,0
1977,80,1,0,0,0,1,0.959999979,1.289999962,1.039999962,1.289999962,0,0,0,0,0,0,0,0,0,0,0,0
1978,81,0,0,0,0,1,0.709999979,0.980000019,0.879999995,1.199999928,0,0,0,0,0,0,0,0,0,0,0,0
1979,81,0,0,0,0,1,0.709999979,0.689999998,1.089999914,1.089999914,0,1,0,1,0,0,0,0,0,0,0,0
1980,81,0,0,1,0,0,0.709999979,0.99000001,1.089999914,0.99000001,0,0,0,1,0,0,0,0,0,0,0,0
1981,81,0,0,0,0,1,0.709999979,0.99000001,1.089999914,0.99000001,0,0,0,0,0,0,0,0,0,0,0,0
1982,81,0,0,0,0,1,0.779999912,0.589999914,1.089999914,0.889999986,0,1,0,0,0,0,0,0,0,0,0,0
1983,81,0,0,0,0,1,0.779999912,0.789999962,1.049999952,1.089999914,0,1,0,0,0,0,0,0,0,0,0,0
1984,81,0,0,0,0,1,0.779999912,0.789999962,1.049999952,1.089999914,0,1,0,0,0,0,0,0,0,0,0,0
1985,81,0,0,0,1,0,0.779999912,1.029999971,1.089999914,0.889999986,0,0,0,0,0,0,0,0,0,0,0,0
1986,81,0,0,0,0,1,0.779999912,1.029999971,1.089999914,0.889999986,0,0,0,0,0,0,0,0,0,0,0,0
1987,81,0,0,0,0,1,0.639999986,1.089999914,1.089999914,1.190000057,0,0,0,0,0,0,0,0,0,0,0,0
1988,81,0,0,0,0,1,0.709999979,1.089999914,1.190000057,0.99000001,0,0,0,0,0,0,0,0,0,0,0,0
1989,81,0,0,0,0,1,0.779999912,1.089999914,1.089999914,1.190000057,0,0,0,0,0,0,0,0,0,0,0,0
1990,81,0,0,0,0,1,0.779999912,0.889999986,1.089999914,1.190000057,0,0,0,0,0,0,0,0,0,0,0,0
1991,81,0,0,0,0,1,0.779999912,1.089999914,1.190000057,0.99000001,0,0,0,0,0,0,0,0,0,0,0,0
1992,81,0,0,0,0,1,0.779999912,1.089999914,1.190000057,0.99000001,0,0,0,0,0,0,0,0,0,0,0,0
1993,81,0,0,0,0,1,0.680000007,0.959999979,1.190000057,1.289999962,0,0,0,0,0,0,0,0,0,0,0,0
1994,81,0,0,1,0,0,0.779999912,1.089999914,1.089999914,1.289999962,0,0,0,1,0,0,0,0,0,0,0,0
1995,81,0,0,0,0,1,0.639999986,0.789999962,1.209999919,1.190000057,1,1,0,0,0,0,0,0,0,0,0,0
1996,81,0,0,0,0,1,0.779999912,1.089999914,1.209999919,1.089999914,0,0,0,1,0,0,0,0,0,0,0,0
1997,81,0,0,0,0,1,0.930000007,1.089999914,1.199999928,1.289999962,0,0,0,1,0,0,0,0,0,0,0,0
1998,81,1,0,0,0,1,0.959999979,1.289999962,1.039999962,1.289999962,0,0,0,0,0,0,0,0,0,0,0,0
1999,82,0,0,0,1,0,0.779999912,0.49000001,1.089999914,1.089999914,0,0,0,0,0,0,0,0,0,0,0,0
2000,82,0,0,0,1,0,0.779999912,0.789999962,1.089999914,1.089999914,0,0,0,0,0,0,0,0,0,0,0,0
2001,82,0,0,0,1,0,0.589999914,0.930000007,0.980000019,0.879999995,0,0,0,0,0,0,0,0,0,0,0,0
2002,82,0,0,0,1,0,0.779999912,0.789999962,1.049999952,1.089999914,0,1,0,0,0,0,0,0,0,0,0,0
2003,82,0,0,0,1,0,0.779999912,0.980000019,1.089999914,0.889999986,0,0,0,0,0,0,0,0,0,0,0,0
2004,82,0,0,0,1,0,0.779999912,0.980000019,1.089999914,0.889999986,0,0,0,0,0,0,0,0,0,0,0,0
2005,82,0,0,0,1,0,0.639999986,1.089999914,1.089999914,1.190000057,0,0,0,0,0,0,0,0,0,0,0,0
2006,82,0,0,0,1,0,0.709999979,1.089999914,1.190000057,0.99000001,0,0,0,0,0,0,0,0,0,0,0,0
2007,82,0,0,0,1,0,0.579999924,0.930000007,0.99000001,0.980000019,0,0,0,1,0,0,0,0,0,0,0,0
2008,82,0,0,0,1,0,0.779999912,0.980000019,1.190000057,0.99000001,0,0,0,0,0,0,0,0,0,0,0,0
2009,82,0,0,0,1,0,0.579999924,0.930000007,0.99000001,0.980000019,0,0,1,0,0,0,0,0,0,0,0,0
2010,82,0,1,0,0,0,0.549999952,0.980000019,1.190000057,0.99000001,0,0,0,0,0,0,0,0,0,0,0,0
2011,82,0,0,0,1,0,0.779999912,1.089999914,1.190000057,0.99000001,0,0,0,0,0,0,0,0,0,0,0,0
2012,82,0,0,0,1,0,0.639999986,0.980000019,1.209999919,1.190000057,0,0,0,0,0,0,0,0,0,0,0,0
2013,82,0,0,0,1,0,0.879999995,0.789999962,1.209999919,1.089999914,0,0,0,1,0,0,0,0,0,0,0,0
2014,82,0,0,0,1,0,0.789999962,1.089999914,1.209999919,1.289999962,0,0,0,1,0,0,0,0,0,0,0,0
2015,82,0,0,0,1,0,0.789999962,0.980000019,1.089999914,1.109999895,0,0,0,0,0,0,0,0,0,0,0,0
2016,82,0,0,0,1,0,0.579999924,0.879999995,1.079999924,1.079999924,0,0,1,1,0,0,0,0,0,0,0,0
2017,82,0,0,0,1,0,0.789999962,1.089999914,1.089999914,1.289999962,0,0,0,0,0,0,0,0,0,0,0,0
2018,82,0,0,0,1,0,0.789999962,1.089999914,1.089999914,1.289999962,0,0,0,0,0,0,0,0,0,0,0,0
2019,82,0,0,0,1,0,0.720000029,1.089999914,1.209999919,1.289999962,0,0,0,0,0,0,0,0,0,0,0,0
2020,82,0,0,0,1,0,0.720000029,1.089999914,1.209999919,1.289999962,0,0,0,0,0,0,0,0,0,0,0,0
2021,82,1,0,0,1,0,0.959999979,1.289999962,1.039999962,1.289999962,0,0,0,0,0,0,0,0,0,0,0,0
2022,83,0,1,0,0,0,0.549999952,0.689999998,0.879999995,0.889999986,0,0,0,0,0,0,0,0,0,0,0,0
2023,83,0,1,0,0,0,0.549999952,0.689999998,0.879999995,1.089999914,0,0,0,0,0,0,0,0,0,0,0,0
2024,83,0,1,0,0,0,0.549999952,0.689999998,0.879999995,1.089999914,0,0,0,0,0,0,0,0,0,0,0,0
2025,83,0,1,0,0,0,0.549999952,0.99000001,1.089999914,0.949999988,0,0,0,0,0,0,0,0,0,0,0,0
2026,83,0,1,0,0,0,0.549999952,0.789999962,1.089999914,1.089999914,0,0,0,0,0,0,0,0,0,0,0,0
2027,83,0,0,1,0,0,0.779999912,0.49000001,1.089999914,1.089999914,0,0,0,0,0,1,0,0,0,0,0,0
2028,83,0,1,0,0,0,0.549999952,0.789999962,1.049999952,1.089999914,0,0,0,0,0,0,0,0,0,0,0,0
2029,83,0,1,0,0,0,0.549999952,0.789999962,1.049999952,1.089999914,0,0,0,0,0,0,0,0,0,0,0,0
2030,83,0,0,0,0,1,0.779999912,0.980000019,1.089999914,0.889999986,0,0,0,0,0,0,0,0,0,0,0,0
2031,83,0,1,0,0,0,0.549999952,0.980000019,1.089999914,0.889999986,0,0,0,0,0,0,0,0,0,0,0,0
2032,83,0,1,0,0,0,0.549999952,1.029999971,1.089999914,1.190000057,0,0,0,0,0,0,0,0,0,0,0,0
2033,83,0,1,0,0,0,0.549999952,1.089999914,1.089999914,1.190000057,0,0,0,0,0,0,0,0,0,0,0,0
2034,83,0,1,0,0,0,0.549999952,0.99000001,1.089999914,1.190000057,0,0,0,0,0,0,0,0,0,0,0,0
2035,83,0,1,0,0,0,0.549999952,0.99000001,1.089999914,1.190000057,0,0,0,0,0,0,0,0,0,0,0,0
2036,83,0,1,0,0,0,0.549999952,1.089999914,1.190000057,0.99000001,0,0,0,0,0,0,0,0,0,0,0,0
2037,83,0,1,0,0,0,0.549999952,1.089999914,1.089999914,1.190000057,0,0,0,0,0,0,0,0,0,0,0,0
2038,83,0,1,0,0,0,0.99000001,0.889999986,1.089999914,1.190000057,0,0,1,0,0,0,0,0,0,0,0,0
2039,83,0,1,0,0,0,0.549999952,0.889999986,1.089999914,1.190000057,0,0,0,0,0,0,0,0,0,0,0,0
2040,83,0,1,0,0,0,0.549999952,0.980000019,1.190000057,0.99000001,0,0,0,0,0,0,0,0,0,0,0,0
2041,83,0,1,0,0,0,0.549999952,0.980000019,1.190000057,0.99000001,0,0,0,0,0,0,0,0,0,0,0,0
2042,83,0,1,0,0,0,0.549999952,0.980000019,1.089999914,1.289999962,0,0,0,0,0,0,0,0,0,0,0,0
2043,83,0,1,0,0,0,0.549999952,0.980000019,1.089999914,1.289999962,0,0,0,0,0,0,0,0,0,0,0,0
2044,83,0,1,0,0,0,0.549999952,0.980000019,1.209999919,1.190000057,0,0,0,0,0,0,0,1,0,0,0,0
2045,83,0,1,0,0,0,0.549999952,0.980000019,1.209999919,1.190000057,0,0,0,1,0,0,0,0,0,0,0,0
2046,83,0,0,0,0,1,0.639999986,0.980000019,1.209999919,1.190000057,0,0,0,0,0,0,0,0,0,0,0,0
2047,83,0,1,0,0,0,0.549999952,0.980000019,1.190000057,1.289999962,0,0,0,0,0,0,0,0,0,0,0,0
2048,83,0,1,0,0,0,0.549999952,0.980000019,1.190000057,1.289999962,0,0,0,1,0,0,0,0,0,0,0,0
2049,83,0,1,0,0,0,0.549999952,0.980000019,1.209999919,1.089999914,0,0,0,0,0,0,0,0,0,0,0,0
2050,83,0,1,0,0,0,0.589999914,1.089999914,1.209999919,1.190000057,0,0,0,1,0,0,0,0,0,0,0,0
2051,83,0,1,0,0,0,0.589999914,1.089999914,1.209999919,1.289999962,0,0,0,0,0,0,0,0,0,0,0,0
2052,83,0,1,0,0,0,0.589999914,1.089999914,1.129999995,1.089999914,0,0,0,1,0,0,0,0,0,0,0,0
2053,83,0,1,0,0,0,0.589999914,1.089999914,1.209999919,1.289999962,0,0,0,1,0,0,0,0,0,0,0,0
2054,83,0,1,0,0,0,0.589999914,1.089999914,1.209999919,1.289999962,0,0,0,1,0,0,0,0,0,0,0,0
2055,83,0,1,0,0,0,0.589999914,0.889999986,1.209999919,0.99000001,0,0,0,1,0,0,0,0,0,0,0,0
2056,83,0,1,0,0,0,0.589999914,1.089999914,1.089999914,1.289999962,0,0,1,1,0,0,0,0,0,0,0,0
2057,83,1,1,0,0,0,0.589999914,1.089999914,1.209999919,1.289999962,0,0,0,0,0,0,0,0,0,0,0,0
2058,84,0,1,0,0,0,0.789999962,0.980000019,0.879999995,0.889999986,0,0,0,0,0,0,0,0,0,0,0,0
2059,84,0,1,0,0,0,0.789999962,0.689999998,0.879999995,0.889999986,0,0,0,0,0,0,0,0,0,0,0,0
2060,84,0,1,0,0,0,0.789999962,0.980000019,0.99000001,1.089999914,0,1,0,1,0,0,0,0,0,0,0,0
2061,84,0,1,0,0,0,0.789999962,0.99000001,1.089999914,0.99000001,0,0,0,1,0,0,0,0,0,0,0,0
2062,84,0,1,0,0,0,0.789999962,0.99000001,1.089999914,0.99000001,0,0,0,0,0,0,0,0,0,0,0,0
2063,84,0,1,0,0,0,0.889999986,0.49000001,1.089999914,1.089999914,0,0,0,0,0,0,0,0,0,1,0,0
2064,84,0,1,0,0,0,0.889999986,0.99000001,1.089999914,0.889999986,0,1,0,0,0,0,0,0,0,0,0,0
2065,84,0,1,0,0,0,0.889999986,0.789999962,1.049999952,1.089999914,0,1,0,0,0,0,0,0,0,0,0,0
2066,84,0,0,0,0,1,0.779999912,1.029999971,1.089999914,0.889999986,0,0,0,0,0,0,0,0,0,0,0,0
2067,84,0,0,0,0,1,0.639999986,1.029999971,1.089999914,0.889999986,0,0,0,0,0,0,0,0,0,0,0,0
2068,84,0,1,0,0,0,0.689999998,1.089999914,1.089999914,1.190000057,0,0,0,0,0,0,0,0,0,0,0,0
2069,84,0,1,0,0,0,0.889999986,0.99000001,1.089999914,1.190000057,0,0,0,0,0,0,0,0,0,0,0,0
2070,84,0,1,0,0,0,0.789999962,1.089999914,1.190000057,0.99000001,0,0,0,0,0,0,0,0,0,0,0,0
2071,84,0,1,0,0,0,0.789999962,1.089999914,1.190000057,0.99000001,0,0,0,0,0,0,0,0,0,0,0,0
2072,84,0,0,0,0,1,0.779999912,1.089999914,1.190000057,0.99000001,0,0,0,0,0,0,0,0,0,0,0,0
2073,84,0,1,0,0,0,0.889999986,1.089999914,1.190000057,0.99000001,0,0,0,0,0,0,0,0,0,0,0,0
2074,84,0,0,0,0,1,0.569999933,0.970000029,1.149999976,1.089999914,0,0,0,0,0,0,0,0,1,0,0,0
2075,84,0,1,0,0,0,0.889999986,1.089999914,1.190000057,1.289999962,0,0,0,0,0,0,0,0,0,0,0,0
2076,84,0,1,0,0,0,0.889999986,1.089999914,1.209999919,1.289999962,0,0,0,1,0,0,0,0,0,0,0,0
2077,84,0,1,0,0,0,1.149999976,1.089999914,1.089999914,1.089999914,0,0,0,1,0,0,0,0,0,0,0,0
2078,84,0,1,0,0,0,1.149999976,1.089999914,1.209999919,1.289999962,0,0,0,1,0,0,0,0,0,0,0,0
2079,84,0,1,0,0,0,0.99000001,1.089999914,1.209999919,1.089999914,0,0,0,0,0,0,0,0,0,0,0,0
2080,84,0,1,0,0,0,0.99000001,0.889999986,1.209999919,0.99000001,0,0,0,0,0,0,0,1,0,0,0,0
2081,84,0,1,0,0,0,1.149999976,0.889999986,1.199999928,1.289999962,0,1,0,1,0,0,0,0,0,0,1,0
2082,84,0,1,0,0,0,1.149999976,1.089999914,1.139999986,1.289999962,0,1,1,1,0,0,0,0,0,0,0,0
2083,84,0,0,0,0,1,0.789999962,1.089999914,1.089999914,1.289999962,0,0,0,0,0,0,0,0,0,0,0,0
2084,84,0,1,0,0,0,0.789999962,1.089999914,1.209999919,1.289999962,0,0,0,0,0,0,0,0,0,0,0,0
2085,84,0,1,0,0,0,0.789999962,0.949999988,1.039999962,0.99000001,0,0,0,0,0,0,0,0,0,0,0,0
2086,84,1,1,0,0,0,0.379999995,1.23999989,1.049999952,0.980000019,0,0,0,0,0,0,0,0,1,0,0,0
2087,85,0,0,1,0,0,0.709999979,0.99000001,1.089999914,0.949999988,0,0,0,0,0,0,0,0,0,0,0,0
2088,85,0,1,0,0,0,0.649999976,0.889999986,0.99000001,1.089999914,0,0,0,1,0,0,0,0,0,0,0,0
2089,85,0,1,0,0,0,0.549999952,0.789999962,1.089999914,1.089999914,0,0,0,0,0,0,0,0,0,0,0,0
2090,85,0,1,0,0,0,0.649999976,0.889999986,1.039999962,0.99000001,0,1,0,0,0,0,0,0,0,0,0,0
2091,85,0,1,0,0,0,0.649999976,0.970000029,0.99000001,1.190000057,0,0,0,0,0,0,0,0,0,0,0,0
2092,85,0,1,0,0,0,0.649999976,0.970000029,1.149999976,1.25,0,0,0,0,0,0,0,0,0,0,0,0
2093,85,0,0,1,0,0,0.680000007,0.889999986,1.190000057,1.190000057,0,0,1,1,0,1,0,0,0,0,0,0
2094,85,0,1,0,0,0,0.649999976,0.970000029,0.99000001,1.25,0,0,0,0,0,0,1,0,0,0,0,0
2095,85,0,0,0,0,1,0.609999955,0.970000029,1.289999962,1.089999914,0,0,0,0,0,0,0,0,0,0,0,1
2096,85,0,1,0,0,0,0.649999976,1.029999971,1.289999962,1.25,0,0,0,0,0,0,0,0,0,0,0,0
2097,85,0,1,0,0,0,0.649999976,1.049999952,1.289999962,0.99000001,0,0,0,0,0,0,0,0,0,0,0,0
2098,85,0,0,0,0,1,0.680000007,1.089999914,1.190000057,0.99000001,0,0,0,0,0,0,0,1,0,0,0,0
2099,85,0,0,0,0,1,0.609999955,1.049999952,1.289999962,0.99000001,0,0,0,1,0,0,0,0,0,0,0,0
2100,85,0,0,0,0,1,0.529999912,1.049999952,1.289999962,0.99000001,0,0,0,1,0,0,0,0,1,0,0,0
2101,85,0,1,0,0,0,0.649999976,1.049999952,1.190000057,1.25,0,0,0,0,0,0,0,0,0,0,0,0
2102,85,0,0,0,1,0,0.579999924,1.049999952,1.089999914,1.25,1,0,0,0,0,0,0,0,0,0,0,0
2103,85,0,0,0,0,1,0.609999955,1.049999952,1.289999962,0.99000001,0,0,0,1,0,0,0,0,0,0,0,0
2104,85,1,0,0,0,1,0.609999955,1.049999952,1.289999962,1.289999962,0,0,0,1,0,0,0,0,0,0,0,0
2105,86,0,0,0,1,0,0.709999979,0.980000019,0.879999995,0.889999986,0,0,0,0,0,0,0,0,0,0,0,0
2106,86,0,0,1,0,0,0.709999979,0.689999998,0.879999995,0.889999986,0,1,0,0,0,0,0,0,0,0,0,0
2107,86,0,1,0,0,0,0.549999952,1.089999914,1.190000057,0.99000001,0,0,0,0,0,0,0,0,0,0,0,0
2108,86,0,1,0,0,0,0.549999952,1.089999914,1.190000057,0.99000001,0,0,0,0,0,0,0,0,0,0,0,0
2109,86,0,1,0,0,0,0.549999952,0.889999986,1.089999914,1.190000057,0,0,0,0,0,0,0,0,0,0,0,0
2110,86,0,1,0,0,0,0.549999952,0.889999986,1.089999914,1.190000057,0,0,0,0,0,0,0,0,0,0,0,0
2111,86,0,1,0,0,0,0.549999952,0.889999986,1.089999914,1.190000057,0,0,0,0,0,0,0,0,0,0,0,0
2112,86,0,1,0,0,0,0.549999952,1.089999914,1.089999914,1.289999962,0,0,0,1,0,0,0,0,0,0,0,0
2113,86,0,1,0,0,0,0.549999952,0.789999962,1.209999919,1.190000057,0,1,0,0,0,0,0,0,0,0,0,0
2114,86,0,1,0,0,0,0.549999952,0.789999962,1.190000057,1.289999962,0,1,0,0,0,0,0,0,0,0,0,0
2115,86,0,1,0,0,0,0.549999952,1.089999914,1.209999919,1.089999914,0,0,0,1,0,0,0,0,0,0,0,0
2116,86,0,1,0,0,0,0.549999952,0.789999962,1.209999919,1.089999914,0,1,0,1,0,0,0,0,0,0,0,0
2117,86,0,1,0,0,0,0.589999914,0.980000019,1.129999995,1.109999895,0,0,0,0,0,0,0,0,0,0,0,0
2118,86,0,1,0,0,0,0.589999914,1.089999914,1.23999989,1.289999962,0,0,0,1,0,0,0,0,0,0,0,0
2119,86,0,1,0,0,0,0.589999914,1.089999914,1.209999919,1.089999914,0,0,0,0,0,0,0,0,0,0,0,0
2120,86,1,1,0,0,0,0.589999914,1.089999914,1.209999919,1.289999962,0,0,0,0,0,0,0,0,0,0,0,0
2121,87,0,0,0,0,1,0.709999979,0.689999998,0.879999995,1.199999928,0,0,0,0,0,0,0,0,0,0,0,0
2122,87,0,0,0,0,1,0.709999979,0.99000001,1.089999914,0.99000001,0,0,0,1,0,0,0,0,0,0,0,0
2123,87,0,0,0,0,1,0.709999979,0.99000001,1.089999914,0.889999986,0,0,0,1,0,0,0,0,0,0,0,0
2124,87,0,0,0,0,1,0.709999979,0.99000001,1.089999914,0.889999986,0,0,0,1,0,0,0,0,0,0,0,0
2125,87,0,0,0,0,1,0.709999979,0.99000001,1.089999914,0.99000001,0,0,0,0,0,0,0,0,0,0,0,0
2126,87,0,0,0,0,1,0.779999912,0.789999962,1.089999914,1.089999914,0,1,0,0,0,0,0,0,0,0,0,0
2127,87,0,0,0,0,1,0.779999912,0.49000001,1.089999914,1.089999914,0,1,0,0,0,0,0,0,0,0,0,0
2128,87,0,0,0,0,1,0.779999912,0.589999914,1.089999914,0.889999986,0,1,0,0,0,0,0,0,0,0,0,0
2129,87,0,0,0,0,1,0.779999912,1.029999971,1.089999914,0.889999986,0,0,0,0,0,0,0,0,0,0,0,0
2130,87,0,0,0,0,1,0.779999912,0.99000001,1.049999952,1.089999914,0,1,0,0,0,0,0,0,0,0,0,0
2131,87,0,0,0,0,1,0.779999912,0.789999962,1.049999952,1.089999914,0,1,0,0,0,0,0,0,0,0,0,0
2132,87,0,0,0,0,1,0.779999912,0.789999962,1.049999952,1.089999914,0,1,0,0,0,0,0,0,0,0,0,0
2133,87,0,0,0,0,1,0.779999912,0.789999962,1.089999914,0.889999986,0,1,0,0,0,0,0,0,0,0,0,0
2134,87,0,0,0,0,1,0.779999912,1.029999971,1.089999914,0.889999986,0,0,0,0,0,0,0,0,0,0,0,0
2135,87,0,0,0,0,1,0.639999986,1.029999971,1.089999914,0.889999986,0,0,0,0,0,0,0,0,0,0,0,0
2136,87,0,0,0,0,1,0.639999986,1.029999971,1.089999914,1.190000057,0,0,0,0,0,0,0,0,0,0,0,0
2137,87,0,0,0,0,1,0.639999986,1.089999914,1.089999914,1.190000057,0,0,0,0,0,0,0,0,0,0,0,0
2138,87,0,0,0,0,1,0.779999912,1.089999914,1.089999914,1.190000057,0,0,0,0,0,0,0,0,0,0,0,0
2139,87,0,0,0,0,1,0.779999912,1.089999914,1.089999914,1.190000057,0,0,0,0,0,0,0,0,0,0,0,0
2140,87,0,0,0,0,1,0.709999979,0.99000001,1.089999914,1.190000057,0,0,0,0,0,0,0,0,0,0,0,0
2141,87,0,0,0,0,1,0.709999979,1.089999914,1.190000057,0.99000001,0,0,0,0,0,0,0,0,0,0,0,0
2142,87,0,0,0,0,1,0.709999979,1.089999914,1.190000057,0.99000001,0,0,0,0,0,0,0,0,0,0,0,0
2143,87,0,0,0,0,1,0.709999979,1.089999914,1.190000057,0.99000001,0,0,0,0,0,0,0,0,0,0,0,0
2144,87,0,0,0,0,1,0.839999914,0.889999986,1.089999914,1.190000057,0,0,0,0,0,0,0,0,0,0,0,0
2145,87,0,0,0,0,1,0.779999912,0.889999986,1.089999914,1.190000057,0,0,0,0,0,0,0,0,0,0,0,0
2146,87,0,0,0,0,1,0.779999912,1.089999914,1.190000057,0.99000001,0,0,0,0,0,0,0,0,0,0,0,0
2147,87,0,0,0,0,1,0.779999912,1.089999914,1.089999914,1.289999962,0,0,0,1,0,0,0,0,0,0,0,0
2148,87,0,0,0,0,1,0.639999986,1.089999914,1.209999919,1.190000057,1,0,0,0,0,0,0,1,0,0,0,0
2149,87,0,0,0,0,1,0.639999986,0.789999962,1.209999919,1.190000057,1,1,0,0,0,0,0,0,0,0,0,0
2150,87,0,0,0,0,1,0.639999986,0.789999962,1.209999919,1.190000057,0,0,0,0,0,0,0,0,0,0,0,0
2151,87,0,0,0,0,1,0.779999912,1.089999914,1.190000057,1.289999962,1,0,0,0,0,0,0,0,0,0,0,0
2152,87,0,0,0,0,1,0.779999912,1.089999914,1.190000057,1.289999962,0,0,0,1,0,0,0,0,0,0,0,0
2153,87,0,0,0,0,1,0.779999912,0.789999962,1.209999919,1.089999914,0,0,0,1,0,0,0,0,0,1,0,0
2154,87,0,0,0,0,1,0.779999912,0.789999962,1.209999919,1.089999914,0,1,0,1,0,0,0,0,0,0,0,0
2155,87,0,0,0,0,1,0.779999912,0.789999962,1.209999919,1.089999914,0,1,0,1,0,0,0,0,0,0,0,0
2156,87,0,0,0,0,1,0.789999962,1.089999914,1.209999919,1.289999962,0,0,0,1,0,0,0,0,0,0,0,0
2157,87,0,0,0,0,1,0.959999979,1.089999914,1.089999914,1.089999914,0,0,0,1,0,0,0,0,0,0,0,0
2158,87,0,0,0,0,1,0.789999962,0.980000019,1.129999995,1.089999914,0,0,0,0,0,0,0,0,0,0,0,0
2159,87,0,0,0,0,1,0.959999979,1.089999914,1.129999995,1.089999914,0,0,0,1,0,0,0,0,0,0,0,0
2160,87,0,0,0,0,1,0.930000007,1.089999914,1.23999989,1.289999962,0,0,0,1,0,0,0,0,0,0,0,0
2161,87,0,0,0,0,1,0.920000017,1.089999914,1.209999919,1.089999914,0,0,0,0,0,0,0,0,0,0,0,0
2162,87,0,0,0,0,1,0.920000017,1.089999914,1.209999919,1.089999914,0,0,0,0,0,0,0,0,0,0,0,0
2163,87,0,0,0,0,1,0.859999955,0.889999986,1.209999919,0.99000001,0,0,0,0,0,1,0,0,0,0,0,0
2164,87,0,0,0,0,1,0.859999955,0.889999986,1.209999919,0.99000001,0,0,0,0,0,0,0,1,0,0,0,0
2165,87,0,0,0,0,1,0.959999979,0.889999986,1.199999928,1.289999962,0,1,0,1,0,0,0,0,0,0,1,0
2166,87,0,0,0,0,1,0.959999979,1.089999914,1.039999962,1.289999962,0,0,1,0,0,0,0,0,0,0,0,0
2167,87,0,0,0,0,1,0.819999933,1.089999914,1.25,0.99000001,0,0,1,0,0,0,0,0,0,0,0,0
2168,87,0,0,0,0,1,0.819999933,0.949999988,1.209999919,0.99000001,0,0,0,1,0,0,0,0,0,0,0,0
2169,87,0,0,0,0,1,0.819999933,0.949999988,1.209999919,0.99000001,0,0,0,0,0,0,0,0,0,0,0,0
2170,87,0,0,0,0,1,0.789999962,1.089999914,1.089999914,1.289999962,0,0,0,0,0,0,0,0,0,0,0,0
2171,87,0,0,0,0,1,0.720000029,1.089999914,1.209999919,1.289999962,0,0,0,0,0,0,0,0,0,0,0,0
2172,87,0,0,0,0,1,0.720000029,1.089999914,1.039999962,0.99000001,0,0,0,0,0,0,0,0,0,0,0,0
2173,87,0,0,0,0,1,0.959999979,1.289999962,1.039999962,1.289999962,0,0,0,1,0,0,0,0,0,0,0,0
2174,87,0,0,0,0,1,0.959999979,1.289999962,1.039999962,1.289999962,0,0,0,0,0,0,0,0,0,0,0,0
2175,87,1,0,0,0,1,0.959999979,1.289999962,1.039999962,1.289999962,0,0,0,0,0,0,0,0,0,0,0,0
2176,88,0,0,0,0,1,0.649999976,0.889999986,0.99000001,1.049999952,0,0,0,0,0,0,0,0,0,0,0,0
2177,88,0,0,0,0,1,0.649999976,0.889999986,0.99000001,1.049999952,0,0,0,0,0,0,0,0,0,0,0,0
2178,88,0,0,0,0,1,0.649999976,0.789999962,1.049999952,0.889999986,0,0,0,1,0,0,0,0,0,1,0,0
2179,88,0,0,0,0,1,0.649999976,0.889999986,1.019999981,1.049999952,0,0,0,1,0,0,0,0,0,0,0,0
2180,88,0,0,0,0,1,0.49000001,0.839999914,1.019999981,0.889999986,0,0,0,0,0,0,0,0,0,1,0,1
2181,88,0,1,0,0,0,0.689999998,1.029999971,1.089999914,0.889999986,0,0,0,0,0,0,0,0,0,0,0,0
2182,88,0,0,0,0,1,0.5,0.889999986,1.149999976,0.99000001,0,0,1,0,1,0,0,0,0,0,0,0
2183,88,0,0,0,0,1,0.649999976,0.970000029,1.089999914,1.149999976,0,0,0,0,0,0,0,0,0,0,1,0
2184,88,0,0,0,0,1,0.589999914,0.879999995,1.149999976,1.089999914,0,0,0,0,0,0,0,0,1,0,0,1
2185,88,0,0,0,0,1,0.649999976,0.879999995,0.99000001,1.25,0,0,0,0,0,0,0,0,0,0,0,0
2186,88,0,0,0,0,1,0.649999976,0.879999995,1.25,1.089999914,0,0,0,1,0,0,0,0,0,0,0,0
2187,88,0,0,0,0,1,0.959999979,1.089999914,1.129999995,1.089999914,0,0,0,1,0,0,0,0,0,0,0,0
2188,88,0,0,0,0,1,0.649999976,1.049999952,1.169999957,1.289999962,1,0,0,1,0,0,0,0,0,0,0,0
2189,88,0,0,0,0,1,0.819999933,0.949999988,1.209999919,0.99000001,0,0,0,0,0,0,0,0,0,0,0,0
2190,88,0,0,0,0,1,0.649999976,1.049999952,0.99000001,0.99000001,0,0,0,0,0,0,0,0,0,0,0,0
2191,88,1,0,0,0,1,0.649999976,1.049999952,0.99000001,0.99000001,0,0,0,1,0,0,0,0,0,0,0,0
2192,89,0,0,0,0,1,0.709999979,0.99000001,0.99000001,1.089999914,0,0,0,0,0,0,0,0,0,0,0,0
2193,89,0,0,0,0,1,0.709999979,0.99000001,1.089999914,0.99000001,0,0,0,0,0,0,0,0,0,0,0,0
2194,89,0,0,0,0,1,0.779999912,0.49000001,1.089999914,1.089999914,0,0,0,0,0,0,0,0,0,1,0,0
2195,89,0,0,0,0,1,0.779999912,0.49000001,1.089999914,1.089999914,0,1,0,0,0,0,0,0,0,0,0,0
2196,89,0,0,0,0,1,0.779999912,0.789999962,1.089999914,0.889999986,0,1,0,0,0,0,0,0,0,0,0,0
2197,89,0,0,0,0,1,0.779999912,0.789999962,1.049999952,1.089999914,0,1,0,0,0,0,0,0,0,0,0,0
2198,89,0,0,0,0,1,0.779999912,1.029999971,1.089999914,0.889999986,0,0,0,0,0,0,0,0,0,0,0,0
2199,89,0,0,0,0,1,0.779999912,1.089999914,1.089999914,0.689999998,0,0,0,0,0,0,0,0,0,0,0,0
2200,89,0,0,0,0,1,0.709999979,1.089999914,1.190000057,0.99000001,0,0,0,0,0,0,0,0,0,0,0,0
2201,89,0,0,0,0,1,0.839999914,0.889999986,1.089999914,1.190000057,0,0,0,0,0,0,0,0,0,0,0,0
2202,89,0,1,0,0,0,0.889999986,1.089999914,1.190000057,0.99000001,0,0,0,0,0,0,0,0,0,0,0,0
2203,89,0,0,0,0,1,0.779999912,1.089999914,1.089999914,1.289999962,0,0,0,1,0,0,0,0,0,0,0,0
2204,89,0,0,0,0,1,0.639999986,1.089999914,1.209999919,1.190000057,1,0,0,0,0,0,0,1,0,0,0,0
2205,89,0,0,0,0,1,0.639999986,0.789999962,1.209999919,1.190000057,0,0,0,0,0,0,0,0,0,0,0,0
2206,89,0,0,0,0,1,0.779999912,1.089999914,1.190000057,0.939999998,0,0,0,1,0,0,0,0,0,0,0,0
2207,89,0,0,0,0,1,0.779999912,0.789999962,1.209999919,1.089999914,0,0,0,1,0,0,0,0,0,1,0,0
2208,89,0,0,0,0,1,0.779999912,0.789999962,1.209999919,1.089999914,0,1,0,1,0,0,0,0,0,0,0,0
2209,89,0,0,0,0,1,0.680000007,0.99000001,1.23999989,1.190000057,0,0,1,0,0,0,0,0,0,0,0,0
2210,89,0,0,0,0,1,0.680000007,1.089999914,1.23999989,1.190000057,0,0,0,0,0,0,0,0,0,0,0,0
2211,89,1,0,0,0,1,0.74000001,0.949999988,1.190000057,1.289999962,0,0,0,0,0,0,0,0,0,0,0,0
2212,90,0,1,0,0,0,0.5,0.889999986,0.99000001,0.889999986,0,0,0,0,0,0,0,0,0,0,0,0
2213,90,0,0,0,1,0,0.649999976,0.889999986,0.889999986,1.049999952,0,0,0,0,0,0,0,0,0,0,1,0
2214,90,0,1,0,0,0,0.649999976,0.889999986,1.049999952,1.049999952,0,0,0,0,0,0,0,0,0,0,0,0
2215,90,0,1,0,0,0,0.649999976,0.889999986,1.019999981,1.049999952,0,0,0,1,0,0,0,0,0,0,0,0
2216,90,0,1,0,0,0,0.5,0.889999986,1.019999981,1.049999952,0,0,0,0,0,0,0,0,1,0,0,0
2217,90,0,0,0,0,1,0.5,0.889999986,1.019999981,0.889999986,0,0,0,1,1,0,0,0,0,0,0,0
2218,90,0,0,0,0,1,0.649999976,0.889999986,0.99000001,1.149999976,0,0,0,0,0,0,0,0,0,0,1,0
2219,90,0,0,0,0,1,0.649999976,0.889999986,1.149999976,0.99000001,0,0,1,0,0,0,0,0,0,0,0,0
2220,90,0,0,1,0,0,0.649999976,0.889999986,1.149999976,0.99000001,0,0,1,0,0,0,0,1,0,0,0,0
2221,90,0,0,0,0,1,0.649999976,0.889999986,1.149999976,0.99000001,0,0,1,0,0,0,0,0,0,0,0,0
2222,90,0,0,0,0,1,0.649999976,0.879999995,1.070000052,1.149999976,0,1,1,0,0,0,0,0,0,0,0,0
2223,90,0,0,0,0,1,0.649999976,0.879999995,1.149999976,1.25,0,0,0,0,0,0,0,0,0,0,0,0
2224,90,0,1,0,0,0,0.589999914,0.879999995,1.149999976,1.25,0,0,0,0,0,0,0,0,1,0,0,0
2225,90,0,0,0,1,0,0.649999976,0.879999995,0.99000001,1.25,0,0,0,0,0,0,0,0,0,0,0,0
2226,90,0,0,1,0,0,0.649999976,0.970000029,1.25,1.089999914,0,0,0,0,0,0,0,0,0,0,0,1
2227,90,0,0,0,0,1,0.649999976,0.970000029,1.25,1.089999914,0,0,0,0,0,0,0,0,0,0,0,1
2228,90,0,0,0,0,1,0.649999976,0.970000029,1.25,1.089999914,0,0,0,1,0,0,0,0,0,0,0,0
2229,90,0,1,0,0,0,0.649999976,0.970000029,1.25,1.25,0,0,0,1,0,0,0,0,0,0,0,0
2230,90,0,0,0,0,1,0.599999964,0.970000029,1.089999914,1.089999914,0,0,0,0,0,0,0,1,0,0,0,0
2231,90,0,0,0,0,1,0.5,1.049999952,1.25,0.99000001,0,0,0,1,0,0,0,0,1,0,0,0
2232,90,0,0,0,0,1,0.859999955,0.889999986,1.209999919,0.99000001,0,0,0,0,0,1,0,0,0,0,0,0
2233,90,0,0,0,0,1,0.649999976,1.049999952,1.25,0.99000001,1,0,0,1,0,0,0,0,0,0,0,0
2234,90,0,0,1,0,0,0.649999976,1.049999952,1.169999957,1.289999962,1,0,0,1,0,0,0,0,0,0,0,0
2235,90,0,0,0,0,1,0.649999976,1.049999952,1.169999957,0.99000001,0,0,0,1,0,0,0,0,0,0,0,0
2236,90,0,0,0,0,1,0.649999976,1.049999952,0.99000001,0.99000001,0,0,0,0,0,0,0,1,0,0,0,0
2237,90,1,0,0,0,1,0.649999976,1.049999952,0.99000001,0.99000001,0,0,0,1,0,0,0,0,0,0,0,0
2238,91,0,0,0,0,1,0.589999914,0.779999912,0.879999995,0.879999995,0,0,0,0,0,0,0,0,0,0,0,0
2239,91,0,0,0,1,0,0.589999914,0.680000007,0.879999995,0.879999995,0,1,0,1,0,0,0,0,0,0,0,0
2240,91,0,0,0,0,1,0.589999914,0.930000007,0.980000019,0.879999995,0,0,0,0,0,0,0,0,0,0,0,0
2241,91,0,0,0,0,1,0.579999924,0.930000007,1.089999914,0.980000019,0,0,0,1,0,0,0,0,0,0,0,0
2242,91,0,1,0,0,0,0.649999976,0.879999995,1.149999976,1.25,0,0,0,0,0,0,0,0,0,0,0,0
2243,91,0,0,1,0,0,0.579999924,0.879999995,1.089999914,1.049999952,0,1,0,0,0,0,0,0,0,0,0,0
2244,91,0,0,0,0,1,0.579999924,0.879999995,0.980000019,0.980000019,0,1,0,1,0,0,0,0,0,0,0,0
2245,91,0,0,0,0,1,0.609999955,0.970000029,0.99000001,1.25,0,0,0,0,0,0,1,0,0,0,0,0
2246,91,0,0,0,1,0,0.579999924,0.879999995,0.980000019,1.079999924,0,1,0,0,0,0,0,0,0,0,0,0
2247,91,0,0,0,0,1,0.609999955,0.970000029,1.289999962,1.089999914,0,0,0,0,0,0,0,0,0,0,0,1
2248,91,0,0,0,0,1,0.609999955,1.029999971,1.089999914,1.089999914,0,0,1,1,0,0,0,0,0,0,0,0
2249,91,0,0,1,0,0,0.579999924,0.879999995,1.129999995,1.079999924,0,1,0,1,0,0,0,0,0,0,0,0
2250,91,0,0,0,0,1,0.529999912,1.049999952,1.289999962,0.99000001,0,0,0,1,0,0,0,0,1,0,0,0
2251,91,0,1,0,0,0,0.5,1.049999952,1.289999962,0.99000001,0,0,0,1,0,0,0,0,1,0,0,0
2252,91,1,0,0,0,1,0.609999955,1.049999952,1.289999962,0.99000001,0,0,0,0,0,0,0,0,0,0,0,1
2253,92,0,1,0,0,0,0.549999952,0.980000019,0.879999995,0.889999986,0,0,0,0,0,0,0,0,0,0,0,0
2254,92,0,1,0,0,0,0.549999952,0.689999998,0.879999995,1.089999914,0,0,0,0,0,0,0,0,0,0,0,0
2255,92,0,1,0,0,0,0.549999952,0.980000019,0.99000001,1.089999914,0,1,0,1,0,0,0,0,0,0,0,0
2256,92,0,1,0,0,0,0.549999952,0.99000001,1.089999914,1.089999914,0,0,0,1,0,0,0,0,0,0,0,0
2257,92,0,1,0,0,0,0.549999952,0.99000001,1.089999914,1.089999914,0,0,0,1,0,0,0,0,0,0,0,0
2258,92,0,1,0,0,0,0.5,0.889999986,0.99000001,0.889999986,0,0,0,0,0,0,0,0,1,0,0,0
2259,92,0,1,0,0,0,0.549999952,0.99000001,1.089999914,0.99000001,0,0,0,0,0,0,0,0,0,0,0,0
2260,92,0,1,0,0,0,0.789999962,0.99000001,1.089999914,0.99000001,0,0,0,0,0,0,0,0,0,0,0,0
2261,92,0,0,1,0,0,0.779999912,0.49000001,1.089999914,1.089999914,0,1,0,0,0,0,0,0,0,0,0,0
2262,92,0,1,0,0,0,0.549999952,1.029999971,1.089999914,0.889999986,0,0,0,0,0,0,0,0,0,0,0,0
2263,92,0,1,0,0,0,0.549999952,1.029999971,1.089999914,0.889999986,0,0,0,0,0,0,0,0,0,0,0,0
2264,92,0,1,0,0,0,0.549999952,0.789999962,1.089999914,0.889999986,0,1,0,0,0,0,0,0,0,0,0,0
2265,92,0,1,0,0,0,0.549999952,0.99000001,1.089999914,0.889999986,0,1,0,0,0,0,0,0,0,0,0,0
2266,92,0,1,0,0,0,0.549999952,0.789999962,1.049999952,1.089999914,0,1,0,0,0,0,0,0,0,0,0,0
2267,92,0,1,0,0,0,0.549999952,1.029999971,1.089999914,0.889999986,0,0,0,0,0,0,0,0,0,0,0,0
2268,92,0,1,0,0,0,0.549999952,1.089999914,1.089999914,1.190000057,0,0,0,0,0,0,0,0,0,0,0,0
2269,92,0,1,0,0,0,0.549999952,1.089999914,1.089999914,1.190000057,0,0,0,0,0,0,0,0,0,0,0,0
2270,92,0,0,0,0,1,0.649999976,0.689999998,1.070000052,1.149999976,0,0,0,0,0,1,0,0,0,0,0,0
2271,92,0,1,0,0,0,0.549999952,0.99000001,1.089999914,1.190000057,0,0,0,0,0,0,0,0,0,0,0,0
2272,92,0,1,0,0,0,0.549999952,0.99000001,1.190000057,0.99000001,0,0,0,0,0,0,0,0,0,0,0,0
2273,92,0,1,0,0,0,0.549999952,1.089999914,1.190000057,0.99000001,0,0,0,1,0,0,0,0,0,0,0,0
2274,92,0,1,0,0,0,0.549999952,1.089999914,1.190000057,0.99000001,0,0,0,0,0,0,0,0,0,0,0,0
2275,92,0,1,0,0,0,0.549999952,0.789999962,1.209999919,1.190000057,0,0,0,0,0,0,0,0,0,0,0,0
2276,92,0,0,0,0,1,0.639999986,0.789999962,1.209999919,1.190000057,0,0,0,0,0,0,0,0,0,0,0,0
2277,92,0,1,0,0,0,0.549999952,1.089999914,1.190000057,1.289999962,0,0,0,0,0,0,0,0,0,0,0,0
2278,92,0,1,0,0,0,0.549999952,0.789999962,1.209999919,1.089999914,0,0,0,1,0,0,0,0,0,1,0,0
2279,92,0,1,0,0,0,0.549999952,0.789999962,1.209999919,1.089999914,0,1,0,1,0,0,0,0,0,0,0,0
2280,92,0,0,0,0,1,0.789999962,1.089999914,1.209999919,1.089999914,0,0,0,1,0,0,0,0,0,0,0,0
2281,92,0,1,0,0,0,0.589999914,1.089999914,1.209999919,1.289999962,0,0,0,1,0,0,0,0,0,0,0,0
2282,92,0,1,0,0,0,0.589999914,1.089999914,1.209999919,1.089999914,0,0,0,0,0,0,0,0,0,0,0,0
2283,92,0,1,0,0,0,0.589999914,1.089999914,1.209999919,1.089999914,0,0,0,0,0,0,0,0,0,0,0,0
2284,92,0,1,0,0,0,0.589999914,0.889999986,1.199999928,1.289999962,0,1,0,1,0,0,0,0,0,0,1,0
2285,92,0,1,0,0,0,0.889999986,1.089999914,1.25,0.99000001,0,0,1,0,0,0,0,0,0,0,0,0
2286,92,0,1,0,0,0,0.589999914,1.089999914,1.039999962,0.99000001,0,0,0,0,0,0,0,0,0,0,0,0
2287,92,0,1,0,0,0,0.589999914,1.089999914,1.039999962,0.99000001,0,0,0,0,0,0,0,0,0,0,0,0
2288,92,1,1,0,0,0,0.589999914,1.289999962,1.039999962,1.289999962,0,0,0,0,0,0,0,0,0,0,0,0
2289,93,0,0,0,0,1,0.689999998,0.889999986,0.99000001,1.129999995,0,0,0,0,0,0,0,0,0,0,0,0
2290,93,0,0,0,0,1,0.680000007,0.99000001,1.079999924,0.889999986,0,0,0,0,0,0,0,0,0,0,0,0
2291,93,0,0,0,0,1,0.689999998,0.789999962,1.25,1.129999995,0,0,0,0,0,0,0,0,0,1,0,0
2292,93,0,0,0,0,1,0.709999979,1.089999914,1.190000057,0.99000001,0,0,0,0,0,0,0,0,0,0,0,0
2293,93,0,0,0,0,1,0.689999998,0.789999962,1.25,0.99000001,0,0,0,0,0,0,0,0,0,0,0,0
2294,93,0,0,0,1,0,0.609999955,0.970000029,1.149999976,0.99000001,0,0,0,1,0,0,0,0,0,0,0,0
2295,93,0,0,0,1,0,0.609999955,0.970000029,1.149999976,1.25,0,0,0,0,0,0,0,0,0,0,0,0
2296,93,0,0,0,0,1,0.759999931,1.089999914,1.349999905,1.149999976,0,0,0,0,0,0,0,0,0,0,0,0
2297,93,0,0,0,0,1,0.730000019,1.089999914,1.349999905,1.289999962,0,0,0,0,0,0,0,0,0,0,0,0
2298,93,0,0,0,0,1,0.609999955,0.970000029,1.289999962,1.25,0,0,0,0,0,0,0,0,0,0,0,0
2299,93,0,0,0,0,1,0.649999976,1.049999952,1.25,1.25,0,0,0,0,0,0,0,0,0,0,0,0
2300,93,0,0,0,0,1,0.959999979,0.889999986,1.089999914,1.289999962,0,0,0,1,0,0,0,0,0,0,1,0
2301,93,0,0,0,0,1,0.959999979,1.089999914,1.089999914,1.289999962,0,0,1,1,0,0,0,0,0,0,0,0
2302,93,0,0,0,0,1,0.579999924,1.049999952,1.190000057,1.25,1,0,0,0,0,0,0,0,0,0,0,0
2303,93,0,0,0,0,1,0.819999933,0.949999988,1.25,0.99000001,0,0,0,1,0,0,0,0,0,0,0,0
2304,93,1,0,0,0,1,0.680000007,0.889999986,1.25,0.889999986,0,0,0,0,0,0,0,0,0,0,0,1
2305,94,0,0,1,0,0,0.779999912,0.49000001,1.089999914,1.089999914,0,0,0,0,0,0,0,0,0,0,0,0
2306,94,0,0,0,0,1,0.779999912,1.029999971,1.089999914,0.889999986,0,0,0,0,0,0,0,0,0,0,0,0
2307,94,0,0,0,0,1,0.779999912,1.029999971,1.089999914,0.889999986,0,0,0,0,0,0,0,0,0,0,0,0
2308,94,0,0,0,1,0,0.779999912,0.789999962,1.049999952,1.089999914,0,0,0,0,0,0,0,0,0,0,0,0
2309,94,0,0,0,1,0,0.779999912,0.789999962,1.049999952,1.089999914,0,0,0,0,0,0,0,0,0,0,0,0
2310,94,0,1,0,0,0,0.889999986,0.980000019,1.089999914,0.889999986,0,0,0,0,0,0,0,0,0,0,0,0
2311,94,0,0,1,0,0,0.5,0.889999986,1.019999981,0.889999986,0,0,0,1,0,0,0,0,1,0,0,0
2312,94,0,1,0,0,0,0.689999998,1.089999914,1.089999914,1.190000057,0,0,0,0,0,0,0,0,0,0,0,0
2313,94,0,1,0,0,0,0.889999986,0.99000001,1.089999914,1.190000057,0,0,0,0,0,0,0,0,0,0,0,0
2314,94,0,1,0,0,0,0.789999962,1.089999914,1.190000057,0.99000001,0,0,0,0,0,0,0,0,0,0,0,0
2315,94,0,1,0,0,0,0.5,0.970000029,1.089999914,1.149999976,0,0,0,1,0,0,0,0,0,0,0,0
2316,94,0,1,0,0,0,0.889999986,0.980000019,1.190000057,0.99000001,0,0,0,0,0,0,0,0,0,0,0,0
2317,94,0,1,0,0,0,0.889999986,0.980000019,1.190000057,0.99000001,0,0,0,0,0,0,0,0,0,0,0,0
2318,94,0,1,0,0,0,0.889999986,0.980000019,1.089999914,1.289999962,0,0,0,0,0,0,0,0,0,0,0,0
2319,94,0,0,1,0,0,0.599999964,0.970000029,1.149999976,1.25,0,0,0,0,0,0,0,0,0,0,0,0
2320,94,0,1,0,0,0,0.549999952,0.980000019,1.089999914,1.289999962,0,0,0,0,0,0,0,0,0,0,0,0
2321,94,0,1,0,0,0,0.589999914,0.970000029,1.149999976,1.25,0,0,0,0,0,0,0,0,1,0,0,0
2322,94,0,1,0,0,0,0.689999998,0.980000019,1.209999919,1.190000057,0,0,0,0,0,0,0,1,0,0,0,0
2323,94,0,1,0,0,0,0.689999998,0.980000019,1.209999919,1.190000057,0,0,0,0,0,0,0,0,0,0,0,0
2324,94,0,1,0,0,0,0.889999986,0.980000019,1.190000057,1.289999962,0,0,0,1,0,0,0,0,0,0,0,0
2325,94,0,1,0,0,0,0.889999986,0.980000019,1.190000057,1.289999962,0,0,0,0,0,0,0,0,0,0,0,0
2326,94,0,1,0,0,0,0.889999986,0.789999962,1.209999919,1.089999914,0,0,0,0,0,0,0,0,0,0,0,0
2327,94,0,1,0,0,0,0.889999986,1.089999914,1.209999919,1.190000057,0,0,0,1,0,0,0,0,0,0,0,0
2328,94,0,1,0,0,0,0.889999986,1.089999914,1.209999919,1.289999962,0,0,0,0,0,0,0,0,0,0,0,0
2329,94,0,0,0,0,1,0.959999979,0.980000019,1.089999914,1.089999914,1,0,0,1,0,0,0,0,0,0,0,0
2330,94,0,1,0,0,0,1.049999952,1.089999914,1.209999919,1.289999962,0,0,0,1,0,0,0,0,0,0,0,0
2331,94,0,1,0,0,0,1.049999952,1.089999914,1.209999919,1.289999962,0,0,0,1,0,0,0,0,0,0,0,0
2332,94,0,1,0,0,0,0.949999988,1.089999914,1.209999919,1.089999914,0,0,0,0,0,0,0,0,0,0,0,0
2333,94,0,1,0,0,0,0.5,1.049999952,1.25,0.99000001,0,0,0,1,0,0,0,0,1,0,0,0
2334,94,0,1,0,0,0,1.149999976,0.889999986,1.089999914,1.289999962,0,0,0,1,0,0,0,0,0,0,1,0
2335,94,0,1,0,0,0,1.149999976,1.089999914,1.089999914,1.289999962,0,0,1,1,0,0,0,0,0,0,0,0
2336,94,0,1,0,0,0,0.99000001,1.089999914,1.209999919,0.99000001,0,0,1,0,0,0,0,0,0,0,0,0
2337,94,0,1,0,0,0,0.99000001,0.949999988,1.25,0.99000001,0,0,0,1,0,0,0,0,0,0,0,0
2338,94,0,1,0,0,0,0.889999986,0.949999988,1.190000057,1.289999962,0,0,0,1,0,0,0,0,0,0,0,0
2339,94,0,1,0,0,0,0.589999914,1.049999952,0.99000001,1.289999962,0,0,0,0,0,0,0,0,0,0,1,0
2340,94,0,0,1,0,0,0.589999914,1.049999952,0.99000001,1.289999962,0,0,0,0,0,0,0,0,0,0,0,0
2341,94,0,0,0,0,1,0.789999962,1.089999914,1.169999957,1.089999914,0,0,0,0,0,0,0,0,0,0,0,0
2342,94,0,0,0,0,1,0.789999962,1.089999914,1.159999967,1.289999962,0,0,0,0,0,0,0,0,0,0,0,0
2343,94,0,1,0,0,0,0.789999962,1.089999914,1.219999909,1.289999962,1,0,0,0,0,0,0,0,0,0,0,0
2344,94,0,0,0,0,1,0.589999914,1.049999952,1.289999962,0.99000001,0,0,0,0,0,0,0,0,0,0,0,1
2345,94,0,1,0,0,0,0.789999962,0.949999988,1.039999962,0.99000001,1,0,0,0,0,0,0,0,0,0,0,0
2346,94,1,0,1,0,0,0.649999976,1.049999952,1.289999962,1.289999962,0,0,0,0,0,0,0,0,0,0,0,0
2347,95,0,1,0,0,0,0.649999976,0.589999914,0.99000001,0.889999986,0,0,0,0,0,0,0,0,0,0,0,0
2348,95,0,0,0,0,1,0.649999976,0.889999986,0.889999986,1.049999952,0,0,1,0,0,0,0,0,0,0,0,0
2349,95,0,0,0,0,1,0.689999998,0.889999986,0.99000001,0.889999986,0,0,0,1,0,0,0,0,0,0,0,0
2350,95,0,0,0,0,1,0.649999976,0.889999986,0.99000001,1.049999952,0,0,0,0,0,0,0,0,0,0,0,0
2351,95,0,0,0,0,1,0.649999976,0.689999998,1.049999952,0.889999986,0,0,0,1,0,0,0,0,0,1,0,0
2352,95,0,0,0,0,1,0.789999962,0.889999986,0.99000001,0.889999986,0,0,0,0,0,0,0,0,0,0,0,0
2353,95,0,0,0,0,1,0.589999914,0.920000017,0.980000019,0.879999995,0,0,0,0,0,0,0,0,0,0,0,0
2354,95,0,0,0,0,1,0.649999976,0.889999986,1.019999981,0.889999986,0,1,0,0,0,0,0,0,0,0,0,1
2355,95,0,0,0,0,1,0.5,0.889999986,1.070000052,1.149999976,0,0,0,0,0,0,0,0,1,0,0,0
2356,95,0,0,0,0,1,0.579999924,0.930000007,0.980000019,1.089999914,0,0,1,0,0,0,0,0,0,0,0,0
2357,95,0,0,0,0,1,0.519999921,0.889999986,1.149999976,0.99000001,0,1,1,0,1,0,0,0,0,0,0,0
2358,95,0,0,0,0,1,0.599999964,0.889999986,1.149999976,0.99000001,0,0,0,0,0,0,0,0,0,0,0,1
2359,95,0,0,0,0,1,0.519999921,0.970000029,1.089999914,1.149999976,0,0,0,1,0,0,0,0,0,0,0,0
2360,95,0,0,0,0,1,0.519999921,0.970000029,1.089999914,1.149999976,0,0,0,1,0,0,0,0,0,0,0,0
2361,95,0,0,0,0,1,0.519999921,0.970000029,1.089999914,1.149999976,0,0,0,1,0,0,1,0,0,0,0,0
2362,95,0,0,0,0,1,0.599999964,0.970000029,1.149999976,0.99000001,0,0,0,1,0,0,0,0,0,0,0,0
2363,95,0,0,0,0,1,0.599999964,0.970000029,1.149999976,0.99000001,0,0,0,1,0,0,0,0,0,0,0,0
2364,95,0,0,0,0,1,0.599999964,0.970000029,1.149999976,0.99000001,0,0,0,1,0,0,0,0,0,0,0,0
2365,95,0,0,0,0,1,0.599999964,0.970000029,1.149999976,1.25,0,0,0,0,0,0,0,0,0,0,0,0
2366,95,0,0,0,0,1,0.579999924,0.930000007,1.089999914,1.190000057,0,0,0,1,0,0,0,0,0,0,0,0
2367,95,0,0,0,0,1,0.569999933,0.970000029,1.149999976,1.089999914,0,0,0,0,0,0,0,1,1,0,0,0
2368,95,0,0,0,0,1,0.599999964,0.970000029,1.25,1.089999914,0,0,0,1,0,0,0,0,0,0,0,0
2369,95,0,0,0,0,1,0.599999964,0.970000029,1.25,1.089999914,0,0,0,1,0,0,0,0,0,0,0,0
2370,95,0,0,0,0,1,0.599999964,0.970000029,0.99000001,1.25,0,0,1,0,0,0,0,0,0,0,0,0
2371,95,0,0,0,0,1,0.599999964,0.970000029,1.25,1.089999914,0,0,1,0,0,0,0,0,0,0,0,0
2372,95,0,0,0,0,1,0.599999964,0.970000029,1.25,1.089999914,0,0,0,0,0,0,0,1,0,0,0,0
2373,95,0,0,0,0,1,0.599999964,0.970000029,1.25,1.089999914,0,0,0,0,0,0,0,0,0,0,0,0
2374,95,0,0,0,0,1,0.599999964,0.970000029,1.25,1.25,0,0,0,0,0,0,0,0,0,0,0,0
2375,95,0,0,0,0,1,0.519999921,0.970000029,1.089999914,1.089999914,0,0,1,1,0,0,0,0,1,0,0,0
2376,95,0,0,0,0,1,0.599999964,0.970000029,1.25,1.25,0,0,0,1,0,0,0,0,0,0,0,0
2377,95,0,0,0,0,1,0.649999976,1.049999952,1.25,0.99000001,0,0,0,1,0,0,0,0,0,0,0,0
2378,95,0,0,0,0,1,0.609999955,1.049999952,1.289999962,0.99000001,0,0,0,1,0,0,0,0,0,0,0,0
2379,95,0,0,0,0,1,0.649999976,1.049999952,1.169999957,1.289999962,0,0,1,0,0,0,0,0,0,0,0,0
2380,95,0,0,0,0,1,0.589999914,1.049999952,1.25,0.99000001,0,0,0,1,0,0,0,0,0,0,0,0
2381,95,0,0,0,0,1,0.589999914,1.049999952,1.25,0.99000001,0,0,0,1,0,0,0,0,0,0,0,0
2382,95,0,0,0,0,1,0.589999914,1.049999952,0.99000001,1.289999962,0,0,0,0,0,0,0,0,0,0,1,0
2383,95,0,0,0,0,1,0.589999914,1.049999952,1.289999962,0.99000001,0,0,0,1,0,0,0,0,0,0,0,0
2384,95,0,0,0,0,1,0.589999914,1.049999952,1.289999962,0.99000001,0,0,0,1,0,0,0,0,0,0,0,0
2385,95,0,0,0,0,1,0.649999976,1.049999952,1.289999962,0.99000001,0,0,0,1,0,0,0,0,0,0,0,0
2386,95,1,0,0,0,1,0.649999976,1.049999952,1.289999962,1.289999962,0,0,0,0,0,0,0,0,0,0,0,0
2387,96,0,0,0,0,1,0.5,0.889999986,0.99000001,0.889999986,0,0,0,0,0,0,0,0,0,0,0,0
2388,96,0,0,0,0,1,0.709999979,0.99000001,1.089999914,1.089999914,0,0,0,0,0,0,0,0,0,0,0,0
2389,96,0,0,0,0,1,0.709999979,0.99000001,1.089999914,0.939999998,0,0,0,0,0,0,0,0,0,0,0,0
2390,96,0,0,0,0,1,0.779999912,0.789999962,1.089999914,1.089999914,0,0,0,0,0,0,0,0,0,0,0,0
2391,96,0,0,0,0,1,0.779999912,0.789999962,1.089999914,1.089999914,0,0,0,0,0,0,0,0,0,0,0,0
2392,96,0,0,0,0,1,0.709999979,1.089999914,1.190000057,0.99000001,0,0,0,0,0,0,0,0,0,0,0,0
2393,96,0,0,0,0,1,0.839999914,0.889999986,1.089999914,1.190000057,0,0,0,0,0,0,0,0,0,0,0,0
2394,96,0,0,0,0,1,0.779999912,0.980000019,1.190000057,0.99000001,0,0,0,0,0,0,0,0,0,0,0,0
2395,96,0,0,0,0,1,0.639999986,0.980000019,1.209999919,1.190000057,0,0,0,0,0,0,0,0,0,0,0,0
2396,96,0,0,0,0,1,0.779999912,0.980000019,1.190000057,1.289999962,0,0,0,0,0,0,0,0,0,0,0,0
2397,96,0,0,0,0,1,0.779999912,0.980000019,1.209999919,0.74000001,0,0,0,0,0,0,0,0,0,0,0,0
2398,96,0,0,0,0,1,0.789999962,1.089999914,1.209999919,1.089999914,0,0,0,1,0,0,0,0,0,0,0,0
2399,96,0,0,0,0,1,0.959999979,1.089999914,1.089999914,1.089999914,0,0,0,1,0,0,0,0,0,0,0,0
2400,96,0,0,0,0,1,0.930000007,1.089999914,1.209999919,1.289999962,0,0,0,1,0,0,0,0,0,0,0,0
2401,96,0,0,0,0,1,0.859999955,1.089999914,1.209999919,1.089999914,0,0,0,0,0,0,0,0,0,0,0,0
2402,96,0,0,0,0,1,0.839999914,1.089999914,1.209999919,0.99000001,0,0,0,1,0,0,0,0,0,0,0,0
2403,96,0,0,0,0,1,0.959999979,0.889999986,1.089999914,1.289999962,0,0,0,1,0,0,0,0,0,0,1,0
2404,96,0,0,0,0,1,0.589999914,1.049999952,1.25,0.99000001,0,0,0,1,0,0,0,0,0,0,0,0
2405,96,0,0,0,0,1,0.789999962,1.089999914,1.169999957,1.089999914,0,0,0,0,0,0,0,0,0,0,0,0
2406,96,0,0,0,0,1,0.720000029,1.089999914,1.039999962,0.99000001,1,0,0,0,0,0,0,0,0,0,0,0
2407,96,1,0,0,0,1,0.959999979,1.289999962,1.039999962,1.179999828,1,0,0,0,0,0,0,0,0,0,0,0
2408,97,0,0,0,0,1,0.649999976,0.889999986,0.99000001,0.889999986,0,0,0,0,0,0,0,0,0,0,0,0
2409,97,0,0,0,0,1,0.589999914,0.930000007,0.980000019,0.879999995,0,0,0,0,0,0,0,0,0,0,0,0
2410,97,0,0,0,0,1,0.680000007,0.99000001,1.079999924,1.029999971,0,1,0,1,0,0,0,0,0,0,0,0
2411,97,0,0,0,0,1,0.779999912,0.789999962,1.049999952,1.089999914,0,1,0,0,0,0,0,0,0,0,0,0
2412,97,0,0,0,0,1,0.49000001,0.889999986,1.019999981,1.049999952,0,0,0,0,0,0,0,0,1,0,0,0
2413,97,0,0,0,0,1,0.579999924,0.930000007,0.980000019,0.980000019,0,0,1,0,0,0,0,0,0,0,0,0
2414,97,0,0,0,0,1,0.599999964,0.970000029,1.149999976,0.99000001,0,0,0,1,0,0,0,0,0,0,0,0
2415,97,0,0,0,0,1,0.579999924,0.930000007,0.980000019,0.980000019,0,0,1,0,0,0,0,0,0,0,0,0
2416,97,0,0,0,0,1,0.599999964,0.970000029,1.149999976,1.25,0,0,0,0,0,0,0,0,0,0,0,0
2417,97,0,0,0,0,1,0.579999924,0.930000007,1.089999914,0.980000019,0,0,0,1,0,0,0,0,0,0,0,0
2418,97,0,0,0,0,1,0.579999924,0.779999912,1.089999914,1.049999952,0,0,0,0,0,0,0,0,0,1,0,0
2419,97,0,0,0,0,1,0.730000019,1.089999914,1.349999905,1.289999962,0,0,0,0,0,0,0,0,0,0,0,0
2420,97,0,0,0,0,1,0.680000007,0.970000029,1.23999989,1.089999914,0,0,1,0,0,0,0,0,0,0,0,1
2421,97,0,0,0,0,1,0.599999964,0.970000029,1.25,1.25,0,0,0,0,0,0,0,0,0,0,0,0
2422,97,0,0,0,0,1,0.599999964,0.970000029,1.089999914,1.089999914,1,0,1,1,0,0,0,0,0,0,0,0
2423,97,0,0,0,0,1,0.599999964,1.00999999,1.25,1.25,0,0,0,0,0,0,0,0,0,0,0,0
2424,97,0,0,0,0,1,0.5,1.049999952,1.25,0.99000001,0,0,0,1,0,0,0,0,1,0,0,0
2425,97,0,0,0,0,1,0.589999914,1.049999952,1.25,0.99000001,0,0,1,1,0,0,0,0,0,0,0,0
2426,97,1,0,0,0,1,0.589999914,1.049999952,1.289999962,0.99000001,0,0,0,0,0,0,0,0,0,0,0,1
2427,98,0,0,0,0,1,0.589999914,0.930000007,0.879999995,0.879999995,0,0,0,0,0,0,0,0,0,0,0,0
2428,98,0,0,0,0,1,0.779999912,0.99000001,1.089999914,1.190000057,0,0,0,0,0,0,0,0,0,0,0,0
2429,98,0,0,0,0,1,0.779999912,0.980000019,1.190000057,0.99000001,0,0,0,0,0,0,0,0,0,0,0,0
2430,98,0,0,0,0,1,0.599999964,0.970000029,1.149999976,0.99000001,0,0,0,1,0,0,0,0,0,0,0,0
2431,98,0,0,0,0,1,0.779999912,0.980000019,1.190000057,0.99000001,0,0,0,0,0,0,0,0,0,0,0,0
2432,98,0,0,1,0,0,0.689999998,0.789999962,1.25,0.99000001,0,0,0,1,0,0,0,0,0,0,0,0
2433,98,0,0,0,0,1,0.779999912,0.980000019,1.089999914,1.289999962,0,0,0,0,0,0,0,0,0,0,0,0
2434,98,0,0,0,0,1,0.779999912,0.980000019,1.089999914,1.289999962,0,0,0,0,0,0,0,0,0,0,0,0
2435,98,0,0,0,0,1,0.639999986,0.980000019,1.209999919,1.190000057,1,0,0,1,0,0,0,0,0,0,0,0
2436,98,0,0,0,0,1,0.779999912,0.980000019,1.209999919,1.089999914,0,0,0,0,0,0,0,0,0,0,0,0
2437,98,0,0,0,0,1,0.649999976,1.049999952,1.25,0.99000001,1,0,0,1,0,0,0,0,0,0,0,0
2438,98,0,0,0,0,1,0.589999914,1.049999952,1.25,0.99000001,0,0,0,1,0,0,0,0,0,0,0,0
2439,98,0,0,0,0,1,0.589999914,1.049999952,1.25,0.99000001,0,0,0,1,0,0,0,0,0,0,0,0
2440,98,0,0,0,0,1,0.589999914,1.049999952,1.289999962,0.99000001,0,0,0,1,0,0,0,0,0,0,0,0
2441,98,0,0,0,0,1,0.680000007,1.190000057,1.25,0.889999986,0,0,0,0,0,0,0,0,0,0,0,1
2442,98,1,0,0,0,1,0.649999976,1.049999952,1.289999962,1.289999962,0,0,0,0,0,0,0,0,0,0,0,0
2443,99,0,1,0,0,0,0.5,0.889999986,0.99000001,0.889999986,0,0,0,0,0,0,0,0,0,0,0,0
2444,99,0,1,0,0,0,0.5,0.889999986,0.99000001,0.889999986,0,1,0,1,0,0,0,0,1,0,0,0
2445,99,0,1,0,0,0,0.649999976,0.889999986,0.889999986,0.99000001,0,0,0,0,0,0,0,0,0,0,0,0
2446,99,0,1,0,0,0,0.649999976,0.889999986,0.889999986,0.99000001,0,0,1,0,0,0,0,0,0,0,0,0
2447,99,0,1,0,0,0,0.5,0.889999986,0.99000001,0.889999986,0,0,1,1,0,0,0,0,1,0,0,0
2448,99,0,1,0,0,0,0.549999952,0.789999962,1.089999914,1.089999914,0,0,0,0,0,0,0,0,0,0,0,0
2449,99,0,0,1,0,0,0.649999976,0.689999998,1.049999952,0.889999986,0,0,0,1,0,0,0,0,0,1,0,0
2450,99,0,1,0,0,0,0.549999952,0.789999962,1.089999914,0.889999986,0,1,0,0,0,0,0,0,0,0,0,0
2451,99,0,1,0,0,0,0.549999952,0.789999962,1.049999952,1.089999914,0,0,0,0,0,0,0,0,0,0,0,0
2452,99,0,0,0,1,0,0.589999914,0.930000007,0.879999995,0.879999995,0,0,0,0,0,0,0,0,0,0,0,0
2453,99,0,1,0,0,0,0.5,0.889999986,1.039999962,0.99000001,0,1,0,0,0,0,0,0,1,0,0,0
2454,99,0,1,0,0,0,0.5,0.889999986,1.089999914,0.889999986,0,1,0,0,1,0,0,0,0,0,0,0
2455,99,0,1,0,0,0,0.549999952,1.029999971,1.089999914,1.190000057,0,0,0,0,0,0,0,0,0,0,0,0
2456,99,0,1,0,0,0,0.5,0.889999986,1.089999914,1.190000057,0,0,0,1,1,0,0,0,0,0,0,0
2457,99,0,1,0,0,0,0.649999976,0.789999962,0.99000001,1.190000057,0,0,1,0,0,0,0,0,0,0,0,0
2458,99,0,1,0,0,0,0.5,0.789999962,1.149999976,0.99000001,0,0,1,0,1,0,0,0,0,0,0,0
2459,99,0,1,0,0,0,0.549999952,1.089999914,1.190000057,0.99000001,0,0,0,0,0,0,0,0,0,0,0,0
2460,99,0,1,0,0,0,0.549999952,1.089999914,1.190000057,0.99000001,0,0,0,0,0,0,0,0,0,0,0,0
2461,99,0,1,0,0,0,0.5,0.970000029,1.089999914,1.190000057,0,0,0,0,0,0,0,0,0,0,0,0
2462,99,0,1,0,0,0,0.649999976,0.970000029,0.99000001,1.190000057,0,0,0,0,0,0,0,0,0,0,0,0
2463,99,0,1,0,0,0,0.549999952,0.980000019,1.190000057,0.99000001,0,0,0,0,0,0,0,0,0,0,0,0
2464,99,0,1,0,0,0,0.549999952,0.980000019,1.190000057,0.99000001,0,0,0,0,0,0,0,0,0,0,0,0
2465,99,0,1,0,0,0,0.649999976,0.970000029,1.149999976,0.99000001,0,0,0,1,0,0,0,0,0,0,0,0
2466,99,0,1,0,0,0,0.549999952,0.980000019,1.089999914,1.289999962,0,0,0,0,0,0,0,0,0,0,0,0
2467,99,0,1,0,0,0,0.649999976,0.970000029,1.149999976,1.25,0,0,0,0,0,0,0,0,0,0,0,0
2468,99,0,1,0,0,0,0.549999952,0.980000019,1.089999914,1.289999962,0,0,0,0,0,0,0,0,0,0,0,0
2469,99,0,1,0,0,0,0.549999952,1.089999914,1.209999919,1.190000057,0,0,0,0,0,0,0,1,0,0,0,0
2470,99,0,1,0,0,0,0.589999914,0.970000029,1.149999976,1.089999914,0,0,0,0,1,0,0,1,0,0,0,0
2471,99,0,1,0,0,0,0.549999952,0.980000019,1.209999919,1.190000057,0,0,0,0,0,0,0,0,0,0,0,0
2472,99,0,1,0,0,0,0.549999952,0.980000019,1.190000057,1.289999962,0,0,0,1,0,0,0,0,0,0,0,0
2473,99,0,1,0,0,0,0.549999952,0.980000019,1.190000057,1.289999962,0,0,0,0,0,0,0,0,0,0,0,0
2474,99,0,1,0,0,0,0.549999952,0.789999962,1.209999919,1.089999914,0,0,0,0,0,1,0,0,0,0,0,0
2475,99,0,1,0,0,0,0.549999952,0.789999962,1.209999919,1.089999914,0,0,0,0,0,0,0,0,0,0,0,0
2476,99,0,1,0,0,0,0.589999914,1.089999914,1.089999914,1.089999914,0,0,0,1,0,0,0,0,0,0,0,0
2477,99,0,1,0,0,0,0.589999914,1.089999914,1.209999919,1.289999962,0,0,0,1,0,0,0,0,0,0,0,0
2478,99,0,1,0,0,0,0.589999914,1.089999914,1.209999919,1.289999962,0,0,0,1,0,0,0,0,0,0,0,0
2479,99,0,1,0,0,0,0.649999976,1.049999952,1.289999962,0.99000001,0,0,0,1,0,0,0,0,0,0,0,0
2480,99,0,1,0,0,0,0.5,1.049999952,1.289999962,0.99000001,0,0,0,1,0,0,0,0,1,0,0,0
2481,99,0,1,0,0,0,0.589999914,0.889999986,1.209999919,0.99000001,0,0,0,1,0,0,0,0,0,0,0,0
2482,99,0,1,0,0,0,0.589999914,0.949999988,1.209999919,0.99000001,0,0,0,1,0,0,0,0,0,0,0,0
2483,99,0,1,0,0,0,0.589999914,0.949999988,1.190000057,1.289999962,0,0,0,1,0,0,0,0,0,0,0,0
2484,99,0,1,0,0,0,0.589999914,1.089999914,1.169999957,1.289999962,0,0,0,0,0,0,0,0,0,0,0,0
2485,99,0,1,0,0,0,0.649999976,1.049999952,1.289999962,1.25,0,0,1,0,0,0,0,0,0,0,0,0
2486,99,0,1,0,0,0,0.649999976,1.049999952,1.289999962,0.99000001,0,0,0,1,0,0,0,0,0,0,0,0
2487,99,0,1,0,0,0,0.649999976,1.049999952,1.289999962,0.99000001,0,0,0,0,0,0,0,0,0,0,0,1
2488,99,0,1,0,0,0,0.649999976,1.049999952,1.289999962,0.99000001,0,0,0,1,0,0,0,0,0,0,0,0
2489,99,0,1,0,0,0,0.589999914,0.949999988,1.039999962,1.2299999,0,0,0,0,0,0,0,0,0,0,0,0
2490,99,0,1,0,0,0,0.589999914,1.289999962,1.039999962,1.2299999,0,0,0,0,0,0,0,0,0,0,0,0
2491,99,0,1,0,0,0,0.589999914,1.289999962,1.039999962,1.2299999,0,0,0,0,0,0,0,0,0,0,0,0
2492,99,1,1,0,0,0,0.589999914,1.289999962,1.039999962,1.289999962,0,0,0,1,0,0,0,0,0,0,0,0
2493,100,0,0,0,0,1,0.589999914,0.920000017,0.980000019,0.879999995,0,0,0,0,0,0,0,0,0,0,0,0
2494,100,0,0,0,0,1,0.649999976,0.889999986,0.99000001,1.149999976,0,0,0,0,0,0,0,0,0,0,1,0
2495,100,0,0,0,0,1,0.649999976,0.889999986,1.149999976,0.99000001,0,0,1,0,0,0,0,0,0,0,0,0
2496,100,0,0,0,0,1,0.649999976,0.879999995,1.070000052,1.149999976,0,1,1,0,0,0,0,0,0,0,0,0
2497,100,0,0,0,0,1,0.649999976,0.879999995,1.149999976,0.99000001,0,0,0,0,0,0,0,0,0,0,0,0
2498,100,0,0,0,0,1,0.649999976,0.879999995,1.149999976,1.089999914,0,0,0,1,0,0,0,0,0,0,0,0
2499,100,0,0,0,0,1,0.649999976,0.879999995,1.25,1.25,1,0,0,0,0,0,0,0,0,0,0,0
2500,100,0,0,0,0,1,0.649999976,0.879999995,1.25,1.089999914,0,0,0,1,0,0,0,0,0,0,0,0
2501,100,0,0,0,0,1,0.779999912,0.789999962,1.209999919,1.089999914,0,1,0,1,0,0,0,0,0,0,0,0
2502,100,0,0,0,0,1,0.789999962,1.089999914,1.209999919,1.289999962,0,0,0,1,0,0,0,0,0,0,0,0
2503,100,0,0,0,0,1,0.5,0.970000029,1.169999957,1.089999914,0,0,0,1,0,0,0,0,1,0,0,0
2504,100,0,0,0,0,1,0.649999976,0.970000029,1.25,1.25,0,0,0,0,0,0,0,0,0,0,0,0
2505,100,0,0,0,0,1,0.649999976,1.049999952,1.25,0.99000001,0,0,0,1,0,0,0,0,0,0,0,0
2506,100,0,0,0,0,1,0.649999976,1.049999952,1.169999957,1.289999962,1,0,0,0,0,0,0,0,0,0,0,0
2507,100,0,0,0,0,1,0.649999976,1.049999952,1.169999957,0.99000001,0,0,0,1,0,0,0,0,0,0,0,0
2508,100,0,0,0,0,1,0.649999976,1.049999952,0.99000001,1.289999962,0,0,0,0,0,0,1,0,0,0,0,0
2509,100,1,0,0,0,1,0.680000007,0.959999979,1.389999986,1.089999914,0,0,0,0,0,0,0,0,0,0,0,0
2510,101,0,0,0,0,1,0.680000007,0.730000019,0.930000007,0.689999998,0,0,0,0,0,0,0,0,0,0,0,0
2511,101,0,0,0,0,1,0.689999998,0.789999962,0.99000001,0.689999998,0,0,0,0,0,0,0,0,0,0,0,1
2512,101,0,0,0,1,0,0.589999914,0.779999912,0.879999995,0.879999995,0,1,0,1,0,0,0,0,0,0,0,0
2513,101,0,0,0,0,1,0.680000007,0.849999964,0.879999995,1.029999971,0,1,0,0,0,0,0,0,0,0,0,0
2514,101,0,0,0,0,1,0.680000007,0.849999964,1.079999924,0.889999986,0,1,0,1,0,0,0,0,0,0,0,0
2515,101,0,0,0,0,1,0.680000007,0.849999964,1.079999924,1.029999971,0,1,0,0,0,0,0,0,0,0,0,0
2516,101,0,0,0,0,1,0.680000007,0.879999995,1.079999924,1.029999971,0,1,0,0,0,0,0,0,0,0,0,0
2517,101,0,0,0,0,1,0.680000007,0.789999962,1.079999924,0.889999986,0,1,0,1,0,0,0,0,0,0,0,0
2518,101,0,0,0,0,1,0.680000007,0.889999986,1.079999924,0.889999986,0,1,0,0,0,0,0,0,0,0,0,0
2519,101,0,0,0,0,1,0.680000007,0.889999986,1.079999924,0.889999986,0,1,0,0,0,0,0,0,0,0,0,0
2520,101,0,0,0,0,1,0.680000007,0.889999986,1.079999924,0.889999986,0,1,0,0,0,0,0,0,0,0,0,0
2521,101,0,0,0,0,1,0.680000007,0.99000001,1.079999924,1.029999971,0,1,0,1,0,0,0,0,0,0,0,0
2522,101,0,0,0,0,1,0.680000007,0.789999962,1.079999924,1.029999971,0,0,0,0,0,1,1,0,0,0,0,0
2523,101,0,0,0,0,1,0.680000007,0.99000001,1.079999924,0.889999986,0,0,0,0,0,0,0,1,0,0,0,0
2524,101,0,0,0,0,1,0.680000007,1.00999999,1.169999957,1.129999995,0,0,0,0,0,0,0,0,0,0,0,0
2525,101,0,0,0,0,1,0.680000007,1.00999999,1.169999957,1.129999995,0,0,0,0,0,0,0,0,0,0,0,0
2526,101,0,0,0,0,1,0.680000007,1.00999999,1.169999957,1.129999995,0,0,0,0,0,0,0,0,0,0,0,0
2527,101,0,0,0,0,1,0.680000007,0.789999962,0.99000001,1.129999995,0,0,0,0,0,0,1,0,0,0,0,0
2528,101,0,0,0,0,1,0.680000007,1.00999999,0.99000001,1.129999995,0,0,0,0,0,0,1,0,0,0,0,0
2529,101,0,0,0,0,1,0.680000007,1.039999962,1.049999952,0.949999988,0,0,0,0,0,0,0,1,0,0,0,0
2530,101,0,0,0,0,1,0.680000007,1.039999962,1.049999952,0.949999988,0,0,0,0,0,0,0,0,0,0,0,0
2531,101,0,0,0,0,1,0.680000007,1.089999914,1.169999957,1.129999995,0,0,0,0,0,0,0,0,0,0,0,0
2532,101,0,0,0,0,1,0.680000007,0.789999962,1.089999914,1.129999995,0,0,0,0,0,1,0,0,0,0,0,0
2533,101,0,0,0,0,1,0.680000007,0.789999962,1.089999914,1.129999995,0,0,0,0,0,1,1,0,0,0,0,0
2534,101,0,0,0,0,1,0.680000007,1.089999914,0.99000001,0.949999988,0,0,1,0,0,0,0,1,0,0,0,0
2535,101,0,0,0,0,1,0.680000007,0.889999986,1.089999914,1.089999914,0,1,1,0,0,0,0,1,0,0,0,0
2536,101,0,0,0,0,1,0.680000007,0.889999986,1.190000057,1.190000057,0,0,1,1,0,0,0,0,0,1,0,0
2537,101,0,0,0,0,1,0.680000007,1.089999914,1.23999989,0.74000001,0,1,1,0,0,0,0,0,0,0,0,1
2538,101,0,0,0,0,1,0.680000007,0.970000029,1.23999989,1.089999914,0,0,1,0,0,0,0,0,0,0,0,1
2539,101,0,0,0,0,1,0.680000007,0.99000001,1.23999989,1.190000057,0,0,1,0,0,0,0,0,0,0,0,0
2540,101,0,0,0,0,1,0.680000007,1.039999962,1.089999914,1.089999914,0,0,0,1,0,0,1,0,0,0,0,0
2541,101,0,0,0,0,1,0.680000007,1.039999962,1.089999914,1.089999914,0,0,0,0,0,0,1,1,0,0,0,0
2542,101,0,0,0,0,1,0.680000007,1.039999962,1.23999989,1.089999914,0,0,0,0,0,0,1,1,0,0,0,0
2543,101,0,0,0,0,1,0.680000007,1.089999914,1.23999989,1.190000057,0,0,0,0,0,0,0,0,0,0,0,0
2544,101,0,0,0,0,1,0.680000007,1.089999914,1.23999989,1.190000057,0,0,0,0,0,0,0,0,0,0,0,0
2545,101,0,0,0,0,1,0.680000007,1.089999914,1.199999928,0.99000001,0,0,0,0,0,0,1,0,0,0,0,0
2546,101,0,0,0,0,1,0.680000007,0.889999986,1.089999914,1.289999962,0,0,0,0,0,0,1,0,0,0,0,0
2547,101,0,0,0,0,1,0.680000007,1.190000057,1.089999914,1.289999962,0,0,0,0,0,0,1,0,0,0,0,0
2548,101,0,0,0,0,1,0.649999976,1.049999952,1.289999962,0.99000001,0,0,0,1,0,0,0,0,0,0,0,0
2549,101,1,0,0,0,1,0.680000007,1.089999914,1.25,1.289999962,0,0,0,0,0,0,0,0,0,0,0,0
2550,102,0,1,0,0,0,0.789999962,0.689999998,0.879999995,0.889999986,0,0,0,0,0,0,0,0,0,0,0,0
2551,102,0,1,0,0,0,0.789999962,0.99000001,1.089999914,0.99000001,0,0,0,1,0,0,0,0,0,0,0,0
2552,102,0,1,0,0,0,0.789999962,0.99000001,1.089999914,0.99000001,0,0,0,0,0,0,0,0,0,0,0,0
2553,102,0,0,1,0,0,0.779999912,0.49000001,1.089999914,1.089999914,0,0,0,0,0,1,0,0,0,0,0,0
2554,102,0,1,0,0,0,0.889999986,0.789999962,1.089999914,1.089999914,0,0,0,0,0,0,0,0,0,0,0,0
2555,102,0,1,0,0,0,0.889999986,1.029999971,1.089999914,0.889999986,0,0,0,0,0,0,0,0,0,0,0,0
2556,102,0,1,0,0,0,0.889999986,0.980000019,1.049999952,1.089999914,0,0,0,0,0,0,0,0,0,0,0,0
2557,102,0,1,0,0,0,0.889999986,1.089999914,1.089999914,1.190000057,0,0,0,0,0,0,0,0,0,0,0,0
2558,102,0,1,0,0,0,0.789999962,1.089999914,1.190000057,0.99000001,0,0,0,0,0,0,0,0,0,0,0,0
2559,102,0,1,0,0,0,1.149999976,1.089999914,1.089999914,1.089999914,0,0,0,1,0,0,0,0,0,0,0,0
2560,102,0,1,0,0,0,1.149999976,1.089999914,1.209999919,1.289999962,0,0,0,1,0,0,0,0,0,0,0,0
2561,102,0,1,0,0,0,1.149999976,1.089999914,1.089999914,1.289999962,0,0,1,1,0,0,0,0,0,0,0,0
2562,102,0,1,0,0,0,0.99000001,0.949999988,1.25,0.99000001,0,0,0,1,0,0,0,0,0,0,0,0
2563,102,1,1,0,0,0,0.889999986,1.089999914,1.169999957,1.289999962,0,0,0,0,0,0,0,0,0,0,0,0
2564,103,0,0,1,0,0,0.649999976,0.589999914,0.99000001,0.889999986,0,0,0,0,0,0,0,0,0,0,0,0
2565,103,0,0,0,0,1,0.649999976,0.889999986,0.99000001,0.889999986,0,0,0,0,0,0,0,0,0,0,0,1
2566,103,0,0,1,0,0,0.779999912,0.49000001,1.089999914,1.089999914,0,0,0,0,0,0,0,0,0,1,0,0
2567,103,0,0,0,0,1,0.49000001,0.839999914,1.019999981,0.539999962,0,0,0,0,0,0,0,0,0,1,0,1
2568,103,0,1,0,0,0,0.5,0.889999986,1.070000052,1.149999976,0,0,0,0,0,0,0,0,1,0,0,0
2569,103,0,0,1,0,0,0.649999976,0.689999998,1.070000052,1.149999976,0,0,0,0,0,1,0,0,0,0,0,0
2570,103,0,0,0,0,1,0.649999976,0.889999986,1.149999976,0.74000001,0,0,1,0,0,0,0,1,0,0,0,0
2571,103,0,1,0,0,0,0.5,0.970000029,1.089999914,1.149999976,0,0,1,0,0,0,0,0,0,0,0,0
2572,103,0,1,0,0,0,0.649999976,0.970000029,1.089999914,1.149999976,0,0,0,0,0,0,0,0,0,0,1,0
2573,103,0,0,0,0,1,0.649999976,0.879999995,1.149999976,0.99000001,0,0,0,1,0,0,0,0,0,0,0,0
2574,103,0,1,0,0,0,0.649999976,0.970000029,1.149999976,0.99000001,0,0,0,1,0,0,0,0,0,0,0,0
2575,103,0,1,0,0,0,0.589999914,0.970000029,1.149999976,1.25,0,0,0,0,0,0,0,0,1,0,0,0
2576,103,0,1,0,0,0,0.589999914,0.970000029,1.149999976,1.089999914,0,0,0,0,1,0,0,1,0,0,0,0
2577,103,0,0,0,0,1,0.599999964,0.970000029,1.25,0.74000001,0,0,0,0,0,0,0,0,0,0,0,0
2578,103,0,1,0,0,0,0.5,0.970000029,1.089999914,1.089999914,0,0,1,1,0,0,0,0,1,0,0,0
2579,103,0,1,0,0,0,0.649999976,1.049999952,1.169999957,1.289999962,0,0,1,0,0,0,0,0,0,0,0,0
2580,103,0,0,0,0,1,0.819999933,1.089999914,1.209999919,0.589999914,0,0,1,0,0,0,0,0,0,0,0,0
2581,103,0,0,0,0,1,0.819999933,1.089999914,1.209999919,0.589999914,0,0,1,0,0,0,0,0,0,0,0,0
2582,103,0,1,0,0,0,0.589999914,1.049999952,0.99000001,1.289999962,0,0,0,0,0,0,0,0,0,0,1,0
2583,103,0,0,0,0,1,0.589999914,1.049999952,1.289999962,0.839999914,0,0,0,1,0,0,0,0,0,0,0,0
2584,103,1,1,0,0,0,0.589999914,1.049999952,1.289999962,0.99000001,0,0,0,0,0,0,0,0,0,0,0,1
2585,104,0,0,0,0,1,0.709999979,0.99000001,0.99000001,1.089999914,0,0,0,0,0,0,0,0,0,0,0,0
2586,104,0,0,0,0,1,0.649999976,0.889999986,0.99000001,0.889999986,0,0,0,1,0,0,0,0,0,0,0,0
2587,104,0,0,0,0,1,0.649999976,0.689999998,1.049999952,0.889999986,0,0,0,1,0,0,0,0,0,1,0,0
2588,104,0,0,0,0,1,0.779999912,0.789999962,1.049999952,1.089999914,0,0,0,0,0,0,0,0,0,0,0,0
2589,104,0,0,0,0,1,0.639999986,0.980000019,1.089999914,0.889999986,0,0,0,0,0,0,0,0,0,0,0,0
2590,104,0,0,0,0,1,0.709999979,1.089999914,1.190000057,0.99000001,0,0,0,0,0,0,0,0,0,0,0,0
2591,104,0,0,0,0,1,0.839999914,0.889999986,1.089999914,1.190000057,0,0,0,0,0,0,0,0,0,0,0,0
2592,104,0,0,0,0,1,0.779999912,0.980000019,1.190000057,0.99000001,0,0,0,0,0,0,0,0,0,0,0,0
2593,104,0,0,0,0,1,0.779999912,0.980000019,1.190000057,1.289999962,0,0,0,1,0,0,0,0,0,0,0,0
2594,104,0,0,0,0,1,0.609999955,1.089999914,1.089999914,1.089999914,0,0,1,0,0,0,0,0,0,0,0,1
2595,104,0,0,0,0,1,0.609999955,1.029999971,1.089999914,1.089999914,0,0,1,1,0,0,0,0,0,0,0,0
2596,104,0,0,0,0,1,0.609999955,1.089999914,1.289999962,1.25,0,0,0,0,0,0,0,0,0,0,0,0
2597,104,0,0,0,0,1,0.609999955,1.049999952,1.289999962,0.99000001,0,0,0,0,0,0,0,0,0,0,0,1
2598,104,0,0,0,0,1,0.529999912,1.049999952,1.289999962,0.99000001,0,0,0,1,0,0,0,0,1,0,0,0
2599,104,0,0,0,0,1,0.609999955,1.049999952,1.289999962,0.99000001,0,0,0,1,0,0,0,0,0,0,0,0
2600,104,0,0,0,0,1,0.579999924,1.049999952,1.190000057,1.25,1,0,0,0,0,0,0,0,0,0,0,0
2601,104,0,1,0,0,0,0.649999976,1.049999952,1.25,0.99000001,1,0,0,0,0,0,0,0,0,0,0,0
2602,104,1,0,0,0,1,0.789999962,1.089999914,1.169999957,1.289999962,0,0,0,0,0,0,0,0,0,0,0,0
2603,105,0,1,0,0,0,0.549999952,0.99000001,1.089999914,1.089999914,0,0,0,0,0,0,0,0,0,0,0,0
2604,105,0,1,0,0,0,0.549999952,0.49000001,1.089999914,1.089999914,0,0,0,0,0,1,0,0,0,0,0,0
2605,105,0,1,0,0,0,0.549999952,0.980000019,1.089999914,0.889999986,0,0,0,0,0,0,0,0,0,0,0,0
2606,105,0,1,0,0,0,0.549999952,1.089999914,1.089999914,1.190000057,0,0,0,0,0,0,0,0,0,0,0,0
2607,105,0,1,0,0,0,0.549999952,1.089999914,1.089999914,1.190000057,0,0,0,0,0,0,0,0,0,0,0,0
2608,105,0,1,0,0,0,0.549999952,0.889999986,1.089999914,1.190000057,0,0,1,0,0,0,0,0,0,0,0,0
2609,105,0,1,0,0,0,0.549999952,0.980000019,1.190000057,0.99000001,0,0,0,0,0,0,0,0,0,0,0,0
2610,105,0,1,0,0,0,0.549999952,0.980000019,1.089999914,1.289999962,0,0,0,0,0,0,0,0,0,0,0,0
2611,105,0,1,0,0,0,0.549999952,0.980000019,1.089999914,1.289999962,0,0,0,0,0,0,0,0,0,0,0,0
2612,105,0,1,0,0,0,0.549999952,0.980000019,1.209999919,1.190000057,0,0,0,1,0,0,0,0,0,0,0,0
2613,105,0,1,0,0,0,0.689999998,0.980000019,1.209999919,1.190000057,0,0,0,0,0,0,0,0,0,0,0,0
2614,105,0,1,0,0,0,0.889999986,0.980000019,1.190000057,1.289999962,0,0,0,0,0,0,0,0,0,0,0,0
2615,105,0,1,0,0,0,0.549999952,0.789999962,1.209999919,1.089999914,0,0,0,0,0,1,0,0,0,0,0,0
2616,105,0,1,0,0,0,0.589999914,1.089999914,1.089999914,1.089999914,0,0,0,1,0,0,0,0,0,0,0,0
2617,105,0,1,0,0,0,0.589999914,1.089999914,1.209999919,1.089999914,0,0,0,0,0,0,0,0,0,0,0,0
2618,105,0,1,0,0,0,0.589999914,0.889999986,1.209999919,0.99000001,0,0,0,0,0,0,0,0,0,0,0,1
2619,105,0,1,0,0,0,0.589999914,0.949999988,1.25,0.99000001,0,0,0,1,0,0,0,0,0,0,0,0
2620,105,0,1,0,0,0,0.589999914,0.949999988,1.209999919,0.99000001,0,0,0,1,0,0,0,0,0,0,0,0
2621,105,1,1,0,0,0,0.589999914,1.089999914,1.219999909,1.289999962,0,0,0,0,0,0,0,0,0,0,0,0
2622,106,0,0,1,0,0,0.5,0.889999986,0.99000001,0.889999986,0,0,0,0,0,0,0,0,0,0,0,0
2623,106,0,0,1,0,0,0.649999976,0.889999986,0.889999986,1.049999952,0,0,0,0,0,0,0,0,0,0,1,0
2624,106,0,0,0,0,1,0.649999976,0.889999986,0.99000001,1.049999952,0,0,0,0,0,0,0,0,0,0,0,0
2625,106,0,0,1,0,0,0.649999976,0.889999986,1.019999981,1.049999952,0,0,0,0,0,0,0,0,0,0,0,0
2626,106,0,0,1,0,0,0.49000001,0.889999986,1.019999981,0.889999986,0,0,0,0,0,0,0,0,0,0,0,1
2627,106,0,0,1,0,0,0.649999976,0.889999986,0.99000001,1.149999976,0,0,0,0,0,0,0,0,0,0,1,0
2628,106,0,0,0,0,1,0.649999976,0.879999995,1.149999976,0.99000001,0,0,0,1,0,0,0,0,0,0,0,0
2629,106,0,0,1,0,0,0.649999976,0.789999962,1.25,1.089999914,0,0,0,1,0,0,0,0,0,0,0,0
2630,106,0,0,1,0,0,0.649999976,0.970000029,1.25,1.25,0,0,0,1,0,0,0,0,0,0,0,0
2631,106,0,0,1,0,0,0.649999976,0.970000029,1.25,1.25,0,0,0,1,0,0,0,0,0,0,0,0
2632,106,0,0,1,0,0,0.649999976,1.049999952,1.25,0.99000001,0,0,0,0,0,0,0,0,0,0,0,1
2633,106,0,0,1,0,0,0.589999914,1.049999952,1.169999957,1.289999962,1,0,0,1,0,0,0,0,0,0,0,0
2634,106,0,0,0,0,1,0.649999976,1.049999952,1.169999957,0.99000001,0,0,0,1,0,0,0,0,0,0,0,0
2635,106,0,0,0,0,1,0.649999976,1.049999952,0.99000001,1.289999962,0,0,0,0,0,0,1,0,0,0,0,0
2636,106,1,0,0,0,1,0.649999976,1.049999952,0.99000001,0.99000001,0,0,0,1,0,0,0,0,0,0,0,0
2637,107,0,0,0,0,1,0.5,0.889999986,0.889999986,1.049999952,0,0,0,0,0,0,0,0,0,0,0,0
2638,107,0,0,0,0,1,0.649999976,0.889999986,0.99000001,0.889999986,0,0,0,1,0,0,0,0,0,0,0,0
2639,107,0,0,0,0,1,0.649999976,0.889999986,0.99000001,1.049999952,0,0,0,0,0,0,0,0,0,0,0,0
2640,107,0,0,0,0,1,0.649999976,0.889999986,1.049999952,0.889999986,0,0,0,0,0,0,0,0,0,0,0,0
2641,107,0,0,0,0,1,0.5,0.889999986,1.149999976,0.99000001,0,0,1,0,1,0,0,0,0,0,0,0
2642,107,0,0,0,0,1,0.649999976,0.879999995,1.149999976,0.99000001,0,0,0,0,0,0,0,0,0,0,0,0
2643,107,0,0,0,0,1,0.649999976,0.879999995,1.149999976,1.089999914,0,0,0,1,0,0,0,0,0,0,0,0
2644,107,0,0,0,0,1,0.649999976,0.879999995,1.25,1.089999914,0,0,0,0,0,0,0,0,0,0,0,1
2645,107,0,0,0,0,1,0.649999976,0.970000029,1.25,1.089999914,0,0,0,0,0,0,0,0,0,0,0,1
2646,107,0,0,0,0,1,0.649999976,0.970000029,1.25,1.25,0,0,0,0,0,0,0,0,0,0,0,0
2647,107,0,0,0,0,1,0.649999976,1.049999952,1.169999957,1.289999962,1,0,0,1,0,0,0,0,0,0,0,0
2648,107,0,0,0,0,1,0.649999976,1.049999952,1.169999957,0.99000001,0,0,0,0,0,0,0,0,0,0,0,0
2649,107,0,0,0,0,1,0.649999976,1.049999952,0.99000001,0.99000001,0,0,0,1,0,0,0,0,0,0,0,0
2650,107,1,0,0,0,1,0.649999976,1.049999952,0.99000001,1.289999962,0,0,0,1,0,0,0,0,0,0,0,0
2651,108,0,1,0,0,0,0.549999952,0.689999998,0.879999995,0.889999986,0,0,0,0,0,0,0,0,0,0,0,0
2652,108,0,1,0,0,0,0.549999952,0.689999998,0.879999995,0.889999986,0,1,0,0,0,0,0,0,0,0,0,0
2653,108,0,1,0,0,0,0.549999952,0.980000019,0.99000001,1.089999914,0,1,0,1,0,0,0,0,0,0,0,0
2654,108,0,1,0,0,0,0.549999952,0.99000001,0.99000001,1.089999914,0,0,0,1,0,0,0,0,0,0,0,0
2655,108,0,1,0,0,0,0.549999952,0.99000001,1.089999914,0.99000001,0,0,0,0,0,0,0,0,0,0,0,0
2656,108,0,1,0,0,0,0.549999952,0.589999914,1.089999914,0.889999986,0,1,0,0,0,0,0,0,0,0,0,0
2657,108,0,1,0,0,0,0.549999952,0.789999962,1.089999914,0.889999986,0,1,0,0,0,0,0,0,0,0,0,0
2658,108,0,1,0,0,0,0.549999952,0.789999962,1.049999952,1.089999914,0,1,0,0,0,0,0,0,0,0,0,0
2659,108,0,1,0,0,0,0.549999952,1.029999971,1.089999914,0.889999986,0,0,0,0,0,0,0,0,0,0,0,0
2660,108,0,1,0,0,0,0.549999952,1.089999914,1.089999914,1.190000057,0,0,0,0,0,0,0,0,0,0,0,0
2661,108,0,1,0,0,0,0.549999952,1.089999914,1.190000057,0.99000001,0,0,0,0,0,0,0,0,0,0,0,0
2662,108,0,1,0,0,0,0.549999952,1.089999914,1.089999914,1.289999962,0,0,0,1,0,0,0,0,0,0,0,0
2663,108,0,1,0,0,0,0.549999952,1.089999914,1.089999914,1.289999962,0,0,0,0,0,0,0,0,0,0,0,0
2664,108,0,1,0,0,0,0.549999952,0.789999962,1.209999919,1.089999914,0,0,0,1,0,0,0,0,0,1,0,0
2665,108,0,1,0,0,0,0.589999914,0.789999962,1.209999919,1.089999914,0,1,0,1,0,0,0,0,0,0,0,0
2666,108,0,1,0,0,0,0.589999914,1.089999914,1.089999914,1.089999914,0,0,0,1,0,0,0,0,0,0,0,0
2667,108,0,1,0,0,0,0.589999914,1.089999914,1.199999928,1.190000057,0,0,0,1,0,0,0,0,0,0,0,0
2668,108,0,1,0,0,0,0.589999914,1.089999914,1.209999919,1.289999962,0,0,0,1,0,0,0,0,0,0,0,0
2669,108,0,1,0,0,0,0.589999914,1.089999914,1.209999919,1.089999914,0,0,0,0,0,0,0,0,0,0,0,0
2670,108,0,1,0,0,0,0.589999914,1.089999914,1.209999919,0.99000001,0,0,0,0,0,0,0,0,0,0,0,0
2671,108,0,0,1,0,0,0.859999955,0.889999986,1.209999919,0.99000001,0,0,0,0,0,0,0,0,0,0,0,1
2672,108,0,1,0,0,0,0.589999914,0.889999986,1.209999919,0.99000001,0,0,0,0,0,0,0,1,0,0,0,0
2673,108,0,1,0,0,0,0.589999914,0.949999988,1.190000057,1.289999962,0,0,0,0,0,0,0,0,0,0,0,0
2674,108,1,1,0,0,0,0.589999914,1.289999962,1.039999962,1.289999962,0,0,0,0,0,0,0,0,0,0,0,0
2675,109,0,0,0,0,1,0.589999914,0.930000007,0.879999995,0.959999979,0,0,0,0,0,0,0,0,0,0,0,0
2676,109,0,0,1,0,0,0.589999914,0.579999924,0.879999995,0.879999995,0,0,0,0,0,0,0,0,0,1,0,0
2677,109,0,0,0,1,0,0.589999914,0.779999912,0.879999995,0.879999995,0,1,0,1,0,0,0,0,0,0,0,0
2678,109,0,0,0,0,1,0.589999914,0.680000007,0.879999995,0.879999995,0,1,0,1,0,0,0,0,0,0,0,0
2679,109,0,0,0,0,1,0.589999914,0.930000007,0.879999995,0.879999995,0,0,0,1,0,0,0,0,0,0,0,0
2680,109,0,0,0,0,1,0.589999914,0.930000007,0.879999995,0.879999995,0,0,0,0,0,0,0,0,0,0,0,0
2681,109,0,0,0,0,1,0.589999914,0.930000007,0.879999995,0.879999995,0,0,0,0,0,0,0,0,0,0,0,0
2682,109,0,0,0,0,1,0.589999914,0.930000007,0.879999995,0.879999995,0,0,0,0,0,0,0,0,0,0,0,0
2683,109,0,0,0,0,1,0.589999914,0.930000007,0.980000019,0.879999995,0,0,0,0,0,0,0,0,0,0,0,0
2684,109,0,0,0,0,1,0.589999914,0.920000017,0.980000019,0.879999995,0,0,0,0,0,0,0,0,0,0,0,0
2685,109,0,0,0,0,1,0.589999914,0.930000007,0.980000019,0.879999995,0,0,0,0,0,0,0,0,0,0,0,0
2686,109,0,0,0,0,1,0.589999914,0.930000007,0.879999995,0.879999995,0,0,0,0,0,0,0,0,0,0,0,0
2687,109,0,0,0,0,1,0.589999914,0.930000007,0.980000019,0.879999995,0,0,0,0,0,0,0,0,0,0,0,0
2688,109,0,0,0,0,1,0.579999924,0.930000007,0.980000019,1.089999914,0,0,0,0,0,0,0,0,0,0,0,0
2689,109,0,0,0,0,1,0.579999924,0.930000007,0.980000019,1.089999914,0,0,1,0,0,0,0,0,0,0,0,0
2690,109,0,0,0,0,1,0.579999924,0.930000007,0.980000019,0.980000019,0,0,1,0,0,0,0,0,0,0,0,0
2691,109,0,0,0,0,1,0.579999924,0.930000007,1.029999971,0.980000019,0,0,1,0,0,0,0,0,0,0,0,0
2692,109,0,0,0,0,1,0.579999924,0.879999995,1.089999914,1.049999952,0,1,0,0,0,0,0,0,0,0,0,0
2693,109,0,0,0,0,1,0.579999924,0.779999912,1.089999914,1.049999952,0,0,0,0,0,0,0,0,0,1,0,0
2694,109,0,0,0,0,1,0.579999924,0.879999995,1.089999914,1.079999924,0,1,0,0,0,0,0,0,0,0,0,0
2695,109,0,0,0,0,1,0.579999924,0.879999995,0.980000019,0.980000019,0,1,0,0,0,0,0,0,0,0,0,0
2696,109,0,0,0,0,1,0.579999924,0.879999995,0.980000019,1.079999924,0,0,1,0,0,0,0,0,0,0,0,1
2697,109,0,0,0,0,1,0.579999924,0.879999995,1.190000057,1.079999924,0,0,1,1,0,0,0,0,0,0,0,0
2698,109,0,0,0,0,1,0.579999924,0.879999995,1.129999995,1.079999924,0,0,1,1,0,0,0,0,0,0,0,0
2699,109,0,0,0,0,1,0.629999995,0.930000007,1.190000057,1,1,0,0,0,0,0,0,0,0,0,0,1
2700,109,0,0,0,0,1,0.629999995,0.930000007,1.119999886,0.980000019,1,0,0,1,0,0,0,0,0,0,0,0
2701,109,0,0,0,0,1,0.639999986,0.930000007,1.119999886,0.980000019,0,0,0,0,0,0,0,0,0,0,0,0
2702,109,1,0,0,0,1,0.609999955,1.23999989,1.049999952,0.879999995,0,0,0,0,0,0,0,1,0,0,0,0
2703,110,0,0,0,0,1,0.649999976,0.589999914,0.99000001,0.889999986,0,0,0,0,0,0,0,0,0,0,0,0
2704,110,0,0,0,0,1,0.649999976,0.889999986,1.019999981,1.049999952,0,0,0,1,0,0,0,0,0,0,0,0
2705,110,0,0,0,0,1,0.49000001,0.889999986,1.019999981,1.049999952,0,0,0,0,0,0,0,0,1,0,0,0
2706,110,0,0,0,0,1,0.680000007,0.789999962,1.079999924,0.889999986,0,1,0,0,0,0,0,0,0,0,0,0
2707,110,0,0,0,0,1,0.670000017,0.889999986,1.019999981,0.889999986,0,0,0,1,0,0,0,0,0,0,0,0
2708,110,0,0,0,0,1,0.649999976,0.889999986,1.070000052,1.149999976,0,0,0,0,0,0,0,0,0,0,0,0
2709,110,0,0,0,0,1,0.779999912,1.089999914,1.089999914,1.190000057,0,0,0,0,0,0,0,0,0,0,0,0
2710,110,0,0,0,0,1,0.5,0.889999986,1.149999976,0.99000001,0,0,1,0,1,0,0,0,0,0,0,0
2711,110,0,0,0,0,1,0.649999976,0.889999986,1.149999976,0.99000001,0,0,1,0,0,0,0,0,0,0,0,0
2712,110,0,0,0,0,1,0.649999976,0.889999986,1.149999976,0.99000001,0,0,1,0,0,0,0,0,0,0,0,0
2713,110,0,0,0,0,1,0.649999976,0.879999995,1.149999976,0.99000001,0,0,0,0,0,0,0,0,0,0,0,0
2714,110,0,0,0,0,1,0.649999976,0.879999995,1.149999976,0.99000001,0,0,0,1,0,0,0,0,0,0,0,0
2715,110,0,0,0,0,1,0.649999976,0.879999995,1.149999976,0.99000001,0,0,0,1,0,0,0,0,0,0,0,0
2716,110,0,0,0,0,1,0.649999976,0.970000029,1.25,1.089999914,0,0,0,0,0,0,0,0,0,0,0,1
2717,110,0,0,0,0,1,0.649999976,0.970000029,1.25,1.089999914,0,0,0,0,0,0,0,0,0,0,0,1
2718,110,0,0,0,0,1,0.649999976,0.970000029,1.25,1.25,0,0,0,0,0,0,0,0,0,0,0,0
2719,110,0,0,0,0,1,0.649999976,0.970000029,1.25,1.089999914,0,0,0,0,0,0,0,1,0,0,0,0
2720,110,0,0,0,0,1,0.5,0.970000029,1.169999957,1.089999914,0,0,0,1,0,0,0,0,1,0,0,0
2721,110,0,0,0,0,1,0.649999976,1.049999952,1.25,1.25,0,0,0,1,0,0,0,0,0,0,0,0
2722,110,0,0,0,0,1,0.649999976,1.049999952,1.25,0.99000001,1,0,0,1,0,0,0,0,0,0,0,0
2723,110,0,0,0,0,1,0.649999976,1.049999952,1.169999957,0.99000001,0,0,0,0,0,0,0,0,0,0,0,0
2724,110,0,0,0,0,1,0.649999976,1.049999952,0.99000001,1.289999962,0,0,0,0,0,0,0,0,0,0,0,0
2725,110,0,0,0,0,1,0.649999976,1.049999952,0.99000001,0.99000001,0,0,0,1,0,0,0,0,0,0,0,0
2726,110,1,0,0,0,1,0.649999976,1.049999952,0.99000001,0.99000001,0,0,0,1,0,0,0,0,0,0,0,0
2727,111,0,1,0,0,0,0.789999962,0.689999998,0.879999995,0.889999986,0,0,0,0,0,0,0,0,0,0,0,0
2728,111,0,1,0,0,0,0.549999952,0.689999998,0.879999995,1.089999914,0,0,0,0,0,0,0,0,0,0,0,0
2729,111,0,1,0,0,0,0.549999952,0.99000001,1.089999914,0.99000001,0,0,0,1,0,0,0,0,0,0,0,0
2730,111,0,1,0,0,0,0.549999952,0.99000001,1.089999914,0.99000001,0,0,0,0,0,0,0,0,0,0,0,0
2731,111,0,0,1,0,0,0.779999912,0.49000001,1.089999914,1.089999914,0,0,0,0,0,1,0,0,0,0,0,0
2732,111,0,1,0,0,0,0.549999952,0.980000019,1.089999914,0.889999986,0,0,0,0,0,0,0,0,0,0,0,0
2733,111,0,1,0,0,0,0.889999986,0.980000019,1.089999914,0.889999986,0,0,0,0,0,0,0,0,0,0,0,0
2734,111,0,1,0,0,0,0.549999952,0.99000001,1.190000057,0.99000001,0,0,0,0,0,0,0,0,0,0,0,0
2735,111,0,1,0,0,0,0.889999986,0.980000019,1.089999914,1.289999962,0,0,0,0,0,0,0,0,0,0,0,0
2736,111,0,1,0,0,0,0.549999952,0.980000019,1.089999914,1.289999962,0,0,0,0,0,0,0,0,0,0,0,0
2737,111,0,1,0,0,0,0.689999998,0.980000019,1.209999919,1.190000057,1,0,0,1,0,0,0,0,0,0,0,0
2738,111,0,1,0,0,0,0.689999998,0.980000019,1.209999919,1.190000057,1,0,0,1,0,0,0,0,0,0,0,0
2739,111,0,1,0,0,0,0.549999952,0.980000019,1.190000057,1.289999962,0,0,0,0,0,0,0,0,0,0,0,0
2740,111,0,1,0,0,0,0.889999986,0.980000019,1.190000057,1.289999962,0,0,0,1,0,0,0,0,0,0,0,0
2741,111,0,1,0,0,0,0.889999986,0.980000019,1.190000057,1.289999962,0,0,0,0,0,0,0,0,0,0,0,0
2742,111,0,0,1,0,0,0.779999912,0.789999962,1.209999919,1.089999914,0,0,0,0,0,0,0,0,0,0,0,0
2743,111,0,1,0,0,0,0.579999924,0.930000007,1.190000057,1.079999924,0,0,0,0,0,0,0,0,0,0,0,0
2744,111,0,1,0,0,0,0.589999914,1.089999914,1.209999919,1.089999914,0,0,0,0,0,0,0,0,0,0,0,0
2745,111,0,1,0,0,0,0.589999914,0.889999986,1.089999914,1.289999962,0,0,0,1,0,0,0,0,0,0,1,0
2746,111,0,1,0,0,0,0.680000007,0.930000007,1.119999886,0.980000019,1,0,1,0,0,0,0,0,0,0,0,0
2747,111,0,1,0,0,0,0.589999914,1.089999914,1.159999967,1.289999962,0,0,0,0,0,0,0,0,0,0,0,0
2748,111,1,1,0,0,0,0.589999914,1.089999914,1.039999962,0.99000001,0,0,0,0,0,0,0,0,0,0,0,0
2749,112,0,1,0,0,0,0.549999952,0.99000001,1.089999914,1.089999914,0,0,0,0,0,0,0,0,0,0,0,0
2750,112,0,1,0,0,0,0.549999952,0.99000001,0.99000001,1.089999914,0,0,0,0,0,0,0,0,0,0,0,0
2751,112,0,1,0,0,0,0.549999952,0.99000001,1.089999914,0.99000001,0,0,0,0,0,0,0,0,0,0,0,0
2752,112,0,1,0,0,0,0.720000029,0.49000001,1.089999914,1.089999914,0,0,0,0,0,1,0,0,0,0,0,0
2753,112,0,1,0,0,0,0.549999952,1.029999971,1.089999914,0.889999986,0,0,0,0,0,0,0,0,0,0,0,0
2754,112,0,1,0,0,0,0.549999952,0.789999962,1.049999952,1.089999914,0,0,0,0,0,0,0,0,0,0,0,0
2755,112,0,1,0,0,0,0.549999952,0.789999962,1.049999952,1.089999914,0,0,0,0,0,0,0,0,0,0,0,0
2756,112,0,1,0,0,0,0.549999952,0.980000019,1.089999914,0.889999986,0,0,0,0,0,0,0,0,0,0,0,0
2757,112,0,1,0,0,0,0.549999952,0.980000019,1.089999914,0.889999986,0,0,0,0,0,0,0,0,0,0,0,0
2758,112,0,1,0,0,0,0.889999986,1.089999914,1.089999914,1.190000057,0,0,0,0,0,0,0,0,0,0,0,0
2759,112,0,1,0,0,0,0.549999952,0.99000001,1.089999914,1.190000057,0,0,0,0,0,0,0,0,0,0,0,0
2760,112,0,1,0,0,0,0.549999952,1.089999914,1.190000057,0.99000001,0,0,0,0,0,0,0,0,0,0,0,0
2761,112,0,0,0,0,1,0.519999921,0.970000029,1.089999914,1.149999976,0,0,0,1,0,0,1,0,0,0,0,0
2762,112,0,1,0,0,0,0.549999952,0.889999986,1.089999914,1.190000057,0,0,0,0,0,0,0,0,0,0,0,0
2763,112,0,0,0,0,1,0.930000007,1.089999914,1.209999919,1.289999962,0,0,0,1,0,0,0,0,0,0,0,0
2764,112,0,1,0,0,0,0.589999914,1.089999914,1.209999919,1.089999914,0,0,0,0,0,0,0,0,0,0,0,0
2765,112,0,1,0,0,0,0.589999914,0.889999986,1.209999919,0.99000001,0,0,0,1,0,0,0,0,0,0,0,0
2766,112,0,1,0,0,0,0.589999914,0.949999988,1.25,0.99000001,0,0,0,1,0,0,0,0,0,0,0,0
2767,112,0,1,0,0,0,0.589999914,0.949999988,1.209999919,0.99000001,0,0,0,1,0,0,0,0,0,0,0,0
2768,112,0,1,0,0,0,0.589999914,1.089999914,1.179999828,1.289999962,0,0,0,0,0,0,0,0,0,0,0,0
2769,112,1,1,0,0,0,0.589999914,1.289999962,1.039999962,1.2299999,0,0,0,0,0,0,0,0,0,0,0,0
2770,113,0,0,0,0,1,0.689999998,0.789999962,0.99000001,0.689999998,0,0,0,0,0,0,0,0,0,0,0,0
2771,113,0,0,1,0,0,0.689999998,0.789999962,0.99000001,1.00999999,0,0,0,1,0,0,0,0,0,0,0,0
2772,113,0,1,0,0,0,0.689999998,0.889999986,0.99000001,1.129999995,0,0,0,1,0,0,0,0,0,0,0,0
2773,113,0,0,1,0,0,0.779999912,0.49000001,1.089999914,1.089999914,0,1,0,0,0,0,0,0,0,0,0,0
2774,113,0,0,0,0,1,0.779999912,0.980000019,1.089999914,0.889999986,0,0,0,0,0,0,0,0,0,0,0,0
2775,113,0,0,1,0,0,0.789999962,0.789999962,1.149999976,1.00999999,0,0,0,0,0,0,0,0,0,0,0,0
2776,113,0,1,0,0,0,0.689999998,0.789999962,1.089999914,1.179999828,0,0,0,0,0,0,0,0,0,0,0,0
2777,113,0,1,0,0,0,0.789999962,0.99000001,1.089999914,1.190000057,0,0,0,0,0,0,0,0,0,0,0,0
2778,113,0,0,0,0,1,0.680000007,1.00999999,1.169999957,0.949999988,0,0,0,0,0,0,0,1,0,0,0,0
2779,113,0,1,0,0,0,0.789999962,1.089999914,1.190000057,0.99000001,0,0,0,0,0,0,0,0,0,0,0,0
2780,113,0,0,1,0,0,0.49000001,0.789999962,1.25,1.059999824,0,1,0,1,1,0,0,0,0,0,0,0
2781,113,0,0,1,0,0,0.779999912,0.889999986,1.089999914,1.190000057,0,0,0,0,0,0,0,0,0,0,0,0
2782,113,0,0,1,0,0,0.689999998,0.789999962,1.089999914,1.2299999,1,1,0,0,0,0,0,0,0,0,0,0
2783,113,0,0,1,0,0,0.689999998,0.789999962,1.25,0.99000001,1,1,0,0,0,0,0,0,0,0,0,0
2784,113,0,0,1,0,0,0.689999998,0.789999962,1.25,0.99000001,0,0,0,1,0,0,0,0,0,0,0,0
2785,113,0,0,1,0,0,0.689999998,0.789999962,1.25,0.99000001,0,0,0,1,0,0,0,0,0,0,0,0
2786,113,0,0,1,0,0,0.579999924,0.879999995,1.089999914,1.190000057,0,1,0,1,0,0,0,0,0,0,0,0
2787,113,0,0,1,0,0,0.680000007,0.889999986,1.23999989,1.089999914,0,0,1,0,0,0,0,0,0,1,0,1
2788,113,0,0,0,0,1,0.75,0.789999962,1.349999905,1.289999962,0,1,0,0,0,0,0,0,0,0,0,0
2789,113,0,1,0,0,0,0.889999986,0.980000019,1.190000057,1.289999962,0,0,0,0,0,0,0,0,0,0,0,0
2790,113,0,0,1,0,0,0.779999912,0.789999962,1.209999919,1.089999914,0,0,0,0,0,1,0,0,0,0,0,0
2791,113,0,0,1,0,0,0.759999931,0.789999962,1.349999905,1.149999976,0,1,0,0,0,0,0,0,0,0,0,1
2792,113,0,0,1,0,0,0.759999931,0.789999962,1.349999905,1.149999976,0,1,0,0,0,0,0,0,0,0,0,1
2793,113,0,1,0,0,0,0.889999986,0.789999962,1.209999919,1.089999914,0,0,0,0,0,0,0,0,0,0,0,0
2794,113,0,1,0,0,0,0.889999986,0.789999962,1.209999919,1.089999914,0,0,0,1,0,0,0,0,0,0,0,0
2795,113,0,1,0,0,0,0.730000019,1.089999914,1.349999905,1.289999962,0,0,0,0,0,0,0,0,0,0,0,0
2796,113,0,0,0,0,1,0.959999979,1.089999914,1.089999914,1.089999914,1,0,0,0,0,0,0,0,0,0,0,0
2797,113,0,1,0,0,0,0.589999914,1.089999914,1.209999919,1.089999914,0,0,0,0,0,0,0,0,0,0,0,0
2798,113,0,1,0,0,0,0.589999914,1.089999914,1.209999919,1.089999914,0,0,0,0,0,0,0,0,0,0,0,0
2799,113,0,0,1,0,0,0.680000007,0.789999962,1.23999989,0.99000001,0,0,0,0,0,0,0,1,0,1,0,0
2800,113,0,0,0,0,1,0.680000007,0.889999986,1.25,0.889999986,0,0,0,0,0,0,0,0,0,0,0,1
2801,113,0,0,0,1,0,0.789999962,1.089999914,1.089999914,1.289999962,0,0,0,0,0,0,0,0,0,0,0,0
2802,113,0,0,0,0,1,0.680000007,1.190000057,1.25,0.889999986,0,0,0,0,0,0,0,0,0,0,0,1
2803,113,0,1,0,0,0,0.379999995,1.23999989,1.049999952,0.980000019,0,0,0,0,0,0,0,0,1,0,0,0
2804,113,1,0,0,1,0,0.959999979,1.289999962,1.039999962,1.289999962,1,0,0,1,0,0,0,0,0,0,0,0
2805,114,0,0,0,0,1,0.709999979,0.99000001,0.99000001,1.089999914,0,0,0,0,0,0,0,0,0,0,0,0
2806,114,0,0,0,0,1,0.779999912,0.789999962,1.049999952,1.089999914,0,1,0,0,0,0,0,0,0,0,0,0
2807,114,0,0,0,0,1,0.779999912,1.089999914,1.089999914,1.190000057,0,0,0,0,0,0,0,0,0,0,0,0
2808,114,0,1,0,0,0,0.549999952,1.089999914,1.190000057,0.99000001,0,0,0,0,0,0,0,0,0,0,0,0
2809,114,0,0,0,0,1,0.709999979,1.089999914,1.190000057,0.99000001,0,0,0,0,0,0,0,0,0,0,0,0
2810,114,0,0,0,0,1,0.779999912,0.889999986,1.089999914,1.190000057,0,0,0,0,0,0,0,0,0,0,0,0
2811,114,0,0,0,0,1,0.779999912,0.980000019,1.190000057,0.99000001,0,0,0,0,0,0,0,0,0,0,0,0
2812,114,0,0,0,0,1,0.639999986,0.789999962,1.209999919,1.190000057,0,0,0,0,0,0,0,0,0,0,0,0
2813,114,0,0,0,0,1,0.779999912,1.089999914,1.190000057,1.289999962,0,0,0,0,0,0,0,0,0,0,0,0
2814,114,0,0,0,0,1,0.779999912,0.789999962,1.209999919,1.089999914,0,0,0,1,0,0,0,0,0,1,0,0
2815,114,0,0,0,0,1,0.789999962,1.089999914,1.209999919,1.289999962,0,0,0,1,0,0,0,0,0,0,0,0
2816,114,0,0,0,0,1,0.789999962,1.089999914,1.089999914,1.289999962,0,0,0,0,0,0,0,0,0,0,0,0
2817,114,0,0,0,0,1,0.720000029,1.089999914,1.039999962,0.99000001,0,0,0,0,0,0,0,0,0,0,0,0
2818,114,1,0,0,0,1,0.959999979,1.289999962,1.039999962,1.289999962,0,0,0,0,0,0,0,0,0,0,0,0
2819,115,0,0,0,1,0,0.609999955,0.889999986,0.889999986,0.99000001,0,0,0,0,0,0,0,0,0,0,0,0
2820,115,0,0,0,0,1,0.529999912,0.889999986,0.99000001,0.889999986,0,0,1,1,0,0,0,0,1,0,0,0
2821,115,0,0,0,0,1,0.609999955,0.689999998,1.089999914,0.889999986,0,0,0,1,0,1,0,0,0,0,0,0
2822,115,0,0,0,0,1,0.529999912,0.789999962,1.149999976,0.99000001,0,0,1,0,1,0,0,0,0,0,0,0
2823,115,0,0,0,0,1,0.609999955,0.970000029,1.149999976,0.99000001,0,0,0,0,0,0,0,0,0,0,0,0
2824,115,0,0,0,0,1,0.579999924,0.970000029,1.149999976,1.089999914,0,0,0,0,1,0,0,1,0,0,0,0
2825,115,0,0,0,0,1,0.579999924,0.970000029,1.149999976,1.089999914,0,0,0,0,1,0,0,1,0,0,0,0
2826,115,0,0,0,0,1,0.609999955,0.970000029,0.99000001,1.25,0,0,0,0,0,0,0,0,0,0,1,0
2827,115,0,0,0,0,1,0.609999955,0.970000029,1.289999962,1.089999914,0,0,0,1,0,0,0,0,0,0,0,0
2828,115,0,0,0,0,1,0.609999955,1.049999952,1.190000057,1.25,0,0,0,1,0,0,0,0,0,0,0,0
2829,115,0,0,0,0,1,0.609999955,1.049999952,1.25,0.99000001,0,0,0,1,0,0,0,0,0,0,0,0
2830,115,0,0,0,0,1,0.609999955,1.049999952,1.25,0.99000001,0,0,0,1,0,0,0,0,0,0,0,0
2831,115,0,0,0,0,1,0.609999955,1.049999952,1.289999962,1.25,0,0,1,0,0,0,0,0,0,0,0,0
2832,115,0,0,0,0,1,0.609999955,1.049999952,1.289999962,0.99000001,0,0,0,0,0,0,0,0,0,0,0,1
2833,115,1,0,0,0,1,0.609999955,1.049999952,1.289999962,1.289999962,0,0,0,1,0,0,0,0,0,0,0,0
2834,116,0,0,0,0,1,0.649999976,0.589999914,0.99000001,0.889999986,0,0,0,0,0,0,0,0,0,0,0,0
2835,116,0,0,0,1,0,0.649999976,0.889999986,0.889999986,1.049999952,0,0,0,0,0,0,0,0,0,0,1,0
2836,116,0,0,0,1,0,0.649999976,0.889999986,0.889999986,1.049999952,0,0,0,0,0,0,0,0,0,0,0,0
2837,116,0,0,0,0,1,0.649999976,0.889999986,0.99000001,0.889999986,0,0,0,0,0,0,0,0,0,0,0,1
2838,116,0,0,0,0,1,0.649999976,0.889999986,0.99000001,0.889999986,0,0,0,1,0,0,0,0,0,0,0,0
2839,116,0,0,0,0,1,0.649999976,0.889999986,0.99000001,1.049999952,0,0,0,0,0,0,0,0,0,0,0,0
2840,116,0,0,0,0,1,0.649999976,0.789999962,1.049999952,0.889999986,0,0,0,1,0,0,0,0,0,1,0,0
2841,116,0,0,0,0,1,0.779999912,0.789999962,1.049999952,0.99000001,0,1,0,0,0,0,0,0,0,0,0,0
2842,116,0,0,0,0,1,0.49000001,0.839999914,1.019999981,0.889999986,0,0,0,0,0,0,0,0,0,1,0,1
2843,116,0,0,0,0,1,0.649999976,0.889999986,1.070000052,1.149999976,0,0,0,0,0,0,0,0,0,0,0,0
2844,116,0,0,0,0,1,0.649999976,0.889999986,0.99000001,1.149999976,0,0,1,0,0,0,0,0,0,0,0,0
2845,116,0,0,0,0,1,0.649999976,0.889999986,1.149999976,0.99000001,0,0,1,0,0,0,0,0,0,0,0,0
2846,116,0,0,0,0,1,0.649999976,0.879999995,1.149999976,0.99000001,0,0,0,1,0,0,0,0,0,0,0,0
2847,116,0,0,0,0,1,0.649999976,0.879999995,0.99000001,1.25,0,0,0,0,0,0,0,0,0,0,0,0
2848,116,0,0,0,0,1,0.649999976,0.970000029,1.25,0.74000001,0,0,0,0,0,0,0,0,0,0,0,1
2849,116,0,0,0,0,1,0.5,0.970000029,1.169999957,1.089999914,0,0,0,1,0,0,0,0,1,0,0,0
2850,116,1,0,0,0,1,0.649999976,1.049999952,0.99000001,0.99000001,0,0,0,0,0,0,0,0,0,0,0,0
2851,117,0,0,0,0,1,0.680000007,0.730000019,0.930000007,0.869999945,0,0,0,0,0,0,0,0,0,0,0,0
2852,117,0,0,1,0,0,0.680000007,0.689999998,0.879999995,1.059999824,0,0,0,0,0,0,0,0,0,1,0,0
2853,117,0,1,0,0,0,0.689999998,0.889999986,0.99000001,1.129999995,0,0,1,1,0,0,0,0,0,0,0,0
2854,117,0,0,0,0,1,0.689999998,0.889999986,0.99000001,0.889999986,0,0,0,1,0,0,0,0,0,0,0,0
2855,117,0,0,0,1,0,0.680000007,0.789999962,0.980000019,1.059999824,0,1,0,0,0,0,0,0,0,0,0,0
2856,117,0,0,0,0,1,0.789999962,0.889999986,1.389999986,1.129999995,0,0,0,0,0,0,0,0,0,0,0,0
2857,117,0,1,0,0,0,0.549999952,0.980000019,1.089999914,0.889999986,0,0,0,0,0,0,0,0,0,0,0,0
2858,117,0,0,0,0,1,0.779999912,0.99000001,1.089999914,1.190000057,0,0,0,0,0,0,0,0,0,0,0,0
2859,117,0,0,0,0,1,0.579999924,0.930000007,0.980000019,0.980000019,0,0,0,1,0,0,0,0,0,0,0,0
2860,117,0,0,0,0,1,0.689999998,0.789999962,1.25,0.99000001,1,1,0,0,0,0,0,0,0,0,0,0
2861,117,0,0,0,0,1,0.649999976,0.789999962,1.349999905,1.089999914,0,1,0,1,0,0,0,0,0,0,0,0
2862,117,0,0,0,0,1,0.730000019,1.089999914,1.349999905,1.289999962,0,0,0,0,0,0,1,0,0,0,0,0
2863,117,0,0,0,0,1,0.730000019,1.089999914,1.349999905,1.289999962,0,0,0,0,0,0,0,0,0,0,0,0
2864,117,0,0,0,0,1,0.730000019,1.089999914,1.349999905,1.289999962,0,0,0,0,0,0,0,0,0,0,0,0
2865,117,0,0,0,0,1,0.789999962,1.089999914,1.349999905,1.289999962,0,0,0,0,0,0,0,0,0,0,0,0
2866,117,0,0,0,0,1,0.889999986,1.190000057,1.349999905,1.089999914,0,0,0,0,0,0,0,0,0,0,0,0
2867,117,0,0,0,0,1,0.889999986,0.99000001,1.349999905,1.089999914,0,0,0,0,0,0,0,0,0,0,0,0
2868,117,0,0,0,0,1,0.889999986,1.190000057,1.289999962,1.289999962,0,0,0,0,0,0,0,1,0,0,0,0
2869,117,0,0,0,0,1,0.889999986,0.99000001,1.199999928,0.99000001,0,0,0,1,0,0,0,0,0,0,0,0
2870,117,0,0,0,0,1,0.720000029,1.089999914,1.219999909,1.289999962,1,0,0,0,0,0,0,0,0,0,0,0
2871,117,1,0,0,0,1,0.680000007,1.190000057,1.25,0.889999986,0,0,0,0,0,0,0,0,0,0,0,1
2872,118,0,1,0,0,0,0.789999962,0.980000019,0.879999995,0.889999986,0,0,0,0,0,0,0,0,0,0,0,0
2873,118,0,1,0,0,0,0.789999962,0.689999998,0.879999995,0.889999986,0,0,0,0,0,0,0,0,0,0,0,0
2874,118,0,0,0,0,1,0.709999979,0.689999998,0.879999995,0.889999986,0,1,0,0,0,0,0,0,0,0,0,0
2875,118,0,1,0,0,0,0.789999962,0.99000001,1.089999914,1.089999914,0,0,0,1,0,0,0,0,0,0,0,0
2876,118,0,1,0,0,0,0.789999962,0.99000001,1.089999914,1.089999914,0,0,0,1,0,0,0,0,0,0,0,0
2877,118,0,1,0,0,0,0.789999962,0.99000001,1.089999914,0.99000001,0,0,0,1,0,0,0,0,0,0,0,0
2878,118,0,1,0,0,0,0.789999962,0.99000001,1.089999914,0.99000001,0,0,0,0,0,0,0,0,0,0,0,0
2879,118,0,1,0,0,0,0.889999986,0.49000001,1.089999914,1.089999914,0,1,0,0,0,0,0,0,0,0,0,0
2880,118,0,1,0,0,0,0.889999986,0.589999914,1.089999914,0.889999986,0,1,0,0,0,0,0,0,0,0,0,0
2881,118,0,1,0,0,0,0.889999986,0.789999962,1.089999914,0.889999986,0,1,0,0,0,0,0,0,0,0,0,0
2882,118,0,1,0,0,0,0.889999986,0.99000001,1.089999914,0.889999986,0,1,0,0,0,0,0,0,0,0,0,0
2883,118,0,1,0,0,0,0.889999986,0.789999962,1.049999952,1.089999914,0,1,0,0,0,0,0,0,0,0,0,0
2884,118,0,1,0,0,0,0.889999986,1.029999971,1.089999914,0.889999986,0,0,0,0,0,0,0,0,0,0,0,0
2885,118,0,1,0,0,0,0.689999998,1.029999971,1.089999914,1.190000057,0,0,0,0,0,0,0,0,0,0,0,0
2886,118,0,1,0,0,0,0.689999998,1.089999914,1.089999914,1.190000057,0,0,0,0,0,0,0,0,0,0,0,0
2887,118,0,1,0,0,0,0.789999962,0.99000001,1.089999914,1.190000057,0,0,0,0,0,0,0,0,0,0,0,0
2888,118,0,1,0,0,0,0.789999962,1.089999914,1.190000057,0.99000001,0,0,0,0,0,0,0,0,0,0,0,0
2889,118,0,1,0,0,0,0.889999986,1.089999914,1.190000057,0.99000001,0,0,0,0,0,0,0,0,0,0,0,0
2890,118,0,1,0,0,0,0.689999998,0.789999962,1.209999919,1.190000057,1,1,0,0,0,0,0,0,0,0,0,0
2891,118,0,1,0,0,0,0.689999998,0.789999962,1.209999919,1.190000057,0,0,0,0,0,0,0,0,0,0,0,0
2892,118,0,1,0,0,0,0.889999986,0.789999962,1.190000057,1.289999962,1,1,0,0,0,0,0,0,0,0,0,0
2893,118,0,1,0,0,0,0.889999986,1.089999914,1.190000057,1.289999962,0,0,0,0,0,0,0,0,0,0,0,0
2894,118,0,1,0,0,0,0.889999986,0.789999962,1.209999919,1.089999914,0,0,0,1,0,0,0,0,0,1,0,0
2895,118,0,1,0,0,0,0.889999986,0.789999962,1.209999919,1.089999914,0,1,0,1,0,0,0,0,0,0,0,0
2896,118,0,1,0,0,0,0.99000001,1.089999914,1.209999919,1.089999914,0,0,0,0,0,0,0,0,0,0,0,0
2897,118,0,1,0,0,0,0.99000001,1.089999914,1.209999919,1.089999914,0,0,0,0,0,0,0,0,0,0,0,0
2898,118,0,1,0,0,0,0.99000001,0.889999986,1.209999919,0.99000001,0,0,0,0,0,0,0,1,0,0,0,0
2899,118,0,1,0,0,0,1.149999976,1.089999914,1.039999962,1.289999962,0,0,1,0,0,0,0,0,0,0,0,0
2900,118,0,1,0,0,0,0.99000001,0.949999988,1.25,0.99000001,0,0,0,1,0,0,0,0,0,0,0,0
2901,118,0,1,0,0,0,0.99000001,0.949999988,1.209999919,0.99000001,0,0,0,0,0,0,0,0,0,0,0,0
2902,118,0,0,0,0,1,0.74000001,0.949999988,1.190000057,1.289999962,0,0,0,0,0,0,0,0,0,0,0,0
2903,118,0,1,0,0,0,0.889999986,1.089999914,1.089999914,1.289999962,0,0,0,0,0,0,0,0,0,0,0,0
2904,118,1,1,0,0,0,1.149999976,1.289999962,1.039999962,1.289999962,0,0,0,0,0,0,0,0,0,0,0,0
2905,119,0,0,0,0,1,0.680000007,0.959999979,0.99000001,0.889999986,0,0,0,0,0,0,0,0,0,0,0,0
2906,119,0,1,0,0,0,0.789999962,0.99000001,0.99000001,1.089999914,0,0,0,1,0,0,0,0,0,0,0,0
2907,119,0,1,0,0,0,0.549999952,0.99000001,1.089999914,0.99000001,0,0,0,0,0,0,0,0,0,0,0,0
2908,119,0,1,0,0,0,0.889999986,0.49000001,1.089999914,1.089999914,0,1,0,0,0,0,0,0,0,0,0,0
2909,119,0,0,0,0,1,0.680000007,0.959999979,1.190000057,0.949999988,0,0,0,0,0,0,0,0,0,0,0,0
2910,119,0,0,0,0,1,0.779999912,0.99000001,1.089999914,0.889999986,0,1,0,0,0,0,0,0,0,0,0,0
2911,119,0,1,0,0,0,0.889999986,0.789999962,1.049999952,1.089999914,0,1,0,0,0,0,0,0,0,0,0,0
2912,119,0,0,0,0,1,0.680000007,0.959999979,1.190000057,0.949999988,0,0,0,0,0,0,0,0,0,0,0,0
2913,119,0,0,0,0,1,0.49000001,0.889999986,1.019999981,0.889999986,0,0,0,0,0,0,0,0,0,0,0,1
2914,119,0,0,0,0,1,0.779999912,1.029999971,1.089999914,0.889999986,0,0,0,0,0,0,0,0,0,0,0,0
2915,119,0,0,0,0,1,0.680000007,0.959999979,1.289999962,1.190000057,0,0,0,0,0,0,0,0,0,0,0,0
2916,119,0,0,1,0,0,0.709999979,0.99000001,1.190000057,0.99000001,0,0,0,0,0,0,0,0,0,0,0,0
2917,119,0,0,0,0,1,0.709999979,1.089999914,1.190000057,0.99000001,0,0,0,0,0,0,0,0,0,0,0,0
2918,119,0,0,0,0,1,0.839999914,0.889999986,1.089999914,1.190000057,0,0,0,0,0,0,0,0,0,0,0,0
2919,119,0,1,0,0,0,0.689999998,0.789999962,1.209999919,1.190000057,1,1,0,0,0,0,0,0,0,0,0,0
2920,119,0,0,0,0,1,0.779999912,1.089999914,1.190000057,1.289999962,0,0,0,0,0,0,0,0,0,0,0,0
2921,119,0,0,1,0,0,0.779999912,0.789999962,1.209999919,1.089999914,0,0,0,1,0,0,0,0,0,1,0,0
2922,119,0,1,0,0,0,0.889999986,0.789999962,1.209999919,1.089999914,0,1,0,1,0,0,0,0,0,0,0,0
2923,119,0,1,0,0,0,0.889999986,1.089999914,1.209999919,1.289999962,0,0,0,1,0,0,0,0,0,0,0,0
2924,119,0,1,0,0,0,0.889999986,1.089999914,1.209999919,1.289999962,0,0,0,1,0,0,0,0,0,0,0,0
2925,119,0,0,0,0,1,0.789999962,0.980000019,1.129999995,1.089999914,0,0,0,0,0,0,0,0,0,0,0,0
2926,119,0,0,0,0,1,0.930000007,1.089999914,1.209999919,1.289999962,0,0,0,1,0,0,0,0,0,0,0,0
2927,119,0,0,0,0,1,0.920000017,1.089999914,1.209999919,1.089999914,0,0,0,0,0,0,0,0,0,0,0,0
2928,119,0,0,0,0,1,0.859999955,1.089999914,1.209999919,0.99000001,0,0,0,0,0,0,0,0,0,0,0,0
2929,119,0,0,0,0,1,0.859999955,0.889999986,1.209999919,0.99000001,0,0,0,0,0,0,0,1,0,0,0,0
2930,119,0,1,0,0,0,0.589999914,1.089999914,1.039999962,1.289999962,0,0,1,0,0,0,0,0,0,0,0,0
2931,119,0,0,0,0,1,0.819999933,0.949999988,1.209999919,0.99000001,0,0,0,1,0,0,0,0,0,0,0,0
2932,119,0,0,0,0,1,0.74000001,0.949999988,1.190000057,1.289999962,0,0,0,0,0,0,0,0,0,0,0,0
2933,119,0,1,0,0,0,0.789999962,1.089999914,1.039999962,0.99000001,0,0,0,0,0,0,0,0,0,0,0,0
2934,119,0,0,0,0,1,0.959999979,1.289999962,1.039999962,1.289999962,0,0,0,1,0,0,0,0,0,0,0,0
2935,119,1,0,0,0,1,0.959999979,1.289999962,1.039999962,1.289999962,0,0,0,0,0,0,0,0,0,0,0,0
2936,120,0,1,0,0,0,0.5,0.889999986,0.99000001,0.889999986,0,0,0,0,0,0,0,0,0,0,0,0
2937,120,0,1,0,0,0,0.649999976,0.889999986,0.99000001,1.089999914,0,0,0,0,0,0,0,0,0,0,0,0
2938,120,0,0,0,0,1,0.609999955,0.689999998,1.089999914,0.889999986,0,0,0,0,0,0,0,0,0,0,0,0
2939,120,0,1,0,0,0,0.5,0.889999986,1.089999914,0.889999986,0,1,0,0,1,0,0,0,0,0,0,0
2940,120,0,1,0,0,0,0.569999933,0.689999998,1.089999914,1.190000057,0,0,0,0,0,0,0,0,0,1,0,0
2941,120,0,1,0,0,0,0.5,0.789999962,1.149999976,0.99000001,0,0,1,0,1,0,0,0,0,0,0,0
2942,120,0,0,0,0,1,0.529999912,0.970000029,1.089999914,1.190000057,0,0,0,0,0,0,0,0,0,0,0,0
2943,120,0,0,0,1,0,0.609999955,0.970000029,0.99000001,1.190000057,0,0,0,0,0,0,0,0,0,0,0,0
2944,120,0,0,0,1,0,0.579999924,0.930000007,1.089999914,0.980000019,0,0,0,0,0,0,0,0,0,0,0,0
2945,120,0,0,0,0,1,0.609999955,0.970000029,1.149999976,1.25,0,0,0,0,0,0,0,0,0,0,0,0
2946,120,0,1,0,0,0,0.649999976,0.970000029,1.25,1.089999914,0,0,0,1,0,0,0,0,0,0,0,0
2947,120,0,0,1,0,0,0.609999955,0.970000029,0.99000001,1.25,0,0,0,0,0,0,1,0,0,0,0,0
2948,120,0,1,0,0,0,0.889999986,1.089999914,1.209999919,1.289999962,0,0,0,0,0,0,0,0,0,0,0,0
2949,120,0,0,0,0,1,0.730000019,1.089999914,1.349999905,1.289999962,0,0,0,0,0,0,0,0,0,0,0,0
2950,120,0,0,0,0,1,0.609999955,1.089999914,1.289999962,1.25,0,0,0,0,0,0,0,0,0,0,0,0
2951,120,0,0,0,0,1,0.609999955,1.049999952,1.289999962,0.99000001,0,0,0,0,0,0,0,0,0,0,0,0
2952,120,0,0,0,0,1,0.609999955,1.049999952,1.289999962,0.99000001,0,0,0,0,0,0,0,0,0,0,0,0
2953,120,0,0,0,0,1,0.609999955,1.049999952,1.289999962,0.99000001,0,0,0,0,0,0,0,0,0,0,0,0
2954,120,0,1,0,0,0,0.649999976,1.049999952,1.25,0.99000001,0,0,0,1,0,0,0,0,0,0,0,0
2955,120,1,0,0,0,1,0.609999955,1.049999952,1.289999962,0.99000001,0,0,0,1,0,0,0,0,0,0,0,0
2956,121,0,0,0,0,1,0.529999912,0.889999986,0.99000001,0.889999986,0,0,0,0,0,0,0,0,0,0,0,0
2957,121,0,0,0,1,0,0.529999912,0.889999986,0.889999986,0.99000001,0,0,0,1,0,0,0,0,1,0,1,0
2958,121,0,0,0,1,0,0.609999955,0.889999986,0.889999986,0.99000001,0,0,0,0,0,0,0,0,0,0,0,0
2959,121,0,0,0,0,1,0.529999912,0.889999986,0.99000001,0.539999962,0,0,1,1,0,0,0,0,1,0,0,0
2960,121,0,0,0,1,0,0.609999955,0.889999986,0.99000001,1.089999914,0,0,0,1,0,0,0,0,0,0,0,0
2961,121,0,0,0,1,0,0.609999955,0.889999986,0.99000001,0.99000001,0,1,0,0,0,0,0,0,0,0,0,0
2962,121,0,0,0,0,1,0.609999955,0.889999986,1.089999914,0.889999986,0,0,0,1,0,0,0,0,0,0,0,0
2963,121,0,0,0,0,1,0.609999955,0.970000029,1.149999976,1.190000057,0,0,0,1,0,0,0,0,0,0,0,0
2964,121,0,0,0,0,1,0.609999955,0.970000029,0.99000001,1,0,0,1,0,0,0,0,0,0,0,0,0
2965,121,0,0,0,0,1,0.609999955,0.970000029,1.289999962,0.839999914,0,0,0,1,0,0,0,0,0,0,0,0
2966,121,0,0,0,1,0,0.609999955,1.089999914,1.089999914,1.089999914,0,0,1,0,0,0,0,0,0,0,0,1
2967,121,0,0,0,0,1,0.930000007,1.089999914,1.209999919,1.289999962,0,0,0,1,0,0,0,0,0,0,0,0
2968,121,0,0,0,0,1,0.609999955,1.049999952,1.289999962,0.99000001,0,0,0,0,0,0,0,0,0,0,0,1
2969,121,0,0,0,0,1,0.609999955,1.049999952,1.25,0.99000001,0,0,0,1,0,0,0,0,0,0,0,0
2970,121,1,0,0,0,1,0.609999955,1.049999952,1.289999962,0.839999914,0,0,0,1,0,0,0,0,0,0,0,0
2971,122,0,0,0,0,1,0.689999998,0.789999962,0.99000001,1.089999914,0,0,0,0,0,0,0,0,0,0,0,0
2972,122,0,1,0,0,0,0.689999998,0.889999986,0.99000001,1.00999999,0,0,0,1,0,0,0,0,0,0,0,0
2973,122,0,0,0,0,1,0.689999998,0.889999986,0.99000001,1.129999995,0,0,0,0,0,0,0,0,0,0,0,0
2974,122,0,0,1,0,0,0.689999998,0.789999962,0.99000001,1.129999995,0,0,0,1,0,0,0,0,0,0,0,0
2975,122,0,0,0,0,1,0.789999962,0.889999986,1.149999976,0.889999986,0,0,0,0,0,0,0,0,0,0,0,0
2976,122,0,0,0,0,1,0.789999962,0.889999986,1.25,1.2299999,0,0,0,0,0,0,0,0,0,0,0,0
2977,122,0,0,0,0,1,0.689999998,0.789999962,1.089999914,1.2299999,0,0,0,0,0,0,0,0,0,0,0,0
2978,122,0,0,0,0,1,0.689999998,0.789999962,1.25,0.99000001,0,1,0,0,0,0,0,0,0,0,0,0
2979,122,0,0,1,0,0,0.689999998,0.789999962,1.089999914,1.2299999,0,0,0,1,0,0,0,0,0,0,0,0
2980,122,0,0,0,0,1,0.689999998,0.789999962,1.25,0.99000001,0,0,0,1,0,0,0,0,0,0,0,0
2981,122,0,0,0,0,1,0.689999998,0.789999962,1.149999976,0.99000001,0,0,0,0,0,0,0,0,0,0,0,0
2982,122,0,1,0,0,0,0.730000019,1.089999914,1.349999905,1.289999962,0,0,0,0,0,0,1,0,0,0,0,0
2983,122,0,0,0,1,0,0.759999931,1.089999914,1.349999905,1.149999976,0,0,0,1,0,0,0,0,0,0,0,0
2984,122,0,0,0,1,0,0.730000019,1.089999914,1.349999905,1.289999962,0,0,0,0,0,0,0,0,0,0,0,0
2985,122,0,0,1,0,0,0.930000007,1.089999914,1.209999919,1.289999962,0,0,0,1,0,0,0,0,0,0,0,0
2986,122,0,0,0,0,1,0.859999955,0.889999986,1.209999919,0.99000001,0,0,0,1,0,0,0,0,0,0,0,0
2987,122,0,0,0,0,1,0.789999962,1.089999914,1.179999828,1.289999962,0,0,0,0,0,0,0,0,0,0,0,0
2988,122,0,0,1,0,0,0.789999962,1.089999914,1.179999828,1.289999962,0,0,0,0,0,0,0,0,0,0,0,0
2989,122,0,0,0,0,1,0.720000029,0.949999988,1.039999962,0.99000001,1,0,0,0,0,0,0,0,0,0,0,0
2990,122,1,0,0,0,1,0.959999979,1.289999962,1.039999962,1.179999828,1,0,0,0,0,0,0,0,0,0,0,0
2991,123,0,1,0,0,0,0.649999976,0.889999986,0.889999986,1.049999952,0,0,0,0,0,0,0,0,0,0,0,0
2992,123,0,0,1,0,0,0.709999979,0.99000001,0.99000001,1.089999914,0,0,0,1,0,0,0,0,0,0,0,0
2993,123,0,0,0,0,1,0.649999976,0.889999986,0.99000001,0.889999986,0,0,0,0,0,0,0,0,0,0,0,1
2994,123,0,0,0,0,1,0.649999976,0.789999962,1.049999952,0.889999986,0,0,0,0,0,0,0,0,0,0,0,1
2995,123,0,0,0,0,1,0.649999976,0.789999962,1.049999952,0.889999986,0,0,0,1,0,0,0,0,0,0,0,0
2996,123,0,0,0,0,1,0.649999976,0.889999986,1.019999981,0.889999986,0,1,0,0,0,0,0,0,0,0,0,1
2997,123,0,0,0,0,1,0.5,0.889999986,1.070000052,1.149999976,0,0,0,0,0,0,0,0,1,0,0,0
2998,123,0,0,0,0,1,0.599999964,0.889999986,1.149999976,0.99000001,0,1,0,0,0,0,0,0,0,0,0,0
2999,123,0,0,0,0,1,0.519999921,0.970000029,1.089999914,1.149999976,0,0,0,1,0,0,0,0,0,0,0,0
3000,123,0,0,0,1,0,0.599999964,0.879999995,0.99000001,1.149999976,0,0,0,1,0,0,0,0,0,0,0,0
3001,123,0,0,0,0,1,0.599999964,0.970000029,1.149999976,1.25,0,0,0,0,0,0,0,0,0,0,0,0
3002,123,0,0,0,0,1,0.599999964,0.970000029,1.149999976,1.089999914,1,0,0,0,0,0,0,0,0,0,0,0
3003,123,0,0,0,0,1,0.599999964,0.970000029,1.25,1.089999914,0,0,0,1,0,0,0,0,0,0,0,0
3004,123,0,0,0,0,1,0.519999921,0.970000029,1.089999914,1.089999914,0,0,1,1,0,0,0,0,1,0,0,0
3005,123,0,0,0,0,1,0.589999914,1.049999952,1.25,0.99000001,0,0,0,1,0,0,0,0,0,0,0,0
3006,123,0,0,0,0,1,0.589999914,1.049999952,0.99000001,1.289999962,0,0,0,0,0,0,0,0,0,0,0,0
3007,123,1,0,0,0,1,0.959999979,0.949999988,1.039999962,1.179999828,1,0,0,0,0,0,0,0,0,0,0,0
3008,124,0,0,0,0,1,0.649999976,0.889999986,0.99000001,0.889999986,0,0,0,0,0,0,0,0,0,0,0,0
3009,124,0,1,0,0,0,0.649999976,0.889999986,0.99000001,1.049999952,0,0,0,0,0,0,0,0,0,0,0,0
3010,124,0,1,0,0,0,0.549999952,0.49000001,1.089999914,1.089999914,0,1,0,0,0,0,0,0,0,0,0,0
3011,124,0,1,0,0,0,0.649999976,0.889999986,1.049999952,1.049999952,0,0,0,0,0,0,0,0,0,0,0,0
3012,124,0,0,0,0,1,0.649999976,0.889999986,1.049999952,0.889999986,0,0,0,0,0,0,0,1,0,0,0,0
3013,124,0,1,0,0,0,0.649999976,0.889999986,1.019999981,1.049999952,0,0,0,1,0,0,0,0,0,0,0,0
3014,124,0,0,0,1,0,0.649999976,0.889999986,0.99000001,1.149999976,0,0,0,0,0,0,0,0,0,0,1,0
3015,124,0,0,1,0,0,0.649999976,0.889999986,1.149999976,0.99000001,0,0,1,0,0,0,0,1,0,0,0,0
3016,124,0,0,0,0,1,0.649999976,0.879999995,1.149999976,0.99000001,0,0,0,1,0,0,0,0,0,0,0,0
3017,124,0,0,0,0,1,0.649999976,0.879999995,0.99000001,1.25,0,0,0,0,0,0,0,0,0,0,1,0
3018,124,0,0,1,0,0,0.649999976,0.970000029,1.25,1.089999914,0,0,0,0,0,0,0,0,0,0,0,1
3019,124,0,1,0,0,0,0.889999986,0.789999962,1.209999919,1.089999914,0,1,0,1,0,0,0,0,0,0,0,0
3020,124,0,0,1,0,0,0.649999976,0.970000029,1.25,1.25,0,0,0,0,0,0,0,0,0,0,0,0
3021,124,0,0,0,0,1,0.649999976,1.049999952,1.25,0.99000001,0,0,0,0,0,0,0,0,0,0,0,1
3022,124,1,0,0,0,1,0.649999976,1.049999952,0.99000001,0.99000001,0,0,0,0,0,0,0,1,0,0,0,0
3023,125,0,0,0,0,1,0.649999976,0.589999914,0.99000001,0.889999986,0,0,0,0,0,0,0,0,0,0,0,0
3024,125,0,0,0,0,1,0.680000007,0.689999998,0.879999995,1.029999971,0,1,0,0,0,0,0,0,0,0,0,0
3025,125,0,0,0,0,1,0.649999976,0.889999986,0.889999986,1.049999952,0,0,1,0,0,0,0,0,0,0,0,0
3026,125,0,0,0,0,1,0.680000007,0.849999964,1.079999924,0.889999986,0,1,0,1,0,0,0,0,0,0,0,0
3027,125,0,0,0,0,1,0.680000007,0.99000001,1.079999924,1.029999971,0,1,0,1,0,0,0,0,0,0,0,0
3028,125,0,0,0,0,1,0.599999964,0.970000029,0.99000001,1.25,0,0,0,0,0,0,0,0,0,0,1,0
3029,125,0,0,0,0,1,0.779999912,0.789999962,1.209999919,1.089999914,0,1,0,1,0,0,0,0,0,0,0,0
3030,125,0,0,0,0,1,0.649999976,0.970000029,1.25,1.25,0,0,0,0,0,0,0,0,0,0,0,0
3031,125,0,0,0,0,1,0.680000007,1.089999914,1.23999989,1.190000057,0,0,0,0,0,0,0,0,0,0,0,0
3032,125,0,0,0,0,1,0.920000017,1.089999914,1.209999919,1.089999914,0,0,0,0,0,0,0,0,0,0,0,0
3033,125,0,0,0,0,1,0.649999976,1.049999952,1.25,0.99000001,1,0,0,1,0,0,0,0,0,0,0,0
3034,125,0,0,0,0,1,0.680000007,0.789999962,1.23999989,0.99000001,0,0,0,0,0,0,0,1,0,1,0,0
3035,125,0,0,0,0,1,0.680000007,1.089999914,1.190000057,1.190000057,0,1,0,0,0,0,1,0,0,0,0,0
3036,125,0,0,0,0,1,0.680000007,1.089999914,1.199999928,1.289999962,0,0,0,0,0,0,1,0,0,0,0,0
3037,125,0,0,0,0,1,0.649999976,1.049999952,1.169999957,1.289999962,1,0,0,0,0,0,0,0,0,0,0,0
3038,125,0,0,0,0,1,0.680000007,0.889999986,1.25,0.889999986,0,0,0,0,0,0,0,0,0,0,0,1
3039,125,0,0,0,0,1,0.680000007,1.190000057,1.089999914,0.889999986,0,0,0,0,0,0,1,0,0,0,0,0
3040,125,0,0,0,0,1,0.680000007,1.190000057,1.25,0.889999986,0,0,0,0,0,0,0,0,0,0,0,0
3041,125,0,0,0,0,1,0.720000029,1.089999914,1.039999962,0.99000001,0,0,0,0,0,0,0,0,0,0,0,0
3042,125,0,0,0,0,1,0.649999976,1.049999952,0.99000001,0.99000001,0,0,0,1,0,0,0,0,0,0,0,0
3043,125,1,0,0,0,1,0.680000007,1.089999914,1.25,1.289999962,0,0,0,0,0,0,0,0,0,0,0,0
3044,126,0,0,0,0,1,0.5,0.889999986,0.99000001,0.789999962,0,0,0,0,0,0,0,0,0,0,0,0
3045,126,0,0,0,0,1,0.649999976,0.889999986,0.99000001,0.889999986,0,0,0,1,0,0,0,0,0,0,0,0
3046,126,0,0,0,0,1,0.649999976,0.889999986,0.889999986,1.049999952,0,0,1,0,0,0,0,0,0,0,0,0
3047,126,0,0,0,0,1,0.649999976,0.889999986,0.99000001,0.949999988,0,0,0,0,0,0,0,0,0,0,0,0
3048,126,0,0,0,0,1,0.649999976,0.789999962,1.049999952,0.889999986,0,0,0,0,0,0,0,0,0,0,0,1
3049,126,0,0,0,0,1,0.649999976,0.889999986,1.019999981,1.049999952,0,0,0,0,0,0,0,0,0,0,0,0
3050,126,0,0,0,0,1,0.649999976,0.889999986,1.019999981,0.889999986,0,0,0,1,0,0,0,0,0,0,0,0
3051,126,0,0,0,0,1,0.649999976,0.689999998,1.070000052,1.149999976,0,0,1,0,0,0,0,0,0,1,0,0
3052,126,0,0,0,0,1,0.599999964,0.889999986,1.149999976,0.99000001,0,0,0,1,0,0,0,0,0,0,0,0
3053,126,0,0,0,0,1,0.599999964,0.970000029,1.149999976,0.99000001,0,0,0,1,0,0,0,0,0,0,0,0
3054,126,0,0,0,0,1,0.599999964,0.970000029,1.149999976,0.99000001,0,0,0,1,0,0,0,0,0,0,0,0
3055,126,0,0,0,0,1,0.599999964,0.970000029,1.149999976,1.089999914,1,0,0,0,0,0,0,0,0,0,0,0
3056,126,0,0,0,0,1,0.599999964,0.970000029,0.99000001,1.25,0,0,0,0,0,0,0,0,0,0,1,0
3057,126,0,0,0,0,1,0.599999964,0.970000029,1.25,1.089999914,0,0,1,0,0,0,0,0,0,0,0,0
3058,126,0,0,0,0,1,0.599999964,0.970000029,1.089999914,1.089999914,0,0,0,0,0,0,0,1,0,0,0,0
3059,126,0,0,0,0,1,0.649999976,1.049999952,1.25,0.99000001,0,0,0,0,0,0,0,0,0,0,0,1
3060,126,0,0,0,0,1,0.589999914,1.049999952,1.25,0.99000001,0,0,0,1,0,0,0,0,0,0,0,0
3061,126,0,0,0,0,1,0.589999914,1.049999952,1.289999962,0.99000001,0,0,0,0,0,0,0,0,0,0,0,1
3062,126,1,0,0,0,1,0.959999979,1.289999962,1.039999962,1.179999828,1,0,0,0,0,0,0,0,0,0,0,0
3063,127,0,0,0,0,1,0.680000007,0.730000019,0.930000007,0.689999998,0,0,0,0,0,0,0,0,0,0,0,0
3064,127,0,0,0,0,1,0.709999979,0.689999998,0.879999995,1.199999928,0,0,0,1,0,0,0,0,0,0,0,0
3065,127,0,0,0,0,1,0.680000007,0.849999964,0.879999995,1.029999971,0,1,0,0,0,0,0,0,0,0,0,0
3066,127,0,0,0,0,1,0.680000007,0.849999964,1.079999924,0.889999986,0,1,0,1,0,0,0,0,0,0,0,0
3067,127,0,0,1,0,0,0.680000007,0.980000019,1.079999924,1.059999824,0,1,0,0,0,0,0,0,0,0,0,0
3068,127,0,0,0,0,1,0.680000007,0.99000001,1.079999924,0.889999986,0,0,0,0,0,0,0,1,0,0,0,0
3069,127,0,0,0,0,1,0.779999912,0.889999986,1.089999914,1.190000057,0,0,0,0,0,0,0,0,0,0,0,0
3070,127,0,0,0,0,1,0.779999912,0.980000019,1.190000057,0.99000001,0,0,0,0,0,0,0,0,0,0,0,0
3071,127,0,0,0,0,1,0.779999912,0.980000019,1.190000057,0.99000001,0,0,0,0,0,0,0,0,0,0,0,0
3072,127,0,0,0,0,1,0.579999924,0.930000007,1.089999914,0.980000019,0,0,0,1,0,0,0,0,0,0,0,0
3073,127,0,0,0,0,1,0.639999986,0.980000019,1.209999919,1.190000057,1,0,0,1,0,0,0,0,0,0,0,0
3074,127,0,1,0,0,0,0.889999986,0.980000019,1.190000057,1.289999962,0,0,0,0,0,0,0,0,0,0,0,0
3075,127,0,0,0,0,1,0.779999912,0.789999962,1.209999919,1.089999914,0,0,0,0,0,1,0,0,0,0,0,0
3076,127,0,0,0,0,1,0.930000007,1.089999914,1.209999919,1.289999962,0,0,0,1,0,0,0,0,0,0,0,0
3077,127,0,0,0,0,1,0.649999976,1.049999952,1.25,0.99000001,0,0,0,1,0,0,0,0,0,0,0,0
3078,127,0,0,0,0,1,0.819999933,0.949999988,1.209999919,0.99000001,0,0,0,0,0,0,0,0,0,0,0,0
3079,127,0,0,0,0,1,0.680000007,0.930000007,1.119999886,0.980000019,1,0,0,0,0,0,0,0,0,0,0,0
3080,127,1,0,0,0,1,0.579999924,1.23999989,1.049999952,0.980000019,0,0,0,1,0,0,0,0,0,0,0,0
3081,128,0,1,0,0,0,0.549999952,0.689999998,0.879999995,0.889999986,0,0,0,0,0,0,0,0,0,0,0,0
3082,128,0,0,1,0,0,0.609999955,0.889999986,0.889999986,0.99000001,0,0,0,1,0,0,0,0,0,0,1,0
3083,128,0,1,0,0,0,0.549999952,0.789999962,1.089999914,1.089999914,0,0,0,0,0,0,0,0,0,0,0,0
3084,128,0,1,0,0,0,0.549999952,1.029999971,1.089999914,0.889999986,0,0,0,0,0,0,0,0,0,0,0,0
3085,128,0,1,0,0,0,0.549999952,0.980000019,1.089999914,0.889999986,0,0,0,0,0,0,0,0,0,0,0,0
3086,128,0,1,0,0,0,0.549999952,0.99000001,1.190000057,0.99000001,0,0,0,0,0,0,0,0,0,0,0,0
3087,128,0,1,0,0,0,0.549999952,1.089999914,1.190000057,0.99000001,0,0,0,0,0,0,0,0,0,0,0,0
3088,128,0,1,0,0,0,0.549999952,0.980000019,1.190000057,0.99000001,0,0,0,0,0,0,0,0,0,0,0,0
3089,128,0,1,0,0,0,0.549999952,0.980000019,1.190000057,0.99000001,0,0,0,0,0,0,0,0,0,0,0,0
3090,128,0,1,0,0,0,0.549999952,1.089999914,1.089999914,1.289999962,0,0,0,1,0,0,0,0,0,0,0,0
3091,128,0,1,0,0,0,0.549999952,0.980000019,1.089999914,1.289999962,0,0,0,0,0,0,0,0,0,0,0,0
3092,128,0,1,0,0,0,0.549999952,0.980000019,1.209999919,1.190000057,0,0,0,0,0,0,0,1,0,0,0,0
3093,128,0,1,0,0,0,0.549999952,0.980000019,1.209999919,1.190000057,0,0,0,0,0,0,0,0,0,0,0,0
3094,128,0,1,0,0,0,0.549999952,0.789999962,1.209999919,1.089999914,0,0,0,0,0,0,0,0,0,0,0,0
3095,128,0,1,0,0,0,0.589999914,1.089999914,1.209999919,1.190000057,0,0,0,1,0,0,0,0,0,0,0,0
3096,128,0,1,0,0,0,0.589999914,1.089999914,1.089999914,1.089999914,0,0,0,1,0,0,0,0,0,0,0,0
3097,128,0,1,0,0,0,0.589999914,0.980000019,1.129999995,1.109999895,0,0,0,0,0,0,0,0,0,0,0,0
3098,128,0,1,0,0,0,0.589999914,1.089999914,1.089999914,1.089999914,0,0,0,1,0,0,0,0,0,0,0,0
3099,128,0,1,0,0,0,0.589999914,1.089999914,1.209999919,1.089999914,0,0,0,0,0,0,0,0,0,0,0,0
3100,128,0,1,0,0,0,0.589999914,0.889999986,1.199999928,1.289999962,0,1,0,1,0,0,0,0,0,0,1,0
3101,128,0,1,0,0,0,0.589999914,1.089999914,1.089999914,1.289999962,0,0,1,1,0,0,0,0,0,0,0,0
3102,128,0,1,0,0,0,0.589999914,1.049999952,1.25,0.99000001,0,0,0,1,0,0,0,0,0,0,0,0
3103,128,0,1,0,0,0,0.589999914,1.049999952,0.99000001,1.289999962,0,0,0,0,0,0,0,0,0,0,1,0
3104,128,0,1,0,0,0,0.589999914,1.049999952,0.99000001,1.289999962,0,0,0,0,0,0,0,0,0,0,0,0
3105,128,0,1,0,0,0,0.589999914,0.949999988,1.039999962,0.99000001,0,0,0,0,0,0,0,0,0,0,0,0
3106,128,1,1,0,0,0,0.589999914,1.289999962,1.039999962,1.289999962,0,0,0,1,0,0,0,0,0,0,0,0
3107,129,0,1,0,0,0,0.5,0.889999986,0.99000001,0.889999986,0,0,0,0,0,0,0,0,0,0,0,0
3108,129,0,1,0,0,0,0.5,0.889999986,0.99000001,0.889999986,0,0,0,1,0,0,0,0,1,0,0,0
3109,129,0,0,1,0,0,0.5,0.889999986,0.99000001,0.889999986,0,0,0,0,0,0,0,0,1,0,0,0
3110,129,0,0,1,0,0,0.779999912,0.49000001,1.089999914,1.089999914,0,1,0,0,0,0,0,0,0,0,0,0
3111,129,0,0,0,0,1,0.5,0.889999986,1.070000052,1.149999976,0,0,0,0,0,0,0,0,1,0,0,0
3112,129,0,1,0,0,0,0.649999976,0.889999986,1.070000052,1.149999976,0,0,0,0,0,0,0,0,0,0,0,0
3113,129,0,1,0,0,0,0.889999986,1.089999914,1.089999914,1.190000057,0,0,0,0,0,0,0,0,0,0,0,0
3114,129,0,1,0,0,0,0.649999976,0.889999986,0.99000001,1.149999976,0,0,1,0,0,0,0,0,0,0,0,0
3115,129,0,1,0,0,0,0.5,0.889999986,1.149999976,0.99000001,0,0,1,0,1,0,0,0,0,0,0,0
3116,129,0,1,0,0,0,0.549999952,0.99000001,1.190000057,0.99000001,0,0,0,0,0,0,0,0,0,0,0,0
3117,129,0,0,0,0,1,0.649999976,0.889999986,1.149999976,0.99000001,0,0,1,0,0,0,0,0,0,0,0,0
3118,129,0,0,1,0,0,0.649999976,0.970000029,1.070000052,1.149999976,0,0,1,0,0,0,0,0,0,0,0,0
3119,129,0,0,0,0,1,0.649999976,0.879999995,1.149999976,0.99000001,0,0,0,1,0,0,0,0,0,0,0,0
3120,129,0,1,0,0,0,0.649999976,0.879999995,1.149999976,0.99000001,0,0,0,1,0,0,0,0,0,0,0,0
3121,129,0,1,0,0,0,0.889999986,1.089999914,1.089999914,1.289999962,0,0,0,1,0,0,0,0,0,0,0,0
3122,129,0,1,0,0,0,0.889999986,0.980000019,1.089999914,1.289999962,0,0,0,0,0,0,0,0,0,0,0,0
3123,129,0,1,0,0,0,0.689999998,1.089999914,1.089999914,1.289999962,0,0,0,0,0,0,0,0,0,0,0,0
3124,129,0,0,1,0,0,0.779999912,0.789999962,1.190000057,1.289999962,1,1,0,0,0,0,0,0,0,0,0,0
3125,129,0,1,0,0,0,0.889999986,1.089999914,1.190000057,1.289999962,0,0,0,1,0,0,0,0,0,0,0,0
3126,129,0,0,1,0,0,0.779999912,0.789999962,1.209999919,1.089999914,0,1,0,1,0,0,0,0,0,0,0,0
3127,129,0,0,1,0,0,0.779999912,0.789999962,1.209999919,1.089999914,0,1,0,1,0,0,0,0,0,0,0,0
3128,129,0,1,0,0,0,0.889999986,1.089999914,1.209999919,1.089999914,0,0,0,1,0,0,0,0,0,0,0,0
3129,129,0,0,0,0,1,0.930000007,1.089999914,1.199999928,1.089999914,0,0,0,1,0,0,0,0,0,0,0,0
3130,129,0,1,0,0,0,0.649999976,1.049999952,1.25,1.25,0,0,0,0,0,0,0,0,0,0,0,0
3131,129,0,0,0,1,0,0.959999979,1.089999914,1.089999914,1.289999962,0,1,1,1,0,0,0,0,0,0,0,0
3132,129,0,1,0,0,0,0.649999976,1.049999952,1.169999957,0.99000001,1,0,0,1,0,0,0,0,0,0,0,0
3133,129,0,0,0,0,1,0.819999933,0.949999988,1.209999919,0.99000001,0,0,0,1,0,0,0,0,0,0,0,0
3134,129,0,1,0,0,0,0.649999976,1.049999952,0.99000001,1.289999962,0,0,0,0,0,0,1,0,0,0,0,0
3135,129,0,1,0,0,0,0.649999976,1.049999952,0.99000001,1.289999962,0,0,0,0,0,0,1,0,0,0,0,0
3136,129,0,1,0,0,0,0.789999962,1.089999914,1.039999962,0.99000001,0,0,0,0,0,0,0,0,0,0,0,0
3137,129,0,1,0,0,0,0.789999962,0.949999988,1.039999962,0.99000001,0,0,0,0,0,0,0,0,0,0,0,0
3138,129,1,1,0,0,0,0.579999924,1.23999989,1.049999952,0.980000019,1,0,0,0,0,0,0,0,0,0,0,0
3139,130,0,0,1,0,0,0.709999979,1.00999999,0.879999995,0.889999986,0,0,0,0,0,0,0,0,0,0,0,0
3140,130,0,0,0,1,0,0.709999979,0.980000019,0.99000001,1.089999914,0,1,0,1,0,0,0,0,0,0,0,0
3141,130,0,0,0,1,0,0.709999979,0.99000001,0.99000001,1.089999914,0,0,0,1,0,0,0,0,0,0,0,0
3142,130,0,0,1,0,0,0.709999979,0.99000001,1.089999914,0.99000001,0,0,0,1,0,0,0,0,0,0,0,0
3143,130,0,0,0,0,1,0.779999912,0.789999962,1.049999952,1.089999914,0,1,0,0,0,0,0,0,0,0,0,0
3144,130,0,0,0,0,1,0.779999912,1.029999971,1.089999914,0.889999986,0,0,0,0,0,0,0,0,0,0,0,0
3145,130,0,0,1,0,0,0.639999986,1.089999914,1.089999914,1.190000057,0,0,0,0,0,0,0,0,0,0,0,0
3146,130,0,0,1,0,0,0.779999912,1.089999914,1.089999914,1.190000057,0,0,0,0,0,0,0,0,0,0,0,0
3147,130,0,0,0,0,1,0.709999979,1.089999914,1.190000057,0.99000001,0,0,0,0,0,0,0,0,0,0,0,0
3148,130,0,0,0,0,1,0.709999979,1.089999914,1.190000057,0.99000001,0,0,0,0,0,0,0,0,0,0,0,0
3149,130,0,0,0,0,1,0.779999912,1.089999914,1.089999914,1.190000057,0,0,0,0,0,0,0,0,0,0,0,0
3150,130,0,0,0,0,1,0.839999914,0.889999986,1.089999914,1.190000057,0,0,0,0,0,0,0,0,0,0,0,0
3151,130,0,1,0,0,0,0.889999986,0.889999986,1.089999914,1.190000057,0,0,0,0,0,0,0,0,0,0,0,0
3152,130,0,0,0,0,1,0.779999912,1.089999914,1.190000057,0.99000001,0,0,0,0,0,0,0,0,0,0,0,0
3153,130,0,0,0,0,1,0.779999912,1.089999914,1.089999914,1.289999962,0,0,0,1,0,0,0,0,0,0,0,0
3154,130,0,0,0,0,1,0.639999986,1.089999914,1.209999919,1.289999962,1,0,0,0,0,0,0,1,0,0,0,0
3155,130,0,0,0,0,1,0.639999986,0.789999962,1.209999919,1.190000057,1,1,0,0,0,0,0,0,0,0,0,0
3156,130,0,0,0,1,0,0.639999986,0.789999962,1.209999919,1.190000057,0,0,0,0,0,0,0,0,0,0,0,0
3157,130,0,0,0,0,1,0.779999912,1.089999914,1.190000057,1.289999962,0,0,0,1,0,0,0,0,0,0,0,0
3158,130,0,1,0,0,0,0.549999952,1.089999914,1.209999919,1.089999914,0,0,0,1,0,0,0,0,0,0,0,0
3159,130,0,0,0,0,1,0.779999912,0.789999962,1.209999919,1.089999914,0,1,0,1,0,0,0,0,0,0,0,0
3160,130,0,0,0,0,1,0.789999962,1.089999914,1.209999919,1.289999962,0,0,0,1,0,0,0,0,0,0,0,0
3161,130,0,0,1,0,0,0.789999962,1.089999914,1.129999995,1.109999895,0,0,0,0,0,0,0,0,0,0,0,0
3162,130,0,0,1,0,0,0.930000007,1.089999914,1.23999989,1.289999962,0,0,0,1,0,0,0,0,0,0,0,0
3163,130,0,0,0,0,1,0.920000017,1.089999914,1.209999919,1.089999914,0,0,0,0,0,0,0,0,0,0,0,0
3164,130,0,0,0,1,0,0.959999979,0.889999986,1.089999914,1.289999962,0,1,0,1,0,0,0,0,0,0,1,0
3165,130,0,0,0,1,0,0.959999979,1.089999914,1.089999914,1.289999962,0,1,1,1,0,0,0,0,0,0,0,0
3166,130,0,0,0,0,1,0.819999933,0.949999988,1.25,0.99000001,0,0,0,1,0,0,0,0,0,0,0,0
3167,130,0,0,0,0,1,0.819999933,0.949999988,1.209999919,0.99000001,0,0,0,0,0,0,0,0,0,0,0,0
3168,130,0,0,0,1,0,0.789999962,1.089999914,1.089999914,1.289999962,0,0,0,0,0,0,0,0,0,0,0,0
3169,130,0,0,0,0,1,0.720000029,1.089999914,1.039999962,0.99000001,0,0,0,0,0,0,0,0,0,0,0,0
3170,130,1,0,0,1,0,0.959999979,1.289999962,1.039999962,1.289999962,0,0,0,0,0,0,0,0,0,0,0,0
3171,131,0,0,0,0,1,0.649999976,0.889999986,0.99000001,0.889999986,0,0,0,0,0,0,0,0,0,0,0,0
3172,131,0,0,0,0,1,0.649999976,0.889999986,1.049999952,0.889999986,0,0,0,0,0,0,0,1,0,0,0,0
3173,131,0,0,0,0,1,0.649999976,0.889999986,1.019999981,1.049999952,0,0,0,1,0,0,0,0,0,0,0,0
3174,131,0,0,1,0,0,0.49000001,0.789999962,1.019999981,0.889999986,0,0,0,0,0,0,0,0,0,1,0,1
3175,131,0,1,0,0,0,0.670000017,0.889999986,1.019999981,1.149999976,0,0,0,0,0,0,0,0,0,0,0,0
3176,131,0,0,0,0,1,0.649999976,0.889999986,1.070000052,1.149999976,0,0,0,0,0,0,0,0,0,0,0,0
3177,131,0,0,1,0,0,0.649999976,0.689999998,1.070000052,1.149999976,0,0,0,0,0,1,0,0,0,0,0,0
3178,131,0,0,1,0,0,0.649999976,0.889999986,0.99000001,1.149999976,0,0,0,0,0,0,0,0,0,0,1,0
3179,131,0,0,0,1,0,0.649999976,0.889999986,1.149999976,0.99000001,0,0,1,0,0,0,0,0,0,0,0,0
3180,131,0,0,1,0,0,0.49000001,0.970000029,1.089999914,1.149999976,0,0,1,0,0,0,0,0,0,0,0,0
3181,131,0,0,1,0,0,0.649999976,0.789999962,1.149999976,0.99000001,0,0,0,1,0,0,0,0,0,0,0,0
3182,131,0,0,1,0,0,0.649999976,0.789999962,1.149999976,1.25,0,0,0,1,0,0,0,0,0,0,0,0
3183,131,0,0,1,0,0,0.649999976,0.789999962,1.149999976,1.25,0,0,0,0,0,0,0,0,0,0,0,0
3184,131,0,0,1,0,0,0.589999914,0.789999962,1.149999976,1.089999914,0,0,0,0,0,0,0,0,1,0,0,1
3185,131,0,0,1,0,0,0.649999976,0.789999962,1.25,1.089999914,0,0,0,1,0,0,0,0,0,0,0,0
3186,131,0,0,1,0,0,0.649999976,0.970000029,1.25,1.089999914,0,0,0,0,0,0,0,0,0,0,0,1
3187,131,0,0,1,0,0,0.649999976,0.970000029,1.25,1.25,0,0,0,1,0,0,0,0,0,0,0,0
3188,131,0,0,1,0,0,0.649999976,0.970000029,1.25,1.089999914,0,0,0,0,0,0,0,1,0,0,0,0
3189,131,0,0,1,0,0,0.5,0.970000029,1.169999957,1.089999914,0,0,0,1,0,0,0,0,1,0,0,0
3190,131,0,0,1,0,0,0.649999976,0.970000029,1.25,1.25,0,0,0,1,0,0,0,0,0,0,0,0
3191,131,0,0,1,0,0,0.649999976,0.970000029,1.25,1.25,0,0,0,0,0,0,0,0,0,0,0,0
3192,131,0,0,1,0,0,0.649999976,1.049999952,1.25,0.99000001,0,0,0,1,0,0,0,0,0,0,0,0
3193,131,0,0,1,0,0,0.649999976,1.049999952,1.25,0.99000001,0,0,0,0,0,0,0,0,0,0,0,1
3194,131,0,0,1,0,0,0.649999976,1.049999952,1.25,0.99000001,1,0,0,1,0,0,0,0,0,0,0,0
3195,131,0,0,0,0,1,0.649999976,1.049999952,1.25,0.99000001,1,0,0,1,0,0,0,0,0,0,0,0
3196,131,0,0,1,0,0,0.649999976,1.049999952,1.169999957,1.289999962,1,0,0,1,0,0,0,0,0,0,0,0
3197,131,0,0,1,0,0,0.649999976,1.049999952,1.169999957,1.289999962,1,0,0,1,0,0,0,0,0,0,0,0
3198,131,0,0,1,0,0,0.649999976,1.049999952,1.169999957,0.99000001,1,0,0,1,0,0,0,0,0,0,0,0
3199,131,0,0,1,0,0,0.649999976,1.049999952,0.99000001,0.99000001,0,0,0,1,0,0,0,0,0,0,0,0
3200,131,1,0,1,0,0,0.649999976,1.049999952,0.99000001,0.99000001,0,0,0,1,0,0,0,0,0,0,0,0
3201,132,0,0,0,0,1,0.709999979,0.980000019,0.99000001,1.089999914,0,0,0,0,0,0,0,0,0,0,0,0
3202,132,0,0,1,0,0,0.649999976,0.889999986,0.889999986,1.049999952,0,0,1,0,0,0,0,0,0,0,0,0
3203,132,0,0,0,1,0,0.779999912,0.789999962,1.049999952,1.089999914,0,1,0,0,0,0,0,0,0,0,0,0
3204,132,0,0,0,1,0,0.639999986,1.029999971,1.089999914,1.190000057,0,0,0,0,0,0,0,0,0,0,0,0
3205,132,0,1,0,0,0,0.789999962,0.99000001,1.190000057,0.99000001,0,0,0,0,0,0,0,0,0,0,0,0
3206,132,0,1,0,0,0,0.889999986,0.889999986,1.190000057,0.99000001,0,0,0,0,0,0,0,0,0,0,0,0
3207,132,0,1,0,0,0,0.889999986,1.089999914,1.089999914,1.289999962,0,0,0,1,0,0,0,0,0,0,0,0
3208,132,0,1,0,0,0,0.649999976,0.879999995,1.25,1.25,1,0,0,0,0,0,0,0,0,0,0,0
3209,132,0,1,0,0,0,0.549999952,1.089999914,1.209999919,1.089999914,0,0,0,1,0,0,0,0,0,0,0,0
3210,132,0,1,0,0,0,0.889999986,0.789999962,1.209999919,1.089999914,0,1,0,1,0,0,0,0,0,0,0,0
3211,132,0,0,0,1,0,0.599999964,0.970000029,1.25,1.25,0,0,0,0,0,0,0,0,0,0,0,0
3212,132,0,1,0,0,0,0.589999914,1.089999914,1.209999919,1.289999962,0,0,0,1,0,0,0,0,0,0,0,0
3213,132,0,0,0,1,0,0.579999924,0.930000007,1.079999924,1.079999924,0,0,1,0,0,0,0,0,0,0,0,0
3214,132,0,1,0,0,0,0.589999914,1.089999914,1.209999919,1.089999914,0,0,0,0,0,0,0,0,0,0,0,0
3215,132,0,1,0,0,0,0.589999914,1.089999914,1.209999919,1.089999914,0,0,0,0,0,0,0,0,0,0,0,0
3216,132,0,0,0,1,0,0.959999979,1.089999914,1.089999914,1.289999962,0,1,1,1,0,0,0,0,0,0,0,0
3217,132,0,0,0,1,0,0.959999979,1.089999914,1.089999914,1.289999962,0,0,1,0,0,0,0,0,0,0,0,0
3218,132,0,0,0,0,1,0.819999933,0.949999988,1.25,0.99000001,0,0,0,1,0,0,0,0,0,0,0,0
3219,132,0,0,0,0,1,0.789999962,1.089999914,1.089999914,1.289999962,0,0,0,0,0,0,0,0,0,0,0,0
3220,132,0,0,0,1,0,0.720000029,1.089999914,1.209999919,1.289999962,0,0,0,0,0,0,0,0,0,0,0,0
3221,132,0,1,0,0,0,1.149999976,1.289999962,1.039999962,1.289999962,0,0,0,0,0,0,0,0,0,0,0,0
3222,132,1,0,0,1,0,0.959999979,1.289999962,1.039999962,1.2299999,1,0,0,0,0,0,0,0,0,0,0,0
3223,133,0,0,1,0,0,0.589999914,0.579999924,0.879999995,0.879999995,0,0,0,0,0,0,0,0,0,0,0,0
3224,133,0,0,0,0,1,0.589999914,0.779999912,0.879999995,0.879999995,0,1,0,1,0,0,0,0,0,0,0,0
3225,133,0,0,0,0,1,0.589999914,0.920000017,0.980000019,0.879999995,0,1,0,0,0,0,0,0,0,0,0,0
3226,133,0,0,1,0,0,0.779999912,0.49000001,1.089999914,1.089999914,0,1,0,0,0,0,0,0,0,0,0,0
3227,133,0,0,0,0,1,0.609999955,0.689999998,1.089999914,0.889999986,0,1,0,1,0,0,0,0,0,0,0,0
3228,133,0,0,1,0,0,0.779999912,0.789999962,1.089999914,0.889999986,0,1,0,0,0,0,0,0,0,0,0,0
3229,133,0,0,1,0,0,0.529999912,0.889999986,1.089999914,1.190000057,0,0,0,1,1,0,0,0,0,0,0,0
3230,133,0,0,0,1,0,0.579999924,0.930000007,0.99000001,0.980000019,0,0,0,1,0,0,0,0,0,0,0,0
3231,133,0,0,0,0,1,0.609999955,0.970000029,1.149999976,0.99000001,0,0,0,0,0,0,0,0,0,0,0,0
3232,133,0,0,0,0,1,0.579999924,0.930000007,1.089999914,0.980000019,0,0,1,0,0,0,0,0,0,0,0,0
3233,133,0,0,0,1,0,0.579999924,0.879999995,1.089999914,1.190000057,0,1,0,1,0,0,0,0,0,0,0,0
3234,133,0,0,1,0,0,0.579999924,0.879999995,1.089999914,1.049999952,0,1,0,0,0,0,0,0,0,0,0,0
3235,133,0,0,0,0,1,0.609999955,0.970000029,1.25,1.089999914,0,0,0,1,0,0,0,0,0,0,0,0
3236,133,0,0,1,0,0,0.579999924,0.879999995,1.089999914,1.079999924,0,1,0,0,0,0,0,0,0,0,0,0
3237,133,0,0,0,0,1,0.579999924,0.879999995,0.980000019,0.980000019,0,1,0,1,0,0,0,0,0,0,0,0
3238,133,0,0,0,1,0,0.579999924,0.879999995,0.980000019,1.079999924,0,0,1,0,0,0,0,0,0,0,0,1
3239,133,0,0,0,0,1,0.579999924,0.879999995,1.190000057,1.079999924,0,0,1,1,0,0,0,0,0,0,0,0
3240,133,0,0,0,0,1,0.579999924,0.930000007,1.190000057,1.079999924,0,0,0,0,0,0,0,0,0,0,0,0
3241,133,0,0,0,1,0,0.579999924,0.930000007,1.079999924,1.079999924,0,0,0,0,0,0,0,0,0,0,0,0
3242,133,0,1,0,0,0,0.649999976,1.089999914,1.289999962,1.25,0,0,0,0,0,0,0,0,0,0,0,0
3243,133,0,1,0,0,0,0.589999914,1.089999914,1.209999919,1.089999914,0,0,0,0,0,0,0,0,0,0,0,0
3244,133,0,0,0,0,1,0.859999955,0.889999986,1.209999919,0.99000001,0,0,0,1,0,1,0,0,0,0,0,0
3245,133,0,0,0,0,1,0.579999924,0.930000007,1.119999886,0.980000019,0,0,1,1,0,0,0,0,0,0,0,0
3246,133,0,0,0,0,1,0.629999995,0.930000007,1.119999886,0.980000019,1,0,0,0,0,0,0,1,0,0,0,0
3247,133,0,0,0,0,1,0.639999986,0.930000007,1.119999886,1.190000057,0,0,0,0,0,0,0,0,0,0,0,0
3248,133,0,1,0,0,0,0.379999995,1.23999989,1.049999952,0.980000019,0,0,0,0,0,0,0,0,1,0,0,0
3249,133,1,1,0,0,0,0.579999924,1.23999989,1.049999952,0.980000019,1,0,0,0,0,0,0,0,0,0,0,0
3250,134,0,0,0,0,1,0.689999998,0.789999962,0.99000001,0.689999998,0,0,0,0,0,0,0,0,0,0,0,0
3251,134,0,0,0,0,1,0.689999998,0.789999962,0.99000001,1.129999995,0,0,1,1,0,0,0,0,0,0,0,0
3252,134,0,0,0,0,1,0.689999998,0.889999986,0.99000001,0.889999986,0,0,0,1,0,0,0,0,0,0,0,0
3253,134,0,0,0,0,1,0.689999998,0.889999986,0.99000001,1.029999971,0,0,0,1,0,0,0,0,0,0,0,0
3254,134,0,0,0,0,1,0.689999998,0.789999962,1.25,0.789999962,0,1,0,0,0,0,0,0,0,0,0,1
3255,134,0,0,0,0,1,0.689999998,0.789999962,1.089999914,1.2299999,0,0,0,1,0,0,0,0,0,0,0,0
3256,134,0,0,0,0,1,0.689999998,0.789999962,1.25,0.99000001,1,0,0,1,0,0,0,0,0,0,0,0
3257,134,0,0,0,0,1,0.649999976,0.789999962,1.149999976,0.99000001,0,0,0,0,0,0,0,0,0,0,0,0
3258,134,0,0,0,0,1,0.649999976,0.789999962,1.349999905,1.089999914,0,1,0,1,0,0,0,0,0,0,0,0
3259,134,0,0,0,0,1,0.75,0.789999962,1.349999905,1.289999962,0,1,0,0,0,0,0,0,0,0,0,0
3260,134,0,0,0,0,1,0.759999931,0.789999962,1.349999905,0.899999976,0,1,0,0,0,0,0,0,0,0,0,1
3261,134,0,0,0,0,1,0.730000019,1.089999914,1.190000057,1.149999976,0,0,0,0,0,0,1,0,0,0,0,0
3262,134,0,0,0,0,1,0.889999986,0.99000001,1.349999905,1.089999914,0,0,0,0,0,1,0,0,0,0,0,0
3263,134,1,0,0,0,1,0.720000029,0.949999988,1.039999962,0.99000001,1,0,0,0,0,0,0,0,0,0,0,0
3264,135,0,0,0,0,1,0.5,0.889999986,0.889999986,1.049999952,0,0,0,0,0,0,0,0,0,0,0,0
3265,135,0,0,0,0,1,0.5,0.889999986,0.99000001,0.889999986,0,0,0,1,0,0,0,0,1,0,0,0
3266,135,0,0,0,0,1,0.649999976,0.889999986,0.99000001,1.049999952,0,0,0,0,0,0,0,0,0,0,0,0
3267,135,0,0,0,0,1,0.649999976,0.789999962,1.049999952,0.889999986,0,1,0,0,0,0,0,0,0,0,0,1
3268,135,0,0,0,0,1,0.5,0.889999986,1.019999981,1.690000057,0,0,0,1,0,0,0,0,1,0,0,0
3269,135,0,1,0,0,0,0.649999976,0.889999986,1.070000052,1.149999976,0,0,0,0,0,0,0,0,0,0,0,0
3270,135,0,0,0,0,1,0.680000007,0.959999979,1.190000057,1.190000057,0,0,0,0,0,0,0,0,0,0,0,0
3271,135,0,0,0,0,1,0.599999964,0.789999962,0.99000001,1.149999976,0,0,0,1,0,1,1,0,0,0,0,0
3272,135,0,0,0,0,1,0.599999964,0.970000029,1.149999976,1.089999914,1,0,0,0,0,0,0,0,0,0,0,0
3273,135,0,0,0,0,1,0.599999964,0.970000029,1.25,0.74000001,0,0,1,0,0,0,0,0,0,0,0,0
3274,135,0,0,0,0,1,0.599999964,0.970000029,1.25,1.25,0,0,0,0,0,0,0,0,0,0,0,0
3275,135,0,0,0,0,1,0.599999964,0.970000029,1.25,1.25,0,0,0,0,0,0,0,0,0,0,0,0
3276,135,0,0,0,0,1,0.649999976,1.049999952,1.25,0.99000001,1,0,0,1,0,0,0,0,0,0,0,0
3277,135,0,0,0,0,1,0.649999976,1.049999952,1.25,0.99000001,0,0,0,1,0,0,0,0,0,0,0,0
3278,135,1,0,0,0,1,0.589999914,1.049999952,1.289999962,1.289999962,0,0,0,0,0,0,0,0,0,0,0,0
3279,136,0,1,0,0,0,0.789999962,0.980000019,0.99000001,1.089999914,0,0,0,0,0,0,0,0,0,0,0,0
3280,136,0,1,0,0,0,0.549999952,0.99000001,0.99000001,1.089999914,0,0,0,1,0,0,0,0,0,0,0,0
3281,136,0,1,0,0,0,0.549999952,0.99000001,1.089999914,0.99000001,0,0,0,0,0,0,0,0,0,0,0,0
3282,136,0,0,1,0,0,0.779999912,0.49000001,1.089999914,1.089999914,0,1,0,0,0,0,0,0,0,0,0,0
3283,136,0,1,0,0,0,0.549999952,0.789999962,1.049999952,1.089999914,0,1,0,0,0,0,0,0,0,0,0,0
3284,136,0,1,0,0,0,0.549999952,1.029999971,1.089999914,0.889999986,0,0,0,0,0,0,0,0,0,0,0,0
3285,136,0,1,0,0,0,0.549999952,0.99000001,1.190000057,0.99000001,0,0,0,0,0,0,0,0,0,0,0,0
3286,136,0,1,0,0,0,0.549999952,0.889999986,1.089999914,1.190000057,0,0,0,0,0,0,0,0,0,0,0,0
3287,136,0,1,0,0,0,0.549999952,0.889999986,1.190000057,0.99000001,0,0,0,0,0,0,0,0,0,0,0,0
3288,136,0,1,0,0,0,0.549999952,1.089999914,1.190000057,0.99000001,0,0,0,0,0,0,0,0,0,0,0,0
3289,136,0,1,0,0,0,0.649999976,0.779999912,1.349999905,1.039999962,1,0,0,0,0,0,0,0,0,0,0,0
3290,136,0,1,0,0,0,0.589999914,1.089999914,1.169999957,1.289999962,0,0,0,0,0,0,0,0,0,0,0,0
3291,136,0,1,0,0,0,0.589999914,1.089999914,1.219999909,1.289999962,0,0,0,0,0,0,0,0,0,0,0,0
3292,136,1,1,0,0,0,0.589999914,1.289999962,1.039999962,1.2299999,0,0,0,0,0,0,0,0,0,0,0,0
