OBS,HOUSEHOLDID,LASTPURCHASE,HEINZ,HUNTS,PRICEHEINZ,PRICEHUNTS,DISPLHEINZ,DISPLHUNTS,FEATHEINZ,FEATHUNTS,FEATDISPLHEINZ,FEATDISPLHUNTS
1,1,0,1,0,0.052000001,0.034000002,0,0,0,0,0,0
2,1,0,1,0,0.052000001,0.044,0,0,0,0,0,0
3,1,0,1,0,0.046,0.048,0,0,1,0,0,0
4,1,0,1,0,0.052000001,0.034000002,0,0,0,0,0,0
5,1,0,1,0,0.046,0.048,0,0,1,0,0,0
6,1,0,1,0,0.046999998,0.029999999,0,0,0,0,0,0
7,1,0,1,0,0.046,0.041000001,0,0,0,0,0,1
8,1,0,1,0,0.046,0.030999999,0,0,0,0,0,0
9,1,0,1,0,0.046999998,0.030999999,0,0,0,0,0,0
10,1,0,1,0,0.050000001,0.028000001,0,1,0,0,0,0
11,1,0,1,0,0.050000001,0.041000001,0,0,0,0,0,0
12,1,0,1,0,0.050000001,0.034000002,0,0,0,0,0,0
13,1,0,1,0,0.052999999,0.037,0,0,0,0,0,0
14,1,1,1,0,0.035999998,0.037,1,0,0,0,0,0
15,2,0,1,0,0.052000001,0.037,0,0,0,0,0,0
16,2,0,1,0,0.030999999,0.034000002,0,0,0,0,0,0
17,2,0,1,0,0.017999999,0.034000002,0,0,0,0,0,0
18,2,0,1,0,0.041999999,0.035,0,0,1,0,0,0
19,2,0,1,0,0.050000001,0.030999999,0,0,0,0,0,0
20,2,0,1,0,0.043000001,0.034000002,0,0,0,0,0,0
21,2,1,1,0,0.039000001,0.037,0,0,0,0,0,0
22,3,0,1,0,0.028000001,0.035999998,0,0,0,0,0,0
23,3,0,1,0,0.037,0.034000002,0,0,0,0,0,0
24,3,0,1,0,0.028000001,0.037,0,0,0,0,0,0
25,3,0,1,0,0.037,0.035,0,0,0,0,0,0
26,3,0,1,0,0.039000001,0.034000002,1,0,0,0,0,0
27,3,0,1,0,0.030999999,0.034000002,1,0,0,0,0,0
28,3,0,1,0,0.029999999,0.028000001,0,0,1,0,0,0
29,3,0,1,0,0.029999999,0.029999999,0,0,0,0,0,0
30,3,0,1,0,0.039000001,0.029999999,0,0,1,0,0,0
31,3,0,1,0,0.034000002,0.029999999,0,0,0,0,0,0
32,3,0,1,0,0.030999999,0.030999999,1,0,0,0,0,0
33,3,0,1,0,0.030999999,0.030999999,1,0,0,0,0,0
34,3,0,1,0,0.034000002,0.030999999,0,0,0,0,0,0
35,3,0,1,0,0.034000002,0.028999999,0,0,0,0,0,0
36,3,0,1,0,0.034000002,0.034000002,0,0,0,0,0,0
37,3,0,1,0,0.037,0.034000002,0,0,0,0,0,0
38,3,0,1,0,0.030999999,0.034000002,1,0,0,0,0,0
39,3,0,1,0,0.037,0.034000002,0,0,0,0,0,0
40,3,0,1,0,0.037,0.034000002,0,0,0,0,0,0
41,3,1,1,0,0.035999998,0.037,0,0,0,0,0,0
42,4,0,1,0,0.028000001,0.035,0,0,0,0,0,0
43,4,0,1,0,0.041999999,0.034000002,0,0,0,0,0,0
44,4,0,1,0,0.035,0.029999999,1,0,0,0,0,0
45,4,0,1,0,0.034000002,0.030999999,0,0,0,0,0,0
46,4,0,1,0,0.039000001,0.030999999,1,0,0,0,0,0
47,4,0,1,0,0.034000002,0.030999999,0,0,0,0,0,0
48,4,0,1,0,0.034000002,0.035,0,0,1,0,0,0
49,4,0,1,0,0.039000001,0.037,1,0,0,0,0,0
50,4,1,1,0,0.032000002,0.041000001,0,0,1,0,0,0
51,5,0,1,0,0.028000001,0.035999998,0,0,0,0,0,0
52,5,0,1,0,0.034000002,0.039000001,0,0,0,0,0,0
53,5,0,1,0,0.029999999,0.028000001,0,0,1,0,0,0
54,5,0,1,0,0.034000002,0.028000001,0,0,0,0,0,0
55,5,1,1,0,0.035,0.029999999,1,0,0,0,0,0
56,6,0,0,1,0.043333334,0.033,0,0,0,0,0,0
57,6,0,1,0,0.034000002,0.037999999,0,0,0,0,0,0
58,6,0,1,0,0.030999999,0.044,0,0,0,0,0,0
59,6,0,1,0,0.030999999,0.037,0,0,0,0,0,0
60,6,0,1,0,0.030999999,0.035999998,0,0,0,1,0,0
61,6,0,0,1,0.034333333,0.035999998,0,0,0,1,0,0
62,6,0,1,0,0.027000001,0.035,0,0,0,1,0,0
63,6,0,1,0,0.034000002,0.033,0,0,0,0,0,0
64,6,0,1,0,0.027000001,0.035,0,0,0,0,0,0
65,6,0,1,0,0.012,0.035,0,0,1,0,0,0
66,6,0,1,0,0.030999999,0.041999999,0,0,0,0,0,0
67,6,0,1,0,0.030999999,0.035,0,0,0,0,0,0
68,6,0,1,0,0.037,0.035,0,0,0,0,0,0
69,6,0,0,1,0.043999999,0.035,0,0,0,0,0,0
70,6,1,1,0,0.015,0.035,0,0,0,0,0,0
71,7,0,1,0,0.029999999,0.028000001,0,1,0,0,0,0
72,7,0,1,0,0.029999999,0.028000001,0,0,1,0,0,0
73,7,0,1,0,0.030999999,0.041999999,0,0,0,0,0,0
74,7,0,0,1,0.045333333,0.025,0,1,0,0,0,0
75,7,1,1,0,0.021,0.034000002,0,0,0,0,0,0
76,8,0,1,0,0.037,0.034000002,0,0,0,0,0,0
77,8,0,1,0,0.034000002,0.037,0,0,0,0,0,0
78,8,0,1,0,0.029999999,0.030999999,0,0,0,0,0,0
79,8,0,1,0,0.029999999,0.029999999,0,0,0,0,0,0
80,8,0,1,0,0.029999999,0.029999999,1,0,0,0,0,0
81,8,0,1,0,0.025,0.030999999,0,0,1,0,0,0
82,8,0,1,0,0.034000002,0.030999999,1,0,0,0,0,0
83,8,0,1,0,0.030999999,0.030999999,0,0,0,0,0,0
84,8,0,1,0,0.034000002,0.034000002,0,0,0,0,0,0
85,8,0,1,0,0.037,0.034000002,0,0,0,0,0,0
86,8,1,1,0,0.037,0.028000001,0,1,0,0,0,0
87,9,0,1,0,0.028000001,0.035999998,0,0,0,0,0,0
88,9,0,1,0,0.017000001,0.035999998,0,0,0,1,0,0
89,9,0,1,0,0.021,0.035,0,0,0,0,0,0
90,9,0,1,0,0.017999999,0.030999999,0,0,0,0,0,0
91,9,0,1,0,0.024,0.035,0,0,1,0,0,0
92,9,0,1,0,0.022,0.030999999,1,0,0,0,0,0
93,9,0,1,0,0.039000001,0.037,1,0,0,0,0,0
94,9,1,1,0,0.022,0.034000002,0,0,0,0,0,0
95,10,0,1,0,0.025,0.034000002,0,0,0,0,0,0
96,10,0,0,1,0.045,0.026000001,0,0,0,0,0,0
97,10,0,1,0,0.039000001,0.034000002,0,0,0,0,1,0
98,10,0,1,0,0.028000001,0.029999999,1,0,0,0,0,0
99,10,0,1,0,0.029999999,0.029999999,0,0,0,0,0,0
100,10,0,1,0,0.034000002,0.030999999,0,0,0,0,0,0
101,10,0,0,1,0.043000002,0.028000001,0,0,0,0,0,0
102,10,0,1,0,0.034000002,0.034000002,0,0,0,0,0,0
103,10,0,0,1,0.043333334,0.029999999,0,0,0,0,0,0
104,10,0,1,0,0.039000001,0.037,0,0,0,0,0,0
105,10,1,1,0,0.035999998,0.037,0,0,0,0,0,0
106,11,0,1,0,0.033,0.048,0,0,0,0,0,0
107,11,0,1,0,0.034000002,0.041000001,0,0,0,0,0,0
108,11,0,1,0,0.034000002,0.045000002,0,0,0,0,0,0
109,11,0,1,0,0.033,0.048,1,0,0,0,0,0
110,11,0,1,0,0.033,0.048,0,0,0,0,0,0
111,11,0,1,0,0.030999999,0.035999998,0,0,0,0,0,0
112,11,0,1,0,0.029999999,0.048,0,0,1,0,0,0
113,11,0,1,0,0.029999999,0.050000001,0,0,0,0,0,0
114,11,0,1,0,0.027000001,0.048999999,0,0,0,0,1,0
115,11,0,1,0,0.029999999,0.086999997,0,0,0,0,0,0
116,11,0,1,0,0.029999999,0.041000001,0,0,0,1,0,0
117,11,0,1,0,0.029999999,0.041000001,0,0,0,1,0,0
118,11,0,1,0,0.012,0.041000001,0,0,1,0,0,0
119,11,0,1,0,0.029999999,0.041000001,0,0,0,0,0,0
120,11,1,1,0,0.029999999,0.041000001,0,0,0,0,0,0
121,12,0,1,0,0.032000002,0.034000002,0,0,0,0,0,0
122,12,0,1,0,0.022,0.034000002,0,0,0,0,0,0
123,12,0,1,0,0.028000001,0.029999999,1,0,0,0,0,0
124,12,0,1,0,0.022,0.030999999,1,0,0,0,0,0
125,12,0,1,0,0.030999999,0.032000002,1,0,0,0,0,0
126,12,0,1,0,0.034000002,0.028000001,0,1,0,0,0,0
127,12,0,1,0,0.030999999,0.034000002,0,0,0,0,0,0
128,12,0,1,0,0.032000002,0.037,0,0,1,0,0,0
129,12,1,1,0,0.030999999,0.037,0,0,0,0,1,0
130,13,0,1,0,0.034000002,0.030999999,0,0,0,0,0,0
131,13,0,1,0,0.015,0.030999999,0,0,0,0,0,0
132,13,0,1,0,0.043000001,0.030999999,1,0,0,0,0,0
133,13,0,1,0,0.029999999,0.028000001,0,0,1,0,0,0
134,13,0,1,0,0.032000002,0.028000001,0,0,1,0,0,0
135,13,0,1,0,0.034000002,0.030999999,0,0,0,0,0,0
136,13,0,1,0,0.034000002,0.030999999,0,0,0,0,0,0
137,13,1,1,0,0.029999999,0.030999999,0,0,0,0,0,0
138,14,0,1,0,0.028999999,0.041000001,0,0,0,0,0,0
139,14,0,1,0,0.034000002,0.041000001,0,0,0,0,0,0
140,14,0,1,0,0.034000002,0.045000002,0,0,0,0,0,0
141,14,0,1,0,0.025,0.037,0,0,0,0,0,0
142,14,0,1,0,0.030999999,0.044,0,0,0,0,0,0
143,14,0,1,0,0.028000001,0.035999998,0,0,0,1,0,0
144,14,0,1,0,0.017000001,0.035999998,0,0,0,1,0,0
145,14,1,1,0,0.027000001,0.035999998,0,0,0,1,0,0
146,15,0,1,0,0.052000001,0.034000002,0,0,0,0,0,0
147,15,0,1,0,0.050000001,0.030999999,0,0,0,0,0,0
148,15,0,0,1,0.043333334,0.034000002,0,0,0,0,0,0
149,15,0,0,1,0.043333333,0.034000002,0,0,0,0,0,0
150,15,0,1,0,0.029999999,0.018999999,0,0,0,0,0,0
151,15,0,1,0,0.025,0.029999999,1,0,0,0,0,0
152,15,0,0,1,0.042333333,0.029999999,0,0,0,0,0,0
153,15,0,0,1,0.043666667,0.030999999,0,0,0,0,0,0
154,15,0,1,0,0.046999998,0.030999999,0,0,1,0,0,0
155,15,0,1,0,0.046,0.030999999,0,0,0,0,0,0
156,15,0,0,1,0.043000002,0.028000001,0,0,0,0,0,0
157,15,0,0,1,0.043666667,0.030999999,0,0,0,0,0,0
158,15,0,1,0,0.039000001,0.032000002,1,0,0,0,0,0
159,15,0,1,0,0.050000001,0.030999999,0,0,0,0,0,0
160,15,0,1,0,0.050000001,0.034000002,0,0,0,0,0,0
161,15,0,1,0,0.050000001,0.026000001,0,0,0,0,0,0
162,15,0,1,0,0.030999999,0.034000002,1,0,0,0,0,0
163,15,0,0,1,0.045666667,0.025,0,1,0,0,0,0
164,15,0,0,1,0.043333334,0.029999999,0,0,0,0,0,0
165,15,0,1,0,0.052999999,0.037,0,0,0,0,0,0
166,15,0,1,0,0.037,0.037,0,0,0,0,0,0
167,15,1,1,0,0.052999999,0.037,0,0,0,0,0,0
168,16,0,1,0,0.034000002,0.046999998,1,0,0,0,0,0
169,16,0,1,0,0.029999999,0.029999999,0,0,0,0,0,0
170,16,0,0,1,0.040333334,0.029999999,0,0,0,0,0,0
171,16,0,1,0,0.012,0.035,0,0,1,0,0,0
172,16,0,0,1,0.041,0.035,0,0,0,0,0,0
173,16,0,1,0,0.030999999,0.030999999,1,0,0,0,0,0
174,16,0,0,1,0.044666668,0.030999999,0,1,0,0,0,0
175,16,0,1,0,0.046,0.034000002,0,0,0,0,0,0
176,16,0,0,1,0.04,0.037,1,0,0,0,0,0
177,16,1,1,0,0.022,0.033,0,0,0,0,0,0
178,17,0,1,0,0.033,0.052000001,0,0,0,0,0,0
179,17,0,1,0,0.029999999,0.063000001,0,0,0,0,0,0
180,17,0,1,0,0.027000001,0.041000001,0,0,0,1,0,0
181,17,0,1,0,0.012,0.041000001,0,0,1,0,0,0
182,17,0,0,1,0.042333333,0.034000002,1,0,0,0,0,0
183,17,0,1,0,0.032000002,0.041000001,0,0,1,0,0,0
184,17,0,1,0,0.015,0.041000001,0,0,0,0,0,0
185,17,1,1,0,0.050000001,0.041000001,0,0,1,0,0,0
186,18,0,1,0,0.034000002,0.039000001,0,0,0,0,0,0
187,18,0,1,0,0.017000001,0.035999998,0,0,0,1,0,0
188,18,0,1,0,0.012,0.035,0,0,1,0,0,0
189,18,0,1,0,0.015,0.035,0,0,0,0,0,0
190,18,1,1,0,0.017999999,0.041999999,0,0,0,0,0,0
191,19,0,1,0,0.039000001,0.030999999,0,0,0,0,0,0
192,19,0,1,0,0.041000001,0.029999999,0,0,0,0,0,0
193,19,0,1,0,0.029999999,0.028000001,0,0,1,0,0,0
194,19,0,1,0,0.029999999,0.039999999,0,0,0,0,0,0
195,19,0,1,0,0.034000002,0.030999999,1,0,0,0,0,0
196,19,1,1,0,0.021,0.034000002,0,0,0,0,0,0
197,20,0,1,0,0.050000001,0.041000001,0,0,0,0,0,0
198,20,0,1,0,0.028000001,0.039999999,0,0,0,0,0,0
199,20,0,1,0,0.034000002,0.030999999,0,0,0,0,0,0
200,20,0,1,0,0.034000002,0.033,0,0,0,1,0,0
201,20,0,1,0,0.032000002,0.028999999,0,0,0,0,0,0
202,20,0,1,0,0.034000002,0.030999999,0,0,0,0,0,0
203,20,1,1,0,0.034000002,0.030999999,0,0,0,0,0,0
204,21,0,1,0,0.035,0.029999999,0,0,0,0,0,0
205,21,0,1,0,0.028999999,0.028000001,1,0,0,0,0,0
206,21,0,1,0,0.046999998,0.030999999,0,0,0,0,0,0
207,21,0,1,0,0.035,0.034000002,0,0,0,0,0,0
208,21,0,1,0,0.021,0.034000002,0,0,0,0,0,0
209,21,1,1,0,0.035,0.037,0,0,0,0,1,0
210,22,0,1,0,0.034000002,0.046999998,1,0,0,0,0,0
211,22,0,0,1,0.035666668,0.035999998,0,0,0,0,0,0
212,22,0,0,1,0.038666667,0.035,0,0,1,0,0,0
213,22,0,1,0,0.041999999,0.035,0,0,1,0,0,0
214,22,1,1,0,0.037,0.035,0,0,0,0,0,0
215,23,0,1,0,0.017999999,0.039999999,0,0,0,0,0,0
216,23,0,0,1,0.042666667,0.028000001,0,0,0,0,0,0
217,23,0,1,0,0.032000002,0.028000001,0,0,0,0,0,0
218,23,0,1,0,0.034000002,0.030999999,0,0,0,0,0,0
219,23,0,1,0,0.022,0.030999999,0,0,0,0,1,0
220,23,0,1,0,0.017000001,0.034000002,1,0,0,0,0,0
221,23,0,0,1,0.045666667,0.025,0,0,0,0,0,0
222,23,0,1,0,0.046,0.034000002,0,0,0,0,0,0
223,23,0,1,0,0.021,0.034000002,0,0,0,0,0,0
224,23,0,0,1,0.041333334,0.028000001,0,0,0,0,0,0
225,23,0,1,0,0.022,0.033,0,0,0,0,0,0
226,23,1,0,1,0.038666667,0.034000002,1,0,0,0,0,0
227,24,0,1,0,0.027000001,0.048,0,0,1,0,0,0
228,24,0,1,0,0.029999999,0.048,0,0,1,0,0,0
229,24,0,1,0,0.021,0.035,0,0,1,0,0,0
230,24,0,1,0,0.046,0.041000001,0,0,0,1,0,0
231,24,0,1,0,0.041000001,0.033,0,0,0,0,0,0
232,24,0,1,0,0.029999999,0.041000001,0,0,0,0,0,0
233,24,0,1,0,0.032000002,0.041000001,0,0,1,0,0,0
234,24,0,1,0,0.032000002,0.041000001,0,0,0,0,0,0
235,24,0,1,0,0.032000002,0.043000001,0,0,1,0,0,0
236,24,1,1,0,0.032000002,0.041000001,0,0,0,0,1,0
237,25,0,1,0,0.034000002,0.035,0,0,0,0,0,0
238,25,0,1,0,0.037,0.037,0,0,0,0,0,0
239,25,0,1,0,0.037,0.034000002,0,0,0,0,1,0
240,25,0,1,0,0.029999999,0.029999999,0,0,0,0,0,0
241,25,0,1,0,0.034000002,0.030999999,1,0,0,0,0,0
242,25,0,1,0,0.046999998,0.030999999,0,0,0,0,0,0
243,25,1,1,0,0.034000002,0.028000001,0,1,0,0,0,0
244,26,0,1,0,0.028000001,0.035999998,0,0,0,0,0,0
245,26,0,1,0,0.029999999,0.028000001,0,0,1,0,0,0
246,26,0,1,0,0.034000002,0.030999999,0,0,0,0,0,0
247,26,0,1,0,0.041999999,0.041999999,0,0,0,0,0,0
248,26,1,0,1,0.041333334,0.028000001,0,0,0,0,0,0
249,27,0,1,0,0.037,0.039999999,0,0,0,0,0,0
250,27,0,1,0,0.017999999,0.039999999,0,0,0,0,0,0
251,27,0,1,0,0.028000001,0.039000001,0,0,0,0,0,0
252,27,0,1,0,0.034000002,0.030999999,0,0,0,0,0,0
253,27,0,1,0,0.034000002,0.030999999,1,0,0,0,0,0
254,27,0,1,0,0.030999999,0.034000002,0,0,0,0,1,0
255,27,0,1,0,0.029999999,0.034000002,0,0,0,0,0,0
256,27,0,1,0,0.021,0.028000001,0,0,0,0,0,0
257,27,0,1,0,0.034000002,0.028000001,0,0,0,0,0,0
258,27,0,1,0,0.034000002,0.028000001,0,0,0,0,0,0
259,27,0,1,0,0.034000002,0.030999999,0,0,0,0,0,0
260,27,0,1,0,0.030999999,0.030999999,1,0,0,0,0,0
261,27,0,1,0,0.034000002,0.030999999,0,0,0,0,0,0
262,27,0,1,0,0.034000002,0.033,0,0,0,0,0,0
263,27,0,1,0,0.030999999,0.034000002,1,0,0,0,0,0
264,27,0,1,0,0.021,0.034000002,0,0,0,0,0,0
265,27,0,1,0,0.037,0.034000002,0,0,0,0,0,0
266,27,0,1,0,0.035,0.034000002,1,0,0,0,0,0
267,27,0,1,0,0.037,0.034000002,0,0,0,0,0,0
268,27,0,1,0,0.037,0.034000002,0,0,0,0,0,0
269,27,0,1,0,0.037,0.034000002,0,0,0,0,0,0
270,27,0,1,0,0.021,0.034000002,0,0,1,0,0,0
271,27,0,1,0,0.037,0.034000002,0,0,0,0,0,0
272,27,0,1,0,0.037,0.034000002,1,0,0,0,0,0
273,27,0,1,0,0.022,0.034000002,0,0,0,0,0,0
274,27,1,1,0,0.037,0.034000002,0,0,0,0,0,0
275,28,0,1,0,0.028000001,0.035999998,0,0,0,0,0,0
276,28,0,1,0,0.029999999,0.048,0,0,1,0,0,0
277,28,0,1,0,0.046,0.048,0,0,1,0,0,0
278,28,0,1,0,0.046,0.048,0,0,1,0,0,0
279,28,0,1,0,0.034000002,0.028000001,0,0,0,0,0,0
280,28,0,1,0,0.046,0.041000001,0,0,1,1,0,0
281,28,0,1,0,0.025,0.030999999,0,0,0,0,0,0
282,28,0,1,0,0.029999999,0.041000001,0,0,0,0,0,0
283,28,0,0,1,0.043000002,0.028000001,0,1,0,0,0,0
284,28,0,0,1,0.041666668,0.022,0,0,0,0,0,0
285,28,0,0,1,0.044666668,0.028000001,0,0,0,0,0,0
286,28,0,1,0,0.015,0.041000001,0,0,0,0,0,0
287,28,0,1,0,0.032000002,0.028000001,0,1,0,0,0,0
288,28,1,1,0,0.043000001,0.034000002,1,0,0,0,0,0
289,29,0,1,0,0.052000001,0.037,0,0,0,0,0,0
290,29,0,1,0,0.052000001,0.037,0,0,0,0,0,0
291,29,0,1,0,0.046999998,0.037,0,0,0,0,0,0
292,29,0,1,0,0.046999998,0.034000002,0,0,0,0,0,0
293,29,0,1,0,0.035,0.029999999,1,0,0,0,0,0
294,29,0,1,0,0.048999999,0.029999999,1,0,0,0,0,0
295,29,0,1,0,0.046999998,0.030999999,0,0,0,0,0,0
296,29,1,1,0,0.046999998,0.030999999,0,0,0,0,0,0
297,30,0,1,0,0.037,0.034000002,0,0,0,0,0,0
298,30,0,1,0,0.037,0.034000002,0,0,0,0,0,0
299,30,0,1,0,0.033,0.048,1,0,0,0,0,0
300,30,0,1,0,0.030999999,0.037,1,0,0,0,0,0
301,30,0,1,0,0.030999999,0.037,0,0,0,0,0,0
302,30,0,1,0,0.037,0.034000002,0,0,0,0,0,0
303,30,0,1,0,0.029999999,0.048,0,0,1,0,0,0
304,30,0,1,0,0.030999999,0.034000002,0,0,0,0,1,0
305,30,0,1,0,0.029999999,0.029999999,0,0,0,0,0,0
306,30,1,1,0,0.035,0.029999999,0,0,0,0,0,0
307,31,0,1,0,0.037,0.037,0,0,0,0,0,0
308,31,0,0,1,0.042000001,0.030999999,0,0,0,0,0,0
309,31,0,0,1,0.038333333,0.028000001,0,1,0,0,0,0
310,31,0,1,0,0.021,0.028000001,0,0,0,0,0,0
311,31,0,1,0,0.034000002,0.030999999,0,0,0,0,0,0
312,31,0,1,0,0.016000001,0.030999999,0,0,0,0,0,0
313,31,1,1,0,0.035,0.034000002,0,0,0,0,1,0
314,32,0,0,1,0.045,0.026000001,0,0,0,0,0,0
315,32,0,0,1,0.045,0.037,0,0,0,0,0,0
316,32,0,0,1,0.042333333,0.029999999,0,0,0,0,0,0
317,32,0,0,1,0.038333334,0.017999999,0,0,0,0,0,0
318,32,0,1,0,0.050000001,0.030999999,0,0,0,0,0,0
319,32,1,0,1,0.042000001,0.028000001,0,0,0,0,1,0
320,33,0,1,0,0.027000001,0.035999998,0,0,0,0,0,0
321,33,0,1,0,0.027000001,0.035,0,0,0,1,0,0
322,33,0,1,0,0.012,0.041000001,0,0,1,0,0,0
323,33,0,1,0,0.041999999,0.035,0,0,0,0,0,0
324,33,0,1,0,0.015,0.035,0,0,0,0,0,0
325,33,0,1,0,0.039000001,0.035,0,0,0,0,0,0
326,33,1,1,0,0.022,0.033,0,0,0,0,0,0
327,34,0,0,1,0.037999999,0.028000001,0,1,0,0,0,0
328,34,0,1,0,0.024,0.028000001,0,0,0,0,0,0
329,34,0,1,0,0.029999999,0.028000001,0,0,0,0,0,0
330,34,0,1,0,0.034000002,0.030999999,0,0,1,0,0,0
331,34,0,1,0,0.035,0.028999999,0,0,0,0,0,0
332,34,0,0,1,0.041666668,0.028000001,0,0,0,0,0,0
333,34,1,1,0,0.022,0.033,0,0,0,0,0,0
334,35,0,1,0,0.037,0.039000001,0,0,0,0,0,0
335,35,0,1,0,0.028000001,0.039000001,0,0,0,0,0,0
336,35,0,1,0,0.030999999,0.034000002,1,0,0,0,0,0
337,35,0,1,0,0.027000001,0.029999999,0,0,0,0,0,0
338,35,0,1,0,0.024,0.030999999,0,0,0,0,0,0
339,35,0,1,0,0.028000001,0.030999999,0,0,1,0,0,0
340,35,0,1,0,0.028000001,0.030999999,1,0,0,0,0,0
341,35,0,1,0,0.030999999,0.037,0,0,0,0,0,0
342,35,0,1,0,0.034000002,0.034000002,0,0,0,0,0,0
343,35,0,1,0,0.015,0.035,0,0,1,0,0,0
344,35,0,1,0,0.021,0.034000002,0,0,0,0,0,0
345,35,0,1,0,0.021,0.034000002,0,0,0,0,0,0
346,35,1,1,0,0.022,0.033,0,0,0,0,0,0
347,36,0,1,0,0.032000002,0.034000002,0,0,0,0,0,0
348,36,0,1,0,0.030999999,0.037,1,0,0,0,0,0
349,36,0,1,0,0.017999999,0.037,0,0,0,0,0,0
350,36,0,0,1,0.036666667,0.028000001,0,0,0,0,0,1
351,36,0,1,0,0.029999999,0.033,0,0,1,0,0,0
352,36,0,1,0,0.029999999,0.029999999,0,0,0,0,0,0
353,36,0,1,0,0.039000001,0.029999999,1,0,0,0,0,0
354,36,0,1,0,0.041000001,0.035,0,0,0,0,0,0
355,36,0,1,0,0.025,0.030999999,1,0,0,0,0,0
356,36,0,1,0,0.034000002,0.030999999,0,0,0,0,0,0
357,36,0,1,0,0.037,0.030999999,0,0,0,0,0,0
358,36,0,1,0,0.030999999,0.030999999,0,0,0,0,0,0
359,36,0,1,0,0.037,0.034000002,0,0,0,0,0,0
360,36,0,1,0,0.030999999,0.034000002,1,0,0,0,0,0
361,36,0,1,0,0.037,0.034000002,0,0,0,0,0,0
362,36,1,1,0,0.037,0.037,0,0,1,0,0,0
363,37,0,1,0,0.030999999,0.044,0,0,0,0,0,0
364,37,0,1,0,0.041000001,0.035999998,1,0,0,1,0,0
365,37,0,1,0,0.041000001,0.035,0,0,0,1,0,0
366,37,0,1,0,0.043000001,0.030999999,0,0,0,0,0,0
367,37,0,1,0,0.041999999,0.035,0,0,0,0,0,0
368,37,0,1,0,0.046999998,0.035,0,0,1,0,0,0
369,37,0,1,0,0.046,0.037,0,0,1,0,0,0
370,37,0,1,0,0.037999999,0.034000002,1,0,0,0,0,0
371,37,0,1,0,0.039000001,0.035,0,0,0,0,1,0
372,37,0,1,0,0.046999998,0.041999999,1,0,0,0,0,0
373,37,1,1,0,0.046999998,0.041999999,0,0,0,0,0,0
374,38,0,1,0,0.017999999,0.034000002,0,0,0,0,0,0
375,38,0,1,0,0.046,0.048,0,0,1,0,0,0
376,38,0,1,0,0.046,0.048,0,0,0,0,0,0
377,38,0,1,0,0.034000002,0.028000001,0,0,0,0,0,0
378,38,0,1,0,0.046,0.041000001,0,0,1,1,0,0
379,38,0,1,0,0.021,0.034000002,0,0,0,0,0,0
380,38,0,1,0,0.039000001,0.037,1,0,0,0,0,0
381,38,1,1,0,0.037,0.034000002,0,0,0,0,0,0
382,39,0,1,0,0.028000001,0.041000001,0,0,0,0,0,0
383,39,0,1,0,0.028000001,0.030999999,0,0,0,0,0,0
384,39,0,1,0,0.032000002,0.028000001,1,0,0,0,0,0
385,39,0,1,0,0.021,0.028000001,0,0,0,0,0,0
386,39,0,1,0,0.034000002,0.030999999,0,0,1,0,0,0
387,39,0,1,0,0.034000002,0.030999999,1,0,0,0,0,0
388,39,0,1,0,0.037,0.034000002,0,0,0,0,0,0
389,39,0,1,0,0.021,0.034000002,0,0,0,0,0,0
390,39,0,1,0,0.035,0.034000002,1,0,0,0,0,0
391,39,0,1,0,0.035,0.028999999,0,0,0,0,0,0
392,39,0,1,0,0.021,0.034000002,0,0,0,0,0,0
393,39,1,1,0,0.022,0.034000002,0,0,0,0,0,0
394,40,0,1,0,0.037,0.034000002,0,0,0,0,0,0
395,40,0,1,0,0.037999999,0.029999999,0,0,0,0,0,0
396,40,0,1,0,0.021,0.035,0,0,1,0,0,0
397,40,0,1,0,0.041000001,0.039999999,0,0,0,0,0,0
398,40,0,1,0,0.043000001,0.037,0,0,0,0,0,0
399,40,1,1,0,0.017999999,0.041999999,0,0,0,0,0,0
400,41,0,1,0,0.028000001,0.035999998,0,0,0,0,0,0
401,41,0,1,0,0.030999999,0.034000002,1,0,0,0,0,0
402,41,0,1,0,0.041999999,0.030999999,0,0,0,0,0,0
403,41,0,1,0,0.034000002,0.030999999,0,0,0,0,0,0
404,41,1,1,0,0.030999999,0.037,1,0,0,0,0,0
405,42,0,0,1,0.033666667,0.028000001,1,0,0,0,0,0
406,42,0,0,1,0.038000001,0.028000001,0,0,0,0,0,0
407,42,0,1,0,0.034000002,0.028000001,0,0,0,0,0,0
408,42,0,0,1,0.039333335,0.028000001,0,0,0,0,0,0
409,42,0,1,0,0.028000001,0.028000001,0,0,0,0,0,0
410,42,0,0,1,0.041666668,0.034000002,0,0,0,0,0,0
411,42,0,1,0,0.030999999,0.034000002,1,0,0,0,0,0
412,42,0,0,1,0.041333334,0.034000002,0,0,0,0,0,0
413,42,0,1,0,0.035,0.028000001,0,0,0,0,0,0
414,42,0,1,0,0.035,0.034000002,0,0,0,0,0,0
415,42,1,1,0,0.035999998,0.037,1,0,0,0,0,0
416,43,0,1,0,0.028000001,0.034000002,0,0,0,0,0,0
417,43,0,1,0,0.028000001,0.034000002,0,0,0,0,0,0
418,43,0,1,0,0.028000001,0.030999999,1,0,0,0,0,0
419,43,0,1,0,0.041999999,0.028000001,0,0,0,0,0,0
420,43,0,1,0,0.034000002,0.028000001,0,0,0,0,0,0
421,43,0,1,0,0.030999999,0.030999999,1,0,0,0,0,0
422,43,0,1,0,0.035,0.034000002,0,0,0,0,0,0
423,43,0,1,0,0.043000001,0.034000002,0,0,0,0,0,0
424,43,1,0,1,0.041666668,0.028000001,0,0,0,0,0,0
425,44,0,1,0,0.017999999,0.039000001,0,0,0,0,0,0
426,44,0,1,0,0.034000002,0.039000001,0,0,0,0,0,0
427,44,0,1,0,0.029999999,0.028000001,0,0,1,0,0,0
428,44,0,1,0,0.029999999,0.028999999,0,0,0,0,0,0
429,44,0,1,0,0.034000002,0.030999999,0,0,1,0,0,0
430,44,0,1,0,0.043000001,0.030999999,0,0,0,0,0,0
431,44,0,1,0,0.021,0.034000002,0,0,0,0,0,0
432,44,1,1,0,0.021,0.034000002,0,0,0,0,0,0
433,45,0,0,1,0.045,0.034000002,0,0,0,0,0,0
434,45,0,0,1,0.045,0.028000001,0,0,0,0,0,0
435,45,0,1,0,0.030999999,0.035,0,1,1,0,0,0
436,45,0,1,0,0.030999999,0.035,0,0,1,0,0,0
437,45,0,1,0,0.029999999,0.048,0,0,1,0,0,0
438,45,0,1,0,0.027000001,0.048,0,0,1,0,0,0
439,45,0,1,0,0.041999999,0.029999999,1,0,0,0,0,0
440,45,0,1,0,0.029999999,0.048999999,0,0,0,0,1,0
441,45,0,1,0,0.027000001,0.035,0,0,0,1,0,0
442,45,1,1,0,0.029999999,0.041000001,0,0,0,1,0,0
443,46,0,0,1,0.044333334,0.030999999,0,0,0,0,0,0
444,46,0,0,1,0.038333334,0.028000001,1,0,0,0,0,0
445,46,0,0,1,0.038333334,0.028000001,1,0,0,0,0,0
446,46,0,0,1,0.041666668,0.034000002,0,0,0,0,0,0
447,46,1,0,1,0.042666667,0.037,0,0,0,0,0,0
448,47,0,0,1,0.041666668,0.035,0,0,0,0,0,0
449,47,0,1,0,0.045000002,0.035,0,0,1,0,0,0
450,47,0,1,0,0.037999999,0.033,0,0,0,1,0,0
451,47,0,1,0,0.046,0.030999999,0,0,1,0,0,0
452,47,0,1,0,0.046999998,0.029999999,0,0,1,0,0,0
453,47,1,1,0,0.041999999,0.037,0,0,1,0,0,0
454,48,0,1,0,0.037,0.034000002,0,0,0,0,0,0
455,48,0,1,0,0.029999999,0.018999999,0,0,0,0,0,0
456,48,0,1,0,0.043000001,0.029999999,0,0,0,0,0,0
457,48,0,1,0,0.030999999,0.030999999,1,0,0,0,0,0
458,48,1,1,0,0.034000002,0.030999999,0,0,0,0,0,0
459,49,0,1,0,0.028000001,0.029999999,0,0,0,0,0,0
460,49,0,1,0,0.021,0.030999999,0,0,0,0,0,0
461,49,0,1,0,0.017000001,0.033,0,0,0,0,0,0
462,49,0,1,0,0.028000001,0.028000001,0,0,0,0,0,0
463,49,0,1,0,0.041999999,0.041999999,0,0,0,0,0,0
464,49,0,1,0,0.017999999,0.041999999,0,0,0,0,0,0
465,49,0,1,0,0.017999999,0.041999999,0,0,0,0,0,0
466,49,1,1,0,0.017999999,0.041999999,0,0,0,0,0,0
467,50,0,1,0,0.034000002,0.030999999,0,0,0,0,0,0
468,50,0,1,0,0.034000002,0.030999999,0,0,1,0,0,0
469,50,0,1,0,0.043000001,0.030999999,0,0,0,0,0,0
470,50,0,1,0,0.046,0.034000002,0,0,0,0,0,0
471,50,1,1,0,0.021,0.034000002,0,0,0,0,0,0
472,51,0,1,0,0.030999999,0.037,0,0,0,0,1,0
473,51,0,1,0,0.030999999,0.037,0,0,0,0,0,0
474,51,0,1,0,0.030999999,0.035999998,0,0,0,0,0,0
475,51,0,1,0,0.030999999,0.035999998,0,0,0,0,0,0
476,51,0,1,0,0.030999999,0.034000002,0,0,1,0,0,0
477,51,0,1,0,0.030999999,0.034000002,0,0,0,0,1,0
478,51,0,1,0,0.029999999,0.029999999,0,0,0,0,0,0
479,51,0,1,0,0.029999999,0.035,0,0,0,0,0,0
480,51,0,1,0,0.029999999,0.035,0,0,0,0,0,0
481,51,0,1,0,0.029999999,0.028999999,0,0,0,0,0,0
482,51,0,1,0,0.041999999,0.028000001,0,0,0,0,0,0
483,51,0,1,0,0.029999999,0.035,0,0,0,0,0,0
484,51,0,1,0,0.029999999,0.035,0,0,0,0,0,0
485,51,0,1,0,0.027000001,0.035,0,0,0,0,0,0
486,51,0,1,0,0.027000001,0.035,0,0,0,0,0,0
487,51,0,1,0,0.027000001,0.035,0,0,0,0,0,0
488,51,0,1,0,0.030999999,0.035,0,0,1,0,0,0
489,51,0,1,0,0.030999999,0.035,0,0,1,0,0,0
490,51,0,1,0,0.030999999,0.035,0,0,0,0,0,0
491,51,0,1,0,0.030999999,0.035,1,0,0,0,0,0
492,51,0,1,0,0.021,0.034000002,0,0,0,0,0,0
493,51,1,1,0,0.030999999,0.037,0,0,0,0,1,0
494,52,0,1,0,0.028000001,0.035999998,0,0,0,0,0,0
495,52,0,1,0,0.029999999,0.048,0,0,1,0,0,0
496,52,0,1,0,0.027000001,0.048999999,0,0,0,0,1,0
497,52,0,1,0,0.034000002,0.028000001,0,0,0,0,0,0
498,52,1,1,0,0.046,0.041000001,0,0,1,1,0,0
499,53,0,1,0,0.046,0.041000001,0,0,1,1,0,0
500,53,0,1,0,0.046,0.041000001,0,0,1,1,0,0
501,53,0,1,0,0.035,0.028000001,0,0,0,0,0,0
502,53,0,1,0,0.032000002,0.043000001,0,0,1,0,0,0
503,53,0,1,0,0.021,0.034000002,0,0,0,0,0,0
504,53,1,1,0,0.017999999,0.041999999,0,0,0,0,0,0
505,54,0,1,0,0.050000001,0.030999999,0,0,0,0,0,0
506,54,0,1,0,0.043000001,0.028999999,0,0,0,0,0,0
507,54,0,1,0,0.037999999,0.030999999,0,0,0,0,0,0
508,54,0,1,0,0.039000001,0.030999999,1,0,0,0,0,0
509,54,0,1,0,0.046999998,0.030999999,0,0,0,0,0,0
510,54,0,1,0,0.050000001,0.025,0,1,0,0,0,0
511,54,0,1,0,0.039000001,0.028999999,0,0,0,0,1,0
512,54,1,1,0,0.043000001,0.034000002,0,0,0,0,0,0
513,55,0,1,0,0.032000002,0.037,0,0,0,0,0,0
514,55,0,1,0,0.035,0.029999999,0,0,0,0,0,0
515,55,0,1,0,0.029999999,0.029999999,1,0,0,0,0,0
516,55,0,1,0,0.034000002,0.030999999,0,0,0,0,0,0
517,55,0,1,0,0.037,0.028000001,0,0,0,0,0,0
518,55,1,1,0,0.037,0.037,0,0,0,0,0,0
519,56,0,1,0,0.022,0.034000002,0,0,0,0,0,0
520,56,0,1,0,0.029999999,0.028000001,0,0,1,0,0,0
521,56,0,1,0,0.028000001,0.030999999,0,0,1,0,0,0
522,56,0,1,0,0.030999999,0.030999999,1,0,0,0,0,0
523,56,0,1,0,0.030999999,0.034000002,0,0,0,0,0,0
524,56,0,0,1,0.041666666,0.034000002,1,0,0,0,0,0
525,56,0,1,0,0.035,0.034000002,0,0,0,0,0,0
526,56,0,0,1,0.045666667,0.017999999,0,0,0,0,0,0
527,56,0,1,0,0.021,0.034000002,0,0,0,0,0,0
528,56,1,0,1,0.041,0.028000001,0,0,0,0,0,0
529,57,0,1,0,0.034000002,0.028000001,0,1,0,0,0,0
530,57,0,1,0,0.050000001,0.028000001,0,0,1,0,0,0
531,57,0,1,0,0.021,0.028000001,0,0,0,0,0,0
532,57,0,0,1,0.039333335,0.030999999,0,0,0,0,0,0
533,57,0,0,1,0.039333335,0.030999999,0,0,0,0,0,0
534,57,0,0,1,0.039666667,0.034000002,0,0,0,0,0,0
535,57,0,1,0,0.030999999,0.034000002,1,0,0,0,0,0
536,57,0,1,0,0.034000002,0.030999999,0,0,0,0,0,0
537,57,0,1,0,0.041999999,0.034000002,1,0,0,0,0,0
538,57,0,0,1,0.041333334,0.028000001,0,0,0,0,0,0
539,57,1,1,0,0.043000001,0.034000002,0,0,0,0,0,0
540,58,0,1,0,0.034000002,0.030999999,0,0,0,0,0,0
541,58,0,1,0,0.052000001,0.037,0,0,0,0,0,0
542,58,0,1,0,0.050000001,0.028000001,0,0,0,0,0,0
543,58,0,1,0,0.037999999,0.035,0,0,1,0,0,0
544,58,0,1,0,0.041000001,0.035,0,0,0,0,0,0
545,58,0,1,0,0.041999999,0.030999999,0,0,0,0,0,0
546,58,0,1,0,0.041999999,0.028000001,1,0,0,0,0,0
547,58,0,1,0,0.044,0.034000002,0,0,0,0,0,0
548,58,1,1,0,0.044,0.034000002,1,0,0,0,0,0
549,59,0,1,0,0.050000001,0.028000001,0,0,0,0,0,0
550,59,0,1,0,0.045000002,0.035,0,0,0,0,0,0
551,59,0,1,0,0.052999999,0.028999999,0,0,0,0,0,0
552,59,0,1,0,0.035999998,0.035,0,0,0,0,0,0
553,59,0,1,0,0.050000001,0.029999999,0,0,0,0,0,0
554,59,0,1,0,0.050999999,0.037,0,0,0,0,0,0
555,59,0,1,0,0.046,0.037,0,0,1,0,0,0
556,59,1,1,0,0.043000001,0.037,0,0,0,0,1,0
557,60,0,1,0,0.030999999,0.035,0,0,1,0,0,0
558,60,0,0,1,0.034,0.028000001,0,0,0,0,0,0
559,60,0,1,0,0.034000002,0.030999999,0,0,1,0,0,0
560,60,0,1,0,0.029999999,0.035,0,0,1,0,0,0
561,60,0,1,0,0.029999999,0.039999999,0,0,0,0,1,0
562,60,0,1,0,0.041000001,0.039999999,0,0,0,0,0,0
563,60,1,1,0,0.043000001,0.041999999,0,0,0,0,0,0
564,61,0,1,0,0.037,0.034000002,0,0,0,0,0,0
565,61,0,1,0,0.034000002,0.030999999,0,0,0,0,0,0
566,61,0,1,0,0.045000002,0.035,0,1,1,0,0,0
567,61,0,1,0,0.034000002,0.030999999,0,0,0,0,0,0
568,61,0,1,0,0.041000001,0.035,0,0,0,0,1,0
569,61,0,1,0,0.034000002,0.030999999,0,0,0,0,0,0
570,61,0,1,0,0.043000001,0.034000002,0,0,0,0,0,0
571,61,1,1,0,0.035,0.034000002,1,0,0,0,0,0
572,62,0,1,0,0.037,0.039999999,0,0,0,0,0,0
573,62,0,1,0,0.028000001,0.034000002,0,0,0,0,0,0
574,62,0,1,0,0.030999999,0.037,1,0,0,0,0,0
575,62,0,1,0,0.028000001,0.029999999,1,0,0,0,0,0
576,62,0,1,0,0.034000002,0.029999999,0,0,0,0,0,0
577,62,0,1,0,0.023,0.032000002,1,0,0,0,0,0
578,62,0,1,0,0.041999999,0.030999999,0,0,0,0,0,0
579,62,0,1,0,0.030999999,0.032000002,1,0,0,0,0,0
580,62,0,1,0,0.039000001,0.037,1,0,0,0,0,0
581,62,0,1,0,0.022,0.033,0,0,0,0,0,0
582,62,1,1,0,0.037,0.037,1,0,0,0,0,0
583,63,0,1,0,0.022,0.034000002,0,0,0,0,0,0
584,63,0,1,0,0.029999999,0.028000001,0,0,0,0,0,0
585,63,0,0,1,0.039333335,0.028000001,0,0,0,0,0,0
586,63,0,0,1,0.036000001,0.028000001,1,0,0,0,0,0
587,63,0,1,0,0.037999999,0.034000002,1,0,0,0,0,0
588,63,0,0,1,0.040666667,0.034000002,0,0,0,0,0,0
589,63,1,0,1,0.041666668,0.028000001,0,0,0,0,0,0
590,64,0,1,0,0.032000002,0.034000002,0,0,0,0,0,0
591,64,0,1,0,0.022,0.030999999,0,0,0,0,0,0
592,64,0,1,0,0.017999999,0.034000002,0,0,0,0,0,0
593,64,0,1,0,0.030999999,0.037,0,0,0,0,0,0
594,64,0,1,0,0.028000001,0.037,0,0,0,0,0,0
595,64,0,1,0,0.030999999,0.034000002,0,0,1,0,0,0
596,64,0,1,0,0.022,0.029999999,0,0,0,0,0,0
597,64,0,1,0,0.030999999,0.028000001,0,0,0,0,0,0
598,64,0,1,0,0.030999999,0.028000001,0,0,0,0,0,0
599,64,0,1,0,0.030999999,0.028000001,1,0,0,0,0,0
600,64,0,1,0,0.039000001,0.037,0,0,0,1,0,0
601,64,0,1,0,0.030999999,0.034000002,1,0,0,0,0,0
602,64,0,1,0,0.034000002,0.034000002,0,0,0,0,0,0
603,64,0,1,0,0.041999999,0.034000002,1,0,0,0,0,0
604,64,0,1,0,0.021,0.034000002,0,0,0,0,0,0
605,64,0,1,0,0.041999999,0.041999999,1,0,0,0,0,0
606,64,0,1,0,0.022,0.034000002,0,0,0,0,0,0
607,64,1,1,0,0.034000002,0.041000001,0,0,0,0,0,0
608,65,0,1,0,0.029999999,0.035,0,0,0,0,0,0
609,65,0,1,0,0.030999999,0.032000002,1,0,0,0,0,0
610,65,0,1,0,0.012,0.035,0,0,1,0,0,0
611,65,0,1,0,0.035,0.028999999,0,0,0,0,0,0
612,65,0,1,0,0.015,0.035,0,0,1,0,0,0
613,65,0,1,0,0.037,0.034000002,0,0,0,0,0,0
614,65,0,1,0,0.041999999,0.041999999,1,0,0,0,0,0
615,65,1,1,0,0.037,0.028000001,0,0,0,0,0,0
616,66,0,1,0,0.034000002,0.046999998,0,0,0,0,0,0
617,66,0,1,0,0.030999999,0.035999998,0,0,0,0,0,0
618,66,0,1,0,0.027000001,0.035999998,1,0,0,1,0,0
619,66,0,1,0,0.034000002,0.030999999,0,0,0,0,0,0
620,66,0,0,1,0.039,0.035,0,0,0,0,0,0
621,66,0,1,0,0.027000001,0.035,0,0,1,0,0,0
622,66,1,1,0,0.030999999,0.035,1,0,0,0,0,0
623,67,0,0,1,0.043333334,0.028999999,0,0,0,0,0,0
624,67,0,0,1,0.042666667,0.030999999,0,0,0,0,0,0
625,67,0,0,1,0.040333334,0.017000001,1,0,0,0,0,0
626,67,0,0,1,0.043000002,0.028000001,0,1,0,0,0,0
627,67,1,0,1,0.045666667,0.021,0,0,0,0,0,0
628,68,0,1,0,0.050000001,0.035999998,0,0,0,1,0,0
629,68,0,1,0,0.043000001,0.030999999,0,0,0,0,0,0
630,68,0,1,0,0.046,0.035,0,0,1,0,0,0
631,68,0,1,0,0.050000001,0.035,0,0,1,0,0,0
632,68,0,1,0,0.041999999,0.035,0,0,1,0,0,0
633,68,1,1,0,0.021,0.034000002,0,0,0,0,0,0
634,69,0,0,1,0.045,0.034000002,0,0,0,0,0,0
635,69,0,0,1,0.043333333,0.034000002,0,0,0,0,0,0
636,69,0,0,1,0.040333334,0.029999999,0,0,0,0,0,0
637,69,0,1,0,0.039000001,0.030999999,0,0,0,0,0,0
638,69,0,0,1,0.043666667,0.030999999,0,0,0,0,0,0
639,69,0,0,1,0.044666668,0.034000002,0,0,0,0,0,0
640,69,0,0,1,0.045666667,0.025,0,0,0,0,0,0
641,69,1,0,1,0.045666667,0.037,0,0,0,0,0,0
642,70,0,1,0,0.017000001,0.035999998,0,0,0,1,0,0
643,70,0,1,0,0.017000001,0.035999998,0,0,0,1,0,0
644,70,0,1,0,0.017000001,0.035999998,0,0,0,1,0,0
645,70,0,1,0,0.012,0.035,0,0,1,0,0,0
646,70,0,1,0,0.012,0.035,0,0,1,0,0,0
647,70,0,1,0,0.012,0.035,0,0,1,0,0,0
648,70,0,0,1,0.041666668,0.034000002,0,0,0,0,0,0
649,70,0,0,1,0.045666667,0.025,0,0,0,0,0,0
650,70,0,1,0,0.015,0.035,0,0,1,0,0,0
651,70,0,1,0,0.015,0.035,0,0,0,0,0,0
652,70,0,1,0,0.021,0.034000002,0,0,0,0,0,0
653,70,0,1,0,0.017999999,0.041999999,0,0,0,0,0,0
654,70,1,1,0,0.017999999,0.041999999,0,0,0,0,0,0
655,71,0,1,0,0.028000001,0.035,0,0,0,0,0,0
656,71,0,1,0,0.025,0.039000001,0,0,0,0,0,0
657,71,0,1,0,0.012,0.029999999,0,0,0,0,0,0
658,71,0,1,0,0.028000001,0.030999999,0,0,1,0,0,0
659,71,0,1,0,0.028000001,0.030999999,0,0,1,0,0,0
660,71,0,1,0,0.046999998,0.030999999,1,0,0,0,0,0
661,71,0,1,0,0.030999999,0.034000002,1,0,0,0,0,0
662,71,0,1,0,0.030999999,0.030999999,0,0,0,0,0,0
663,71,0,1,0,0.035,0.034000002,0,0,0,0,0,0
664,71,0,1,0,0.037,0.028000001,0,1,0,0,0,0
665,71,0,1,0,0.041999999,0.037,0,0,0,0,0,0
666,71,0,1,0,0.030999999,0.037,1,0,0,0,0,0
667,71,0,1,0,0.035999998,0.037,1,0,0,0,0,0
668,71,1,1,0,0.037,0.028000001,0,0,0,0,0,0
669,72,0,1,0,0.025,0.030999999,0,0,0,0,0,0
670,72,0,1,0,0.028000001,0.029999999,0,0,0,0,0,0
671,72,0,1,0,0.034000002,0.030999999,0,0,0,0,0,0
672,72,0,1,0,0.030999999,0.030999999,1,0,0,0,0,0
673,72,0,1,0,0.021,0.034000002,0,0,0,0,0,0
674,72,1,1,0,0.022,0.033,0,0,0,0,0,0
675,73,0,1,0,0.028000001,0.035999998,0,0,0,0,0,0
676,73,0,0,1,0.039333333,0.028000001,0,0,0,0,0,0
677,73,0,1,0,0.029999999,0.028000001,0,0,1,0,0,0
678,73,0,1,0,0.034000002,0.030999999,0,0,0,0,0,0
679,73,1,1,0,0.030999999,0.030999999,0,0,0,0,1,0
680,74,0,1,0,0.028000001,0.035999998,0,0,0,0,0,0
681,74,0,1,0,0.017000001,0.033,0,0,0,0,0,0
682,74,0,1,0,0.046,0.028999999,0,0,0,0,0,0
683,74,0,0,1,0.042000001,0.037,0,0,0,0,1,0
684,74,1,1,0,0.037,0.041999999,1,0,0,0,0,0
685,75,0,0,1,0.044333332,0.027000001,0,0,0,0,0,0
686,75,0,1,0,0.017999999,0.037,0,0,0,0,0,0
687,75,0,0,1,0.041666668,0.033,1,0,0,1,0,0
688,75,0,1,0,0.021,0.028000001,0,0,0,0,0,0
689,75,1,1,0,0.034000002,0.028000001,0,0,0,0,0,0
690,76,0,1,0,0.022,0.034000002,0,0,0,0,0,0
691,76,0,1,0,0.022,0.030999999,0,0,0,0,0,0
692,76,0,0,1,0.038333333,0.028000001,0,1,0,0,0,0
693,76,0,1,0,0.023,0.030999999,1,0,0,0,0,0
694,76,0,1,0,0.041999999,0.030999999,1,0,0,0,0,0
695,76,1,1,0,0.021,0.030999999,0,0,0,0,0,0
696,77,0,1,0,0.030999999,0.037,0,0,0,0,0,0
697,77,0,1,0,0.021,0.028000001,0,0,0,0,0,0
698,77,0,1,0,0.026000001,0.030999999,1,0,0,0,0,0
699,77,0,1,0,0.028000001,0.030999999,0,0,0,0,0,0
700,77,0,1,0,0.021,0.034000002,0,0,0,0,0,0
701,77,0,0,1,0.045333333,0.028000001,0,0,0,0,0,0
702,77,1,1,0,0.022,0.034000002,0,0,0,0,0,0
703,78,0,1,0,0.028999999,0.037,0,0,0,0,0,0
704,78,0,1,0,0.034000002,0.030999999,0,0,0,0,0,0
705,78,0,1,0,0.034000002,0.035,0,0,0,0,0,0
706,78,0,1,0,0.045000002,0.032000002,0,0,0,0,0,0
707,78,0,1,0,0.041999999,0.037,0,0,0,0,0,0
708,78,0,1,0,0.050999999,0.037,0,0,0,0,0,0
709,78,0,1,0,0.046,0.037,1,0,0,0,0,0
710,78,1,1,0,0.043000001,0.037,0,0,0,0,1,0
711,79,0,1,0,0.030999999,0.035,0,0,1,0,0,0
712,79,0,1,0,0.037999999,0.029999999,0,0,0,0,0,0
713,79,0,1,0,0.034000002,0.030999999,1,0,0,0,0,0
714,79,0,1,0,0.039000001,0.033,0,0,0,0,0,0
715,79,0,1,0,0.032000002,0.037,1,0,0,0,0,0
716,79,1,0,1,0.041333334,0.028000001,0,0,0,0,0,0
717,80,0,1,0,0.028000001,0.035999998,0,0,0,0,0,0
718,80,0,1,0,0.030999999,0.037,0,0,0,0,0,0
719,80,0,1,0,0.028000001,0.030999999,0,0,1,0,0,0
720,80,0,1,0,0.021,0.034000002,0,0,1,0,0,0
721,80,0,1,0,0.021,0.034000002,0,0,0,0,0,0
722,80,1,1,0,0.021,0.034000002,0,0,0,0,0,0
723,81,0,1,0,0.037,0.034000002,0,0,0,0,0,0
724,81,0,1,0,0.034000002,0.028999999,0,0,0,0,0,0
725,81,0,1,0,0.034000002,0.030999999,0,0,0,0,0,0
726,81,0,1,0,0.043000001,0.030999999,1,0,0,0,0,0
727,81,1,1,0,0.034000002,0.030999999,0,0,0,0,0,0
728,82,0,1,0,0.041999999,0.034000002,0,0,0,0,0,0
729,82,0,1,0,0.022,0.034000002,0,0,0,0,0,0
730,82,0,1,0,0.017999999,0.034000002,1,0,0,0,0,0
731,82,0,1,0,0.034000002,0.028000001,1,0,0,0,0,0
732,82,0,1,0,0.021,0.028000001,0,0,0,0,0,0
733,82,0,1,0,0.021,0.035,0,0,1,0,0,0
734,82,0,1,0,0.034000002,0.030999999,0,0,0,0,0,0
735,82,0,1,0,0.034000002,0.030999999,1,0,0,0,0,0
736,82,0,1,0,0.021,0.030999999,0,0,0,0,0,0
737,82,0,1,0,0.045000002,0.041999999,0,0,1,0,0,0
738,82,0,1,0,0.043000001,0.034000002,0,0,0,0,0,0
739,82,0,1,0,0.017999999,0.041999999,0,0,0,0,0,0
740,82,1,1,0,0.044,0.034000002,0,0,0,0,0,0
741,83,0,1,0,0.050000001,0.030999999,0,0,0,0,0,0
742,83,0,1,0,0.034000002,0.028000001,0,0,0,0,0,0
743,83,0,1,0,0.034000002,0.028999999,0,0,0,0,0,0
744,83,0,0,1,0.041666668,0.034000002,0,0,0,0,0,0
745,83,1,1,0,0.022,0.034000002,0,0,0,0,0,0
746,84,0,1,0,0.045000002,0.035,0,0,0,0,0,0
747,84,0,1,0,0.045000002,0.035,0,0,1,0,0,0
748,84,0,1,0,0.050999999,0.030999999,0,0,0,1,0,0
749,84,0,1,0,0.046999998,0.030999999,0,0,0,0,0,0
750,84,1,0,1,0.044666668,0.034000002,0,0,0,0,0,0
751,85,0,1,0,0.030999999,0.034000002,1,0,0,0,0,0
752,85,0,0,1,0.038333334,0.025,0,0,0,0,0,0
753,85,0,1,0,0.037,0.034000002,0,0,0,0,0,0
754,85,0,1,0,0.037,0.028000001,0,1,0,0,0,0
755,85,1,1,0,0.035999998,0.037,0,0,0,0,0,0
756,86,0,0,1,0.043333334,0.028999999,0,0,0,0,0,1
757,86,0,0,1,0.043333334,0.034000002,0,0,0,0,0,0
758,86,0,0,1,0.041666668,0.028000001,0,0,1,0,0,1
759,86,0,1,0,0.028000001,0.037,0,0,0,0,0,0
760,86,0,1,0,0.039000001,0.034000002,1,0,0,0,0,0
761,86,0,1,0,0.041999999,0.034000002,0,0,1,0,0,0
762,86,0,0,1,0.042333333,0.029999999,0,0,1,0,0,0
763,86,0,1,0,0.035,0.029999999,0,0,0,0,0,0
764,86,1,1,0,0.034000002,0.030999999,0,0,0,0,0,0
765,87,0,0,1,0.043333334,0.037,0,0,0,0,0,1
766,87,0,0,1,0.042000001,0.030999999,0,0,0,0,0,0
767,87,0,1,0,0.021,0.028000001,0,0,0,0,0,0
768,87,0,0,1,0.041666666,0.030999999,0,0,0,0,0,0
769,87,0,1,0,0.030999999,0.030999999,1,0,0,0,0,0
770,87,0,0,1,0.037666667,0.030999999,0,0,0,0,0,0
771,87,0,1,0,0.021,0.030999999,0,0,0,0,0,0
772,87,0,0,1,0.040333333,0.028000001,0,0,0,1,0,0
773,87,1,0,1,0.040333333,0.034000002,0,0,0,0,0,0
774,88,0,1,0,0.030999999,0.034000002,1,0,0,0,0,0
775,88,0,1,0,0.039000001,0.034000002,1,0,0,0,0,0
776,88,0,1,0,0.028000001,0.029999999,0,0,0,0,0,0
777,88,0,1,0,0.034000002,0.030999999,0,0,0,0,0,0
778,88,0,1,0,0.050999999,0.037,0,0,0,0,0,0
779,88,0,1,0,0.037,0.037,0,0,0,0,0,0
780,88,1,1,0,0.052000001,0.037,0,0,1,0,0,0
781,89,0,1,0,0.027000001,0.039000001,0,0,0,0,0,0
782,89,0,1,0,0.012,0.043000001,0,0,1,0,0,0
783,89,0,1,0,0.030999999,0.028000001,1,0,0,0,0,0
784,89,0,1,0,0.041999999,0.034000002,0,0,0,0,0,0
785,89,0,1,0,0.021,0.034000002,0,0,1,0,0,0
786,89,1,1,0,0.017999999,0.041999999,0,0,0,0,0,0
787,90,0,1,0,0.033,0.048,1,0,0,0,0,0
788,90,0,1,0,0.025,0.035,0,0,1,0,0,0
789,90,0,1,0,0.029999999,0.048,0,0,1,0,0,0
790,90,0,1,0,0.027000001,0.048,0,0,1,0,0,0
791,90,0,1,0,0.021,0.028000001,0,0,0,0,0,0
792,90,0,1,0,0.003,0.028000001,0,0,0,0,0,0
793,90,0,1,0,0.034000002,0.028000001,0,0,0,0,0,0
794,90,0,1,0,0.046,0.041000001,0,0,1,1,0,0
795,90,0,1,0,0.012,0.043000001,0,0,1,0,0,0
796,90,0,1,0,0.021,0.034000002,0,0,0,0,0,0
797,90,1,1,0,0.041999999,0.041000001,0,0,0,0,1,0
798,91,0,1,0,0.028000001,0.035999998,0,0,0,0,0,0
799,91,0,1,0,0.022,0.034000002,0,0,0,0,0,0
800,91,0,1,0,0.028000001,0.037,0,0,0,0,0,0
801,91,0,1,0,0.030999999,0.030999999,0,0,0,0,0,0
802,91,0,1,0,0.021,0.030999999,0,0,0,0,0,0
803,91,0,1,0,0.035,0.028000001,0,1,0,0,0,0
804,91,1,1,0,0.022,0.034000002,0,0,0,0,0,0
805,92,0,1,0,0.052000001,0.037,0,0,0,0,0,0
806,92,0,1,0,0.046999998,0.029999999,0,0,0,0,0,0
807,92,0,1,0,0.039000001,0.029999999,0,0,0,0,0,0
808,92,0,1,0,0.030999999,0.030999999,0,0,0,0,1,0
809,92,0,1,0,0.046,0.034000002,0,0,0,0,0,0
810,92,0,1,0,0.050000001,0.034000002,0,0,0,0,0,0
811,92,0,1,0,0.046,0.037,0,0,0,0,0,0
812,92,0,1,0,0.039000001,0.037,0,0,0,0,0,0
813,92,0,1,0,0.052999999,0.037,0,0,0,0,0,0
814,92,1,1,0,0.035999998,0.037,1,0,0,0,0,0
815,93,0,1,0,0.028000001,0.037,0,0,0,0,0,0
816,93,0,1,0,0.017999999,0.034000002,1,0,0,0,0,0
817,93,0,1,0,0.027000001,0.029999999,1,0,0,0,0,0
818,93,0,1,0,0.037,0.029999999,0,0,0,0,0,0
819,93,0,1,0,0.030999999,0.030999999,0,0,0,0,1,0
820,93,0,1,0,0.037,0.028000001,0,0,0,0,0,0
821,93,1,1,0,0.030999999,0.037,1,0,0,0,0,0
822,94,0,1,0,0.033,0.048,0,0,0,0,0,0
823,94,0,1,0,0.033,0.048,0,0,0,0,0,0
824,94,0,0,1,0.041666667,0.039999999,0,0,0,0,0,0
825,94,0,1,0,0.024,0.048,0,0,0,0,0,0
826,94,0,1,0,0.024,0.048,0,0,0,0,0,0
827,94,0,1,0,0.039000001,0.048,0,0,1,0,0,0
828,94,0,1,0,0.029999999,0.048,0,0,1,0,0,0
829,94,0,1,0,0.029999999,0.048,0,0,1,0,0,0
830,94,0,1,0,0.027000001,0.048999999,0,0,0,0,1,0
831,94,0,1,0,0.029999999,0.041000001,0,0,0,1,0,0
832,94,0,0,1,0.041999999,0.041000001,0,0,0,1,0,0
833,94,0,1,0,0.046,0.041000001,0,0,0,1,0,0
834,94,0,1,0,0.029999999,0.041000001,0,0,0,1,0,0
835,94,0,1,0,0.012,0.041000001,0,0,1,0,0,0
836,94,0,1,0,0.012,0.043000001,0,0,1,0,0,0
837,94,0,1,0,0.029999999,0.041000001,0,0,0,0,0,0
838,94,0,0,1,0.043666667,0.034000002,0,0,0,0,0,0
839,94,0,1,0,0.032000002,0.043000001,0,0,0,0,0,0
840,94,0,1,0,0.032000002,0.041000001,0,0,1,0,0,0
841,94,0,1,0,0.032000002,0.041000001,0,0,0,0,0,0
842,94,0,1,0,0.015,0.041000001,0,0,1,0,0,0
843,94,1,1,0,0.015,0.041000001,0,0,1,0,0,0
844,95,0,1,0,0.028000001,0.035999998,0,0,0,0,0,0
845,95,0,1,0,0.041000001,0.037,1,0,0,0,0,0
846,95,0,1,0,0.037,0.037,0,0,0,0,0,0
847,95,0,1,0,0.041999999,0.034000002,0,0,0,0,0,0
848,95,0,1,0,0.041000001,0.035,0,0,1,0,0,0
849,95,1,1,0,0.052999999,0.037,0,0,0,0,0,0
850,96,0,1,0,0.025,0.035999998,0,0,0,0,0,0
851,96,0,1,0,0.021,0.028000001,0,0,0,0,0,0
852,96,0,1,0,0.029999999,0.035,0,0,0,0,0,0
853,96,0,1,0,0.021,0.035,0,0,1,0,0,0
854,96,1,1,0,0.028000001,0.030999999,0,0,0,0,0,0
855,97,0,0,1,0.044,0.034000002,0,0,0,0,0,0
856,97,0,1,0,0.052000001,0.037,0,0,0,0,0,0
857,97,0,1,0,0.052999999,0.030999999,0,0,0,0,0,0
858,97,0,1,0,0.052999999,0.030999999,0,0,0,0,0,0
859,97,0,1,0,0.034000002,0.028000001,0,1,0,0,0,0
860,97,0,1,0,0.034000002,0.028000001,0,0,0,0,0,0
861,97,1,1,0,0.050000001,0.026000001,0,0,0,0,0,0
862,98,0,1,0,0.033,0.046,0,0,0,0,0,0
863,98,0,1,0,0.029999999,0.048,0,0,1,0,0,0
864,98,0,1,0,0.046,0.048,0,0,1,0,0,0
865,98,0,1,0,0.027000001,0.048999999,0,0,0,0,1,0
866,98,0,1,0,0.046,0.041000001,0,0,1,1,0,0
867,98,0,1,0,0.012,0.041000001,0,0,1,0,0,0
868,98,0,1,0,0.012,0.041000001,0,0,1,0,0,0
869,98,0,1,0,0.048,0.041000001,0,0,0,0,0,0
870,98,0,1,0,0.032000002,0.041000001,0,0,1,0,0,0
871,98,0,1,0,0.032000002,0.041000001,0,0,1,0,0,0
872,98,1,1,0,0.032000002,0.041000001,0,0,1,0,0,0
873,99,0,1,0,0.037,0.035,0,0,0,0,0,0
874,99,0,1,0,0.037,0.034000002,0,0,0,0,0,0
875,99,0,1,0,0.030999999,0.037,0,0,0,0,1,0
876,99,0,1,0,0.030999999,0.037,0,0,0,0,0,0
877,99,0,0,1,0.041666668,0.033,0,0,0,1,0,0
878,99,0,1,0,0.030999999,0.037,0,0,0,0,0,0
879,99,1,1,0,0.034000002,0.030999999,0,0,0,0,0,0
880,100,0,1,0,0.039000001,0.041000001,0,0,0,0,0,0
881,100,0,1,0,0.034000002,0.030999999,0,0,0,0,0,0
882,100,0,1,0,0.035,0.028000001,1,0,0,0,0,0
883,100,0,1,0,0.035,0.028000001,0,0,0,0,0,0
884,100,0,1,0,0.024,0.028000001,0,0,1,0,0,0
885,100,0,1,0,0.041999999,0.034000002,0,0,0,0,0,0
886,100,0,1,0,0.039000001,0.037,0,0,0,0,1,0
887,100,0,1,0,0.035,0.028000001,0,1,0,0,0,0
888,100,0,1,0,0.035,0.034000002,0,0,0,0,0,0
889,100,0,1,0,0.043000001,0.034000002,0,0,0,0,0,0
890,100,0,1,0,0.028000001,0.034000002,0,0,0,0,0,0
891,100,1,1,0,0.043000001,0.034000002,0,0,0,0,0,0
892,101,0,1,0,0.017999999,0.034000002,0,0,0,0,0,0
893,101,0,1,0,0.022,0.034000002,1,0,0,0,0,0
894,101,0,1,0,0.030999999,0.034000002,1,0,0,0,0,0
895,101,0,1,0,0.028000001,0.029999999,1,0,0,0,0,0
896,101,0,1,0,0.041999999,0.028000001,0,0,0,0,0,0
897,101,0,1,0,0.039000001,0.039999999,0,0,0,0,1,0
898,101,0,1,0,0.034000002,0.030999999,0,0,0,0,0,0
899,101,0,1,0,0.030999999,0.030999999,1,0,0,0,0,0
900,101,0,1,0,0.030999999,0.030999999,1,0,0,0,0,0
901,101,0,1,0,0.041999999,0.034000002,0,0,0,0,0,0
902,101,0,1,0,0.034000002,0.034000002,0,0,0,0,0,0
903,101,0,1,0,0.021,0.034000002,0,0,1,0,0,0
904,101,0,1,0,0.030999999,0.037,0,0,0,0,1,0
905,101,1,1,0,0.037,0.028000001,0,0,0,0,0,0
906,102,0,1,0,0.028000001,0.039999999,0,0,0,0,0,0
907,102,0,1,0,0.034000002,0.030999999,0,0,0,0,0,0
908,102,0,1,0,0.034000002,0.028000001,0,1,0,0,0,0
909,102,0,1,0,0.030999999,0.037,0,0,0,0,0,0
910,102,0,1,0,0.029999999,0.035,0,0,0,0,0,0
911,102,0,1,0,0.046999998,0.029999999,0,0,0,0,0,0
912,102,0,1,0,0.034000002,0.030999999,0,0,0,0,0,0
913,102,0,1,0,0.034000002,0.030999999,0,0,0,0,0,0
914,102,0,1,0,0.050000001,0.030999999,0,0,0,0,0,0
915,102,0,1,0,0.046999998,0.030999999,0,0,0,0,0,0
916,102,0,1,0,0.034000002,0.028000001,0,1,0,0,0,0
917,102,0,1,0,0.034000002,0.034000002,0,0,0,0,0,0
918,102,0,1,0,0.032000002,0.043000001,0,0,1,0,0,0
919,102,0,1,0,0.046,0.028000001,0,0,0,0,1,0
920,102,1,1,0,0.037,0.037,0,0,0,0,0,0
921,103,0,1,0,0.028000001,0.035999998,0,0,0,0,0,0
922,103,0,1,0,0.022,0.037,1,0,0,0,0,0
923,103,0,1,0,0.029999999,0.048,0,0,1,0,0,0
924,103,0,1,0,0.028000001,0.029999999,1,0,0,0,0,0
925,103,0,1,0,0.025,0.029999999,0,0,0,0,0,0
926,103,0,1,0,0.039000001,0.029999999,1,0,0,0,0,0
927,103,0,1,0,0.028000001,0.028000001,0,0,0,0,0,0
928,103,0,1,0,0.034000002,0.030999999,0,0,0,0,0,0
929,103,0,1,0,0.030999999,0.030999999,0,0,0,0,1,0
930,103,0,1,0,0.046999998,0.030999999,0,0,0,0,0,0
931,103,0,1,0,0.034000002,0.034000002,0,0,0,0,0,0
932,103,0,1,0,0.050000001,0.034000002,0,0,0,0,0,0
933,103,0,1,0,0.039000001,0.028999999,0,0,0,0,1,0
934,103,1,1,0,0.037,0.037,1,0,0,0,0,0
935,104,0,1,0,0.030999999,0.034000002,0,0,0,0,0,0
936,104,0,1,0,0.029999999,0.028999999,0,0,0,0,0,0
937,104,0,1,0,0.034000002,0.030999999,0,0,0,0,0,0
938,104,0,1,0,0.037,0.034000002,0,0,0,0,0,0
939,104,1,1,0,0.037,0.034000002,0,0,0,0,0,0
940,105,0,1,0,0.037,0.037,0,0,0,0,0,0
941,105,0,1,0,0.022,0.034000002,0,0,0,0,0,0
942,105,0,0,1,0.039333333,0.030999999,0,0,1,0,0,0
943,105,0,0,1,0.043666667,0.030999999,0,0,0,0,0,0
944,105,0,1,0,0.050000001,0.028000001,0,1,0,0,0,0
945,105,0,1,0,0.030999999,0.034000002,1,0,0,0,0,0
946,105,1,0,1,0.042,0.034000002,0,0,0,0,0,0
947,106,0,1,0,0.050000001,0.030999999,0,0,0,0,0,0
948,106,0,1,0,0.050000001,0.030999999,0,0,0,0,0,0
949,106,0,1,0,0.050000001,0.030999999,0,0,0,0,0,0
950,106,0,1,0,0.050000001,0.030999999,0,0,0,0,0,0
951,106,0,1,0,0.050000001,0.028000001,0,1,0,0,0,0
952,106,0,1,0,0.046,0.035,0,0,0,0,0,0
953,106,0,1,0,0.044,0.041000001,0,0,0,0,0,0
954,106,1,1,0,0.052000001,0.037,0,0,0,0,0,0
955,107,0,0,1,0.045,0.034000002,0,0,0,0,0,0
956,107,0,0,1,0.045,0.028000001,0,0,0,0,0,0
957,107,0,0,1,0.045,0.037,0,0,0,0,0,0
958,107,0,0,1,0.032333334,0.028000001,0,0,1,0,0,0
959,107,0,1,0,0.022,0.035,0,0,0,0,0,0
960,107,0,0,1,0.042333333,0.029999999,0,0,0,0,0,0
961,107,0,0,1,0.039666667,0.029999999,0,0,0,0,0,0
962,107,0,1,0,0.046,0.041000001,0,0,1,1,0,0
963,107,0,1,0,0.039000001,0.030999999,0,0,0,0,1,0
964,107,0,0,1,0.043666667,0.030999999,0,0,1,0,0,0
965,107,0,0,1,0.042000001,0.030999999,0,0,0,0,0,1
966,107,0,1,0,0.012,0.043000001,0,0,1,0,0,0
967,107,0,1,0,0.030999999,0.030999999,0,0,0,0,0,0
968,107,0,1,0,0.029999999,0.041000001,0,0,0,0,0,0
969,107,0,0,1,0.043000002,0.028000001,0,0,0,0,0,0
970,107,0,0,1,0.042666666,0.030999999,0,0,0,0,0,0
971,107,0,0,1,0.043666667,0.030999999,0,0,0,0,0,0
972,107,0,0,1,0.045000001,0.034000002,0,1,0,0,0,0
973,107,0,0,1,0.045666667,0.025,0,0,0,0,0,0
974,107,0,0,1,0.045666667,0.034000002,0,1,0,0,0,0
975,107,0,0,1,0.042000001,0.034000002,0,0,0,0,0,0
976,107,0,0,1,0.044666666,0.037,0,0,0,0,0,0
977,107,0,0,1,0.043333334,0.037,0,0,1,0,0,0
978,107,0,0,1,0.041333334,0.028000001,0,0,0,0,0,0
979,107,0,0,1,0.046666667,0.037,0,0,0,0,0,0
980,107,0,1,0,0.030999999,0.037,0,0,0,0,1,0
981,107,0,1,0,0.035999998,0.037,0,0,0,0,0,0
982,107,1,0,1,0.047333333,0.037,0,0,0,0,0,0
983,108,0,1,0,0.030999999,0.037,0,0,0,0,1,0
984,108,0,1,0,0.030999999,0.037,0,0,0,0,1,0
985,108,0,1,0,0.027000001,0.028000001,0,0,0,0,0,0
986,108,0,1,0,0.021,0.028000001,0,0,0,0,0,0
987,108,0,1,0,0.041999999,0.028000001,1,0,0,0,0,0
988,108,1,1,0,0.017999999,0.041999999,0,0,0,0,0,0
989,109,0,1,0,0.030999999,0.030999999,1,0,0,0,0,0
990,109,0,0,1,0.042333333,0.029999999,0,0,0,0,0,0
991,109,0,1,0,0.032000002,0.034000002,0,0,0,0,0,0
992,109,0,1,0,0.017999999,0.030999999,0,0,1,0,0,0
993,109,0,1,0,0.046999998,0.030999999,0,0,0,0,0,0
994,109,0,1,0,0.030999999,0.030999999,1,0,0,0,0,0
995,109,0,0,1,0.044666668,0.028000001,0,1,0,0,0,0
996,109,0,1,0,0.021,0.034000002,0,0,0,0,0,0
997,109,0,1,0,0.046,0.028000001,0,1,0,0,0,0
998,109,1,1,0,0.022,0.034000002,0,0,0,0,0,0
999,110,0,1,0,0.050000001,0.041000001,0,0,0,0,0,0
1000,110,0,1,0,0.034000002,0.033,0,0,0,0,0,0
1001,110,0,1,0,0.034000002,0.028000001,0,1,0,0,0,0
1002,110,0,1,0,0.034000002,0.028000001,0,0,0,0,0,0
1003,110,0,1,0,0.034000002,0.029999999,0,0,0,0,0,0
1004,110,0,1,0,0.035,0.028000001,0,1,0,0,0,0
1005,110,1,1,0,0.045000002,0.034000002,0,0,0,0,0,0
1006,111,0,1,0,0.037,0.034000002,0,0,0,0,0,0
1007,111,0,1,0,0.037,0.037,0,0,0,0,0,0
1008,111,0,1,0,0.050000001,0.029999999,0,0,0,0,0,0
1009,111,0,1,0,0.034000002,0.028000001,0,1,0,0,0,0
1010,111,0,1,0,0.050000001,0.030999999,0,0,0,0,0,0
1011,111,0,1,0,0.050000001,0.030999999,0,0,0,0,0,0
1012,111,1,1,0,0.050000001,0.034000002,0,0,0,0,0,0
1013,112,0,1,0,0.037,0.034000002,0,0,0,0,0,0
1014,112,0,1,0,0.037,0.037,0,0,0,0,0,0
1015,112,0,1,0,0.030999999,0.037,0,0,0,0,0,0
1016,112,0,1,0,0.030999999,0.034000002,0,0,0,0,0,0
1017,112,0,1,0,0.039000001,0.034000002,1,0,0,0,0,0
1018,112,0,1,0,0.029999999,0.029999999,0,0,0,0,0,0
1019,112,0,1,0,0.046999998,0.030999999,1,0,0,0,0,0
1020,112,0,1,0,0.034000002,0.030999999,0,0,0,0,0,0
1021,112,0,1,0,0.034000002,0.030999999,0,0,0,0,0,0
1022,112,0,1,0,0.034000002,0.030999999,0,0,0,0,0,0
1023,112,0,1,0,0.034000002,0.030999999,0,0,0,0,0,0
1024,112,0,1,0,0.034000002,0.030999999,0,0,0,0,0,0
1025,112,0,1,0,0.034000002,0.030999999,0,0,0,0,0,0
1026,112,0,1,0,0.034000002,0.028999999,0,0,0,0,0,0
1027,112,0,1,0,0.034000002,0.034000002,0,0,0,0,0,0
1028,112,0,1,0,0.034000002,0.025,0,1,0,0,0,0
1029,112,0,1,0,0.037,0.034000002,0,0,0,0,0,0
1030,112,0,1,0,0.037,0.034000002,0,0,0,0,0,0
1031,112,0,1,0,0.046,0.037,1,0,0,0,0,0
1032,112,0,1,0,0.037,0.037,0,0,0,0,0,0
1033,112,1,1,0,0.037,0.037,0,0,0,0,0,0
1034,113,0,1,0,0.029999999,0.028000001,0,0,1,0,0,0
1035,113,0,1,0,0.043000001,0.030999999,0,0,0,0,0,0
1036,113,0,1,0,0.030999999,0.034000002,1,0,0,0,0,0
1037,113,0,1,0,0.021,0.034000002,0,0,0,0,0,0
1038,113,0,1,0,0.021,0.034000002,0,0,0,0,0,0
1039,113,1,1,0,0.022,0.033,0,0,0,0,0,0
1040,114,0,1,0,0.034000002,0.041000001,0,0,0,0,0,0
1041,114,0,1,0,0.030999999,0.037999999,0,0,0,0,0,0
1042,114,0,1,0,0.044,0.044,0,0,0,0,0,0
1043,114,0,1,0,0.028000001,0.035999998,0,0,0,1,0,0
1044,114,0,1,0,0.017000001,0.035999998,0,0,0,1,0,0
1045,114,0,1,0,0.015,0.028999999,0,0,0,0,0,0
1046,114,0,1,0,0.037999999,0.035,0,0,1,0,0,0
1047,114,1,1,0,0.025,0.030999999,1,0,0,0,0,0
1048,115,0,1,0,0.022,0.030999999,0,0,0,0,0,0
1049,115,0,1,0,0.025,0.037,0,0,0,0,0,0
1050,115,0,1,0,0.030999999,0.037,0,0,0,0,0,0
1051,115,0,1,0,0.029999999,0.028000001,0,0,0,0,0,0
1052,115,0,1,0,0.021,0.028000001,0,0,0,0,0,0
1053,115,0,1,0,0.050000001,0.030999999,0,0,0,0,0,0
1054,115,0,1,0,0.037,0.030999999,0,0,0,0,0,0
1055,115,0,1,0,0.037,0.030999999,0,0,0,0,0,0
1056,115,0,1,0,0.030999999,0.030999999,1,0,0,0,0,0
1057,115,0,1,0,0.037,0.030999999,0,0,0,0,0,0
1058,115,0,1,0,0.037,0.030999999,0,0,0,0,0,0
1059,115,0,1,0,0.037,0.032000002,0,0,0,0,0,0
1060,115,0,1,0,0.035,0.034000002,0,0,0,0,0,0
1061,115,0,1,0,0.021,0.034000002,0,0,1,0,0,0
1062,115,0,1,0,0.021,0.034000002,0,0,1,0,0,0
1063,115,1,1,0,0.022,0.034000002,0,0,0,0,0,0
1064,116,0,0,1,0.043333334,0.027000001,0,0,0,0,0,1
1065,116,0,1,0,0.030999999,0.035,0,0,1,0,0,0
1066,116,0,1,0,0.030999999,0.028000001,1,0,0,0,0,0
1067,116,0,1,0,0.021,0.028000001,0,0,0,0,0,0
1068,116,0,1,0,0.006,0.029999999,0,0,0,0,0,0
1069,116,0,1,0,0.021,0.030999999,0,0,0,0,0,0
1070,116,0,1,0,0.021,0.035,0,0,1,0,0,0
1071,116,0,1,0,0.041999999,0.030999999,0,0,0,0,0,0
1072,116,0,1,0,0.034000002,0.039999999,1,0,0,0,0,0
1073,116,0,0,1,0.043000002,0.028000001,0,1,0,0,0,0
1074,116,0,1,0,0.041999999,0.041999999,0,0,0,0,0,0
1075,116,0,1,0,0.043000001,0.034000002,0,0,0,0,0,0
1076,116,1,1,0,0.037,0.034000002,0,0,0,0,0,0
1077,117,0,0,1,0.045,0.026000001,0,0,0,0,0,0
1078,117,0,1,0,0.030999999,0.034000002,0,0,0,0,0,0
1079,117,0,1,0,0.028000001,0.037,0,0,0,0,0,0
1080,117,0,1,0,0.039000001,0.034000002,1,0,0,0,0,0
1081,117,1,1,0,0.037999999,0.029999999,1,0,0,0,0,0
1082,118,0,1,0,0.028000001,0.035999998,0,0,0,0,0,0
1083,118,0,1,0,0.037,0.028000001,0,0,0,0,0,0
1084,118,0,1,0,0.050000001,0.028000001,0,1,0,0,0,0
1085,118,0,1,0,0.050000001,0.034000002,0,0,0,0,0,0
1086,118,1,1,0,0.044,0.034000002,0,0,0,0,0,0
1087,119,0,0,1,0.045,0.028000001,0,0,0,0,0,0
1088,119,0,0,1,0.042333333,0.029999999,0,0,0,0,0,0
1089,119,0,0,1,0.040333334,0.029999999,1,0,0,0,0,0
1090,119,0,0,1,0.036,0.029999999,0,0,0,0,1,0
1091,119,0,0,1,0.041000001,0.030999999,1,0,0,0,0,0
1092,119,0,0,1,0.043000002,0.028000001,0,1,0,0,0,0
1093,119,0,0,1,0.044666668,0.030999999,0,0,0,0,0,0
1094,119,0,0,1,0.044666668,0.028000001,0,0,0,0,0,0
1095,119,0,0,1,0.045666667,0.025,0,0,0,0,0,0
1096,119,1,0,1,0.044333334,0.028000001,0,1,0,0,0,0
1097,120,0,1,0,0.017999999,0.039999999,0,0,0,0,0,0
1098,120,0,1,0,0.037,0.039000001,0,0,0,0,0,0
1099,120,0,1,0,0.029999999,0.028000001,0,0,1,0,0,0
1100,120,0,1,0,0.028000001,0.030999999,0,0,1,0,0,0
1101,120,0,1,0,0.030999999,0.034000002,1,0,0,0,0,0
1102,120,0,1,0,0.037,0.034000002,0,0,0,0,0,0
1103,120,0,1,0,0.021,0.034000002,0,0,0,0,0,0
1104,120,0,1,0,0.021,0.034000002,0,0,0,0,0,0
1105,120,1,1,0,0.022,0.034000002,0,0,0,0,0,0
1106,121,0,0,1,0.045333333,0.017999999,0,0,0,0,0,0
1107,121,0,1,0,0.012,0.037,1,0,0,0,0,0
1108,121,0,0,1,0.039666668,0.030999999,1,0,0,0,0,0
1109,121,0,1,0,0.021,0.028000001,0,0,0,0,0,0
1110,121,1,1,0,0.021,0.028000001,0,0,0,0,0,0
1111,122,0,0,1,0.045,0.034000002,0,0,0,0,0,0
1112,122,0,0,1,0.035000001,0.028999999,0,0,0,0,0,0
1113,122,0,1,0,0.034000002,0.030999999,0,0,1,0,0,0
1114,122,0,1,0,0.029999999,0.030999999,0,0,0,0,0,0
1115,122,0,1,0,0.034000002,0.034000002,0,0,0,0,0,0
1116,122,1,1,0,0.021,0.034000002,0,0,0,0,0,0
1117,123,0,1,0,0.034000002,0.028000001,0,0,0,0,0,1
1118,123,0,1,0,0.032000002,0.034000002,0,0,0,0,0,0
1119,123,0,1,0,0.030999999,0.037,1,0,0,0,0,0
1120,123,0,1,0,0.030999999,0.035,0,0,1,0,0,0
1121,123,0,1,0,0.028000001,0.028000001,0,0,0,0,0,0
1122,123,0,1,0,0.030999999,0.030999999,1,0,0,0,0,0
1123,123,0,1,0,0.034000002,0.030999999,0,0,1,0,0,0
1124,123,1,1,0,0.030999999,0.030999999,1,0,0,0,0,0
1125,124,0,1,0,0.037,0.037,0,0,0,0,0,0
1126,124,0,1,0,0.026000001,0.068999998,0,0,0,0,0,0
1127,124,0,1,0,0.030999999,0.034000002,0,0,0,0,0,0
1128,124,0,1,0,0.030999999,0.034000002,1,0,0,0,0,0
1129,124,0,1,0,0.029999999,0.029999999,0,0,0,0,0,0
1130,124,0,1,0,0.035,0.029999999,0,0,0,0,0,0
1131,124,0,1,0,0.039000001,0.029999999,0,0,0,0,0,0
1132,124,0,1,0,0.034000002,0.030999999,0,0,0,0,0,0
1133,124,0,1,0,0.034000002,0.030999999,0,0,0,0,0,0
1134,124,0,1,0,0.030999999,0.030999999,0,0,0,0,0,0
1135,124,0,1,0,0.030999999,0.030999999,0,0,0,0,0,0
1136,124,0,1,0,0.034000002,0.030999999,0,0,0,0,0,0
1137,124,0,1,0,0.034000002,0.028999999,0,0,0,0,0,0
1138,124,0,1,0,0.034000002,0.034000002,0,0,0,0,0,0
1139,124,0,1,0,0.037,0.034000002,0,0,0,0,0,0
1140,124,0,1,0,0.037,0.028999999,0,0,0,0,1,0
1141,124,0,1,0,0.037,0.037,0,0,0,0,0,0
1142,124,1,1,0,0.037,0.037,0,0,0,0,0,0
1143,125,0,0,1,0.045,0.034000002,0,0,0,0,0,0
1144,125,0,1,0,0.037999999,0.034000002,1,0,0,0,0,0
1145,125,0,1,0,0.052000001,0.034000002,1,0,0,0,0,0
1146,125,0,1,0,0.034000002,0.037,0,0,0,0,0,0
1147,125,0,0,1,0.041666667,0.029999999,0,0,0,0,0,0
1148,125,0,1,0,0.046999998,0.030999999,0,0,1,0,0,0
1149,125,0,1,0,0.050000001,0.030999999,0,0,0,0,0,0
1150,125,0,1,0,0.046,0.030999999,0,0,0,0,0,0
1151,125,0,1,0,0.050000001,0.030999999,0,0,0,0,0,0
1152,125,0,1,0,0.050000001,0.030999999,0,0,0,0,0,0
1153,125,0,1,0,0.050000001,0.028000001,0,1,0,0,0,0
1154,125,0,1,0,0.050000001,0.034000002,0,0,0,0,0,0
1155,125,1,1,0,0.050000001,0.037,0,0,0,0,0,0
1156,126,0,1,0,0.039000001,0.029999999,1,0,0,0,0,0
1157,126,0,1,0,0.039000001,0.030999999,1,0,0,0,0,0
1158,126,0,1,0,0.030999999,0.030999999,0,0,0,0,0,0
1159,126,0,1,0,0.030999999,0.034000002,0,0,0,0,0,0
1160,126,1,1,0,0.039000001,0.028000001,0,0,0,0,1,0
1161,127,0,1,0,0.052000001,0.034000002,0,0,0,0,0,0
1162,127,0,1,0,0.022,0.034000002,0,0,0,0,0,0
1163,127,0,1,0,0.052000001,0.037,0,0,0,0,0,0
1164,127,0,1,0,0.045000002,0.035999998,0,0,0,0,0,0
1165,127,0,1,0,0.039000001,0.030999999,1,0,0,0,0,0
1166,127,0,1,0,0.034000002,0.028000001,0,0,1,0,0,0
1167,127,0,1,0,0.037,0.028000001,0,0,0,0,0,0
1168,127,0,1,0,0.034000002,0.028000001,0,0,0,0,0,0
1169,127,0,1,0,0.021,0.028000001,0,0,0,0,0,0
1170,127,0,1,0,0.021,0.028000001,0,0,0,0,0,0
1171,127,0,1,0,0.022,0.030999999,1,0,0,0,0,0
1172,127,0,1,0,0.046,0.030999999,0,0,0,0,0,0
1173,127,0,1,0,0.039000001,0.033,0,0,0,0,0,0
1174,127,0,1,0,0.034000002,0.030999999,0,0,0,0,0,0
1175,127,0,1,0,0.030999999,0.030999999,1,0,0,0,0,0
1176,127,0,1,0,0.021,0.030999999,0,0,0,0,0,0
1177,127,0,1,0,0.021,0.030999999,0,0,0,0,0,0
1178,127,0,1,0,0.035,0.028000001,0,0,0,1,0,0
1179,127,0,1,0,0.035,0.034000002,0,0,0,0,0,0
1180,127,0,1,0,0.034000002,0.034000002,0,0,0,0,0,0
1181,127,0,0,1,0.042666666,0.034000002,0,0,0,0,0,0
1182,127,1,1,0,0.022,0.034000002,0,0,0,0,0,0
1183,128,0,1,0,0.022,0.034000002,0,0,0,0,0,0
1184,128,0,0,1,0.041333334,0.033,0,0,0,1,0,0
1185,128,0,1,0,0.039000001,0.033,1,0,0,1,0,0
1186,128,0,1,0,0.021,0.035,0,0,1,0,0,0
1187,128,0,1,0,0.030999999,0.030999999,0,0,0,0,1,0
1188,128,0,1,0,0.034000002,0.030999999,0,0,1,0,0,0
1189,128,1,0,1,0.042000001,0.030999999,0,0,0,1,0,0
1190,129,0,1,0,0.045000002,0.039999999,0,0,0,0,0,0
1191,129,0,1,0,0.034000002,0.029999999,0,0,0,1,0,0
1192,129,0,1,0,0.027000001,0.028000001,0,0,0,0,0,0
1193,129,0,1,0,0.043000001,0.030999999,0,0,0,0,0,0
1194,129,0,1,0,0.041999999,0.035,1,0,0,0,0,0
1195,129,0,1,0,0.046,0.034000002,0,0,0,0,0,0
1196,129,1,1,0,0.046,0.034000002,0,0,0,0,0,0
1197,130,0,1,0,0.017999999,0.039999999,0,0,0,0,0,0
1198,130,0,1,0,0.028000001,0.030999999,0,0,0,0,0,0
1199,130,0,1,0,0.046,0.030999999,0,0,0,0,0,0
1200,130,0,1,0,0.028000001,0.037,0,0,0,0,0,0
1201,130,0,1,0,0.029999999,0.028000001,0,0,0,0,0,0
1202,130,0,1,0,0.029999999,0.028000001,0,0,0,0,0,0
1203,130,0,1,0,0.021,0.028000001,0,0,0,0,0,0
1204,130,0,1,0,0.041999999,0.034000002,0,0,0,0,0,0
1205,130,0,1,0,0.041999999,0.028000001,0,0,0,0,0,0
1206,130,0,1,0,0.037999999,0.034000002,1,0,0,0,0,0
1207,130,0,1,0,0.037,0.034000002,0,0,0,0,0,0
1208,130,0,1,0,0.022,0.034000002,0,0,0,0,0,0
1209,130,1,1,0,0.037,0.034000002,0,0,0,0,0,0
1210,131,0,1,0,0.025,0.034000002,0,0,0,0,0,0
1211,131,0,1,0,0.028000001,0.037,0,0,0,0,0,0
1212,131,0,1,0,0.041999999,0.030999999,0,0,0,0,0,0
1213,131,0,1,0,0.041999999,0.030999999,0,0,0,0,0,0
1214,131,0,1,0,0.041999999,0.034000002,0,0,0,0,0,0
1215,131,1,1,0,0.022,0.034000002,0,0,0,0,0,0
1216,132,0,1,0,0.025,0.028000001,0,0,0,0,0,1
1217,132,0,1,0,0.034000002,0.037,0,0,0,0,0,0
1218,132,0,1,0,0.030999999,0.030999999,0,0,0,0,0,1
1219,132,0,1,0,0.030999999,0.032000002,0,0,0,0,0,0
1220,132,0,1,0,0.024,0.028000001,0,0,0,0,0,0
1221,132,0,1,0,0.050000001,0.037,0,0,0,1,0,0
1222,132,0,1,0,0.045000002,0.037,0,0,0,0,1,0
1223,132,0,1,0,0.030999999,0.030999999,0,0,0,0,0,0
1224,132,1,1,0,0.030999999,0.030999999,0,0,0,0,0,0
1225,133,0,1,0,0.022,0.034000002,0,0,0,0,0,0
1226,133,0,0,1,0.033666667,0.028000001,1,0,0,0,0,0
1227,133,0,0,1,0.036666668,0.029999999,0,0,0,0,0,0
1228,133,0,0,1,0.041666668,0.034000002,0,0,0,0,0,0
1229,133,1,1,0,0.021,0.034000002,0,0,0,0,0,0
1230,134,0,1,0,0.028000001,0.035999998,0,0,0,0,0,0
1231,134,0,1,0,0.030999999,0.037,1,0,0,0,0,0
1232,134,0,1,0,0.030999999,0.037,0,0,0,0,0,0
1233,134,0,1,0,0.046999998,0.030999999,1,0,0,0,0,0
1234,134,1,1,0,0.023,0.030999999,1,0,0,0,0,0
1235,135,0,1,0,0.039000001,0.034000002,0,0,0,0,1,0
1236,135,0,1,0,0.035,0.029999999,0,0,0,0,0,0
1237,135,0,1,0,0.021,0.029999999,0,0,0,0,0,0
1238,135,0,1,0,0.037999999,0.035,0,0,0,1,0,0
1239,135,0,1,0,0.035,0.039999999,0,0,0,0,0,0
1240,135,1,1,0,0.034000002,0.034000002,0,0,0,0,0,0
1241,136,0,1,0,0.044,0.037,0,0,0,0,0,0
1242,136,0,1,0,0.045000002,0.033,0,0,0,1,0,0
1243,136,0,1,0,0.043000001,0.034000002,0,0,0,0,0,0
1244,136,0,1,0,0.046,0.034000002,0,0,0,0,0,0
1245,136,1,1,0,0.043000001,0.034000002,0,0,0,0,0,0
1246,137,0,1,0,0.034000002,0.030999999,0,0,0,0,0,0
1247,137,0,1,0,0.030999999,0.030999999,1,0,0,0,0,0
1248,137,0,1,0,0.041999999,0.028000001,0,0,0,0,0,0
1249,137,0,1,0,0.041999999,0.029999999,0,0,0,0,0,0
1250,137,0,1,0,0.041999999,0.034000002,0,0,0,0,0,0
1251,137,0,1,0,0.041999999,0.034000002,0,0,0,0,1,0
1252,137,0,1,0,0.041999999,0.034000002,0,0,0,0,0,0
1253,137,0,1,0,0.046,0.034000002,0,0,0,0,0,0
1254,137,0,1,0,0.021,0.034000002,0,0,0,0,0,0
1255,137,0,1,0,0.022,0.033,0,0,0,0,0,0
1256,137,1,1,0,0.037,0.034000002,0,0,0,0,0,0
1257,138,0,0,1,0.044333334,0.028000001,0,1,0,0,0,0
1258,138,0,1,0,0.043000001,0.029999999,0,0,0,0,0,0
1259,138,0,1,0,0.034000002,0.030999999,0,0,0,0,0,0
1260,138,0,1,0,0.035,0.035,0,0,0,0,1,0
1261,138,0,1,0,0.024,0.030999999,0,0,0,0,0,0
1262,138,0,1,0,0.034000002,0.030999999,0,0,0,0,0,0
1263,138,0,1,0,0.034000002,0.030999999,0,0,0,0,0,0
1264,138,0,0,1,0.045333333,0.028000001,0,0,0,0,0,0
1265,138,1,1,0,0.022,0.034000002,0,0,0,0,0,0
1266,139,0,1,0,0.034000002,0.037,0,0,0,0,0,0
1267,139,0,1,0,0.037,0.039000001,0,0,0,0,0,0
1268,139,0,1,0,0.034000002,0.030999999,0,0,0,0,0,0
1269,139,0,1,0,0.029999999,0.028000001,0,1,0,0,0,0
1270,139,0,1,0,0.029999999,0.028000001,0,0,0,0,0,0
1271,139,0,1,0,0.029999999,0.029999999,0,0,0,0,0,0
1272,139,0,1,0,0.034000002,0.030999999,0,0,0,0,0,0
1273,139,0,1,0,0.034000002,0.030999999,0,0,0,0,0,0
1274,139,0,1,0,0.050999999,0.037,0,0,0,0,0,0
1275,139,0,1,0,0.043000001,0.034000002,0,0,0,0,0,0
1276,139,0,1,0,0.041999999,0.034000002,0,0,0,0,0,0
1277,139,0,1,0,0.035,0.034000002,1,0,0,0,0,0
1278,139,0,1,0,0.037,0.028999999,0,0,0,0,0,0
1279,139,1,1,0,0.037999999,0.034000002,0,0,0,0,0,0
1280,140,0,1,0,0.050000001,0.034000002,0,0,0,0,0,0
1281,140,0,1,0,0.050000001,0.034000002,0,0,0,0,0,0
1282,140,0,1,0,0.039000001,0.030999999,1,0,0,0,0,0
1283,140,0,0,1,0.038333334,0.028000001,0,1,0,0,0,0
1284,140,0,1,0,0.035,0.029999999,0,0,0,0,0,0
1285,140,0,1,0,0.029999999,0.028000001,0,0,0,0,0,0
1286,140,0,1,0,0.034000002,0.028000001,0,0,0,0,0,0
1287,140,0,1,0,0.030999999,0.028000001,1,0,0,0,0,0
1288,140,0,1,0,0.034000002,0.028000001,0,0,0,0,0,0
1289,140,0,1,0,0.034000002,0.028999999,0,0,0,0,0,0
1290,140,0,1,0,0.037,0.034000002,0,0,0,0,0,0
1291,140,0,1,0,0.037,0.034000002,0,0,0,0,0,0
1292,140,0,1,0,0.037,0.034000002,1,0,0,0,0,0
1293,140,0,1,0,0.021,0.034000002,0,0,0,0,0,0
1294,140,1,1,0,0.037,0.028000001,0,1,0,0,0,0
1295,141,0,1,0,0.030999999,0.037,1,0,0,0,0,0
1296,141,0,1,0,0.025,0.034000002,0,0,0,0,0,0
1297,141,0,1,0,0.030999999,0.037,0,0,0,0,0,0
1298,141,0,1,0,0.030999999,0.034000002,0,0,0,0,1,0
1299,141,0,1,0,0.035,0.029999999,1,0,0,0,0,0
1300,141,0,1,0,0.028999999,0.029999999,1,0,0,0,0,0
1301,141,0,1,0,0.030999999,0.030999999,0,0,0,0,0,0
1302,141,0,1,0,0.039000001,0.030999999,1,0,0,0,0,0
1303,141,1,1,0,0.030999999,0.037,0,0,0,0,0,0
1304,142,0,1,0,0.037,0.037,1,0,0,0,0,0
1305,142,0,1,0,0.030999999,0.034000002,1,0,0,0,0,0
1306,142,0,1,0,0.028000001,0.037,0,0,0,0,0,0
1307,142,0,1,0,0.029999999,0.050000001,0,0,0,0,0,0
1308,142,0,1,0,0.046999998,0.030999999,0,0,1,0,0,0
1309,142,0,1,0,0.034000002,0.030999999,0,0,1,0,0,0
1310,142,0,1,0,0.029999999,0.046999998,0,0,1,0,0,0
1311,142,0,1,0,0.030999999,0.030999999,0,0,0,0,0,0
1312,142,1,1,0,0.032000002,0.041000001,0,0,0,0,0,0
1313,143,0,1,0,0.037,0.034000002,0,0,0,0,0,0
1314,143,0,1,0,0.030999999,0.034000002,1,0,0,0,0,0
1315,143,0,1,0,0.029999999,0.029999999,0,0,0,0,0,0
1316,143,0,1,0,0.029999999,0.029999999,0,0,0,0,0,0
1317,143,0,1,0,0.025,0.030999999,0,0,0,0,1,0
1318,143,0,1,0,0.030999999,0.032000002,1,0,0,0,0,0
1319,143,1,1,0,0.030999999,0.034000002,1,0,0,0,0,0
1320,144,0,0,1,0.044,0.025,0,0,0,0,0,0
1321,144,0,1,0,0.02,0.028000001,0,0,0,0,0,0
1322,144,0,1,0,0.035,0.030999999,0,0,0,0,1,0
1323,144,0,1,0,0.046,0.030999999,0,0,0,0,0,0
1324,144,0,1,0,0.043000001,0.034000002,0,0,0,0,0,0
1325,144,0,1,0,0.046,0.034000002,0,0,0,0,0,0
1326,144,0,1,0,0.046,0.028000001,0,1,0,0,0,0
1327,144,0,0,1,0.041666666,0.034000002,0,0,0,0,0,0
1328,144,0,0,1,0.041333334,0.034000002,0,0,0,0,0,0
1329,144,1,1,0,0.052999999,0.037,1,0,0,0,0,0
1330,145,0,1,0,0.017999999,0.018999999,0,0,0,0,0,0
1331,145,0,1,0,0.034000002,0.028000001,0,0,0,0,0,0
1332,145,0,1,0,0.043000001,0.033,0,0,0,0,0,0
1333,145,0,1,0,0.046999998,0.030999999,0,0,0,0,0,0
1334,145,0,1,0,0.035,0.028000001,0,0,0,0,0,0
1335,145,0,1,0,0.043000001,0.034000002,1,0,0,0,0,0
1336,145,1,1,0,0.052999999,0.037,0,0,0,0,0,0
1337,146,0,0,1,0.038000001,0.015,0,0,1,0,0,0
1338,146,0,1,0,0.021,0.028000001,0,0,0,0,0,0
1339,146,0,1,0,0.028000001,0.030999999,0,0,0,0,0,0
1340,146,0,1,0,0.037,0.030999999,0,0,0,0,0,0
1341,146,0,1,0,0.034000002,0.032000002,0,0,0,0,0,0
1342,146,1,1,0,0.041999999,0.034000002,0,0,0,0,0,0
1343,147,0,1,0,0.050000001,0.039999999,0,0,0,0,0,0
1344,147,0,1,0,0.035,0.028000001,0,0,0,0,0,0
1345,147,0,1,0,0.041999999,0.030999999,0,0,1,0,0,0
1346,147,0,1,0,0.034000002,0.030999999,0,0,1,0,0,0
1347,147,0,1,0,0.043000001,0.030999999,0,0,0,0,0,0
1348,147,0,1,0,0.043000001,0.034000002,1,0,0,0,0,0
1349,147,0,1,0,0.041999999,0.034000002,0,0,0,0,1,0
1350,147,0,1,0,0.046,0.034000002,0,0,0,0,0,0
1351,147,0,1,0,0.021,0.034000002,0,0,0,0,0,0
1352,147,0,1,0,0.043000001,0.034000002,0,0,0,0,0,0
1353,147,1,1,0,0.043000001,0.034000002,0,0,0,0,0,0
1354,148,0,0,1,0.045,0.034000002,0,0,0,0,0,0
1355,148,0,0,1,0.045,0.037,0,0,0,0,0,0
1356,148,0,1,0,0.052000001,0.034000002,0,0,0,0,0,0
1357,148,0,1,0,0.035,0.029999999,0,0,0,0,0,0
1358,148,0,1,0,0.043000001,0.029999999,1,0,0,0,0,0
1359,148,0,1,0,0.043000001,0.030999999,0,0,1,0,0,0
1360,148,0,1,0,0.034000002,0.028000001,1,0,0,0,0,0
1361,148,1,1,0,0.039000001,0.037,1,0,0,0,0,0
1362,149,0,1,0,0.028000001,0.034000002,0,0,0,0,0,0
1363,149,0,1,0,0.041999999,0.029999999,1,0,0,0,0,0
1364,149,0,1,0,0.037,0.034000002,0,0,0,0,0,0
1365,149,0,1,0,0.025,0.037,1,0,0,0,0,0
1366,149,1,1,0,0.022,0.033,0,0,0,0,0,0
1367,150,0,0,1,0.045,0.017999999,0,0,0,0,0,0
1368,150,0,1,0,0.023,0.028000001,0,0,0,0,0,0
1369,150,0,0,1,0.040666666,0.023,0,0,0,0,0,0
1370,150,0,1,0,0.028999999,0.030999999,1,0,0,0,0,0
1371,150,0,0,1,0.043000002,0.028000001,0,1,0,0,0,0
1372,150,0,0,1,0.045000001,0.025,0,1,0,0,0,0
1373,150,0,0,1,0.037666667,0.034000002,0,0,0,0,0,0
1374,150,0,0,1,0.043333334,0.024,0,0,1,0,0,0
1375,150,1,0,1,0.045333333,0.034000002,0,0,0,0,0,0
1376,151,0,1,0,0.034000002,0.030999999,0,0,0,0,0,0
1377,151,0,1,0,0.030999999,0.035999998,0,0,0,0,0,0
1378,151,0,1,0,0.037,0.028000001,1,0,0,0,0,0
1379,151,0,1,0,0.029999999,0.028999999,0,0,0,0,0,0
1380,151,0,1,0,0.046999998,0.030999999,0,0,0,0,0,0
1381,151,0,1,0,0.030999999,0.032000002,1,0,0,0,0,0
1382,151,0,1,0,0.025,0.030999999,0,0,1,0,0,0
1383,151,1,1,0,0.030999999,0.030999999,1,0,0,0,0,0
1384,152,0,0,1,0.043333334,0.028000001,0,0,0,0,0,0
1385,152,0,1,0,0.043000001,0.029999999,0,0,0,0,0,0
1386,152,0,1,0,0.030999999,0.028000001,0,0,0,0,0,0
1387,152,0,1,0,0.030999999,0.030999999,1,0,0,0,0,0
1388,152,0,1,0,0.046999998,0.030999999,0,0,0,0,0,0
1389,152,1,1,0,0.017999999,0.041999999,0,0,0,0,0,0
1390,153,0,1,0,0.022,0.034000002,0,0,0,0,0,0
1391,153,0,1,0,0.034000002,0.030999999,0,0,0,0,0,0
1392,153,0,1,0,0.034000002,0.030999999,0,0,0,0,0,0
1393,153,0,0,1,0.045333333,0.025,0,1,0,0,0,0
1394,153,0,1,0,0.021,0.034000002,0,0,1,0,0,0
1395,153,1,0,1,0.044666666,0.037,1,0,0,0,0,0
1396,154,0,1,0,0.052000001,0.034000002,0,0,0,0,0,0
1397,154,0,1,0,0.052000001,0.037,0,0,0,0,0,0
1398,154,0,1,0,0.039000001,0.034000002,1,0,0,0,0,0
1399,154,0,1,0,0.050000001,0.037,0,0,0,0,0,0
1400,154,0,1,0,0.050000001,0.030999999,0,0,0,0,0,0
1401,154,0,1,0,0.050999999,0.030999999,0,0,0,1,0,0
1402,154,0,1,0,0.046,0.030999999,0,0,0,0,0,0
1403,154,0,1,0,0.050000001,0.033,0,0,0,0,0,0
1404,154,0,1,0,0.050999999,0.037,0,0,0,0,0,0
1405,154,1,1,0,0.041999999,0.028999999,0,0,0,0,0,0
1406,155,0,1,0,0.050000001,0.030999999,0,0,0,0,0,0
1407,155,0,1,0,0.029999999,0.028000001,1,0,0,0,0,0
1408,155,0,1,0,0.041999999,0.030999999,0,0,0,0,0,0
1409,155,0,1,0,0.043000001,0.030999999,0,0,0,0,0,0
1410,155,0,1,0,0.045000002,0.028000001,0,1,0,0,0,0
1411,155,0,1,0,0.050999999,0.037,0,0,0,0,0,0
1412,155,0,1,0,0.041999999,0.034000002,0,0,0,0,1,0
1413,155,0,1,0,0.041999999,0.034000002,0,0,0,0,0,0
1414,155,0,1,0,0.043000001,0.034000002,1,0,0,0,0,0
1415,155,0,1,0,0.043000001,0.034000002,0,0,0,0,0,0
1416,155,0,1,0,0.035,0.034000002,0,0,0,0,0,0
1417,155,1,1,0,0.044,0.034000002,0,0,0,0,0,0
1418,156,0,1,0,0.041000001,0.029999999,0,0,0,0,0,0
1419,156,0,1,0,0.035,0.029999999,0,0,0,0,0,0
1420,156,0,1,0,0.041000001,0.035,0,0,0,0,0,0
1421,156,0,1,0,0.029999999,0.030999999,0,0,0,0,0,0
1422,156,1,1,0,0.050999999,0.037,0,0,0,0,0,0
1423,157,0,1,0,0.030999999,0.035999998,0,0,0,0,0,1
1424,157,0,1,0,0.046,0.048,0,0,1,0,0,0
1425,157,0,1,0,0.029999999,0.028000001,0,0,1,0,0,0
1426,157,0,1,0,0.032000002,0.041000001,0,0,0,0,0,0
1427,157,0,1,0,0.032000002,0.041000001,0,0,1,0,0,0
1428,157,1,0,1,0.039333333,0.028000001,0,1,0,0,0,0
1429,158,0,1,0,0.050000001,0.041000001,0,0,0,0,0,0
1430,158,0,1,0,0.032000002,0.028000001,0,0,1,0,0,0
1431,158,0,1,0,0.034000002,0.030999999,0,0,1,0,0,0
1432,158,0,1,0,0.041999999,0.034000002,0,0,0,0,1,0
1433,158,0,1,0,0.043000001,0.034000002,0,0,0,0,0,0
1434,158,1,1,0,0.037999999,0.034000002,0,0,0,0,0,0
1435,159,0,1,0,0.028000001,0.035999998,0,0,0,0,0,0
1436,159,0,1,0,0.030999999,0.034000002,1,0,0,0,0,0
1437,159,0,1,0,0.041999999,0.034000002,0,0,0,0,0,0
1438,159,0,1,0,0.025,0.030999999,0,0,0,0,0,0
1439,159,0,1,0,0.039000001,0.030999999,1,0,0,0,0,0
1440,159,0,1,0,0.030999999,0.030999999,0,0,0,0,1,0
1441,159,0,0,1,0.044666668,0.028000001,0,1,0,0,0,0
1442,159,0,0,1,0.045333333,0.025,0,1,0,0,0,0
1443,159,0,1,0,0.039000001,0.028000001,0,0,0,0,1,0
1444,159,0,1,0,0.039000001,0.037,1,0,0,0,0,0
1445,159,1,1,0,0.035999998,0.037,1,0,0,0,0,0
1446,160,0,1,0,0.033,0.046,0,0,0,0,0,0
1447,160,0,1,0,0.033,0.048,0,0,0,0,0,0
1448,160,0,1,0,0.033,0.048,1,0,0,0,0,0
1449,160,0,1,0,0.033,0.048,0,0,0,0,0,0
1450,160,0,1,0,0.024,0.048999999,0,0,1,0,0,0
1451,160,0,1,0,0.029999999,0.046999998,1,0,0,0,0,0
1452,160,0,1,0,0.029999999,0.048,0,0,1,0,0,0
1453,160,0,1,0,0.029999999,0.048,0,0,1,0,0,0
1454,160,0,1,0,0.046,0.048,0,0,1,0,0,0
1455,160,0,1,0,0.029999999,0.048,0,0,0,0,0,0
1456,160,0,1,0,0.027000001,0.048999999,0,0,0,0,1,0
1457,160,0,1,0,0.029999999,0.063000001,0,0,0,0,0,0
1458,160,0,1,0,0.029999999,0.086999997,0,0,0,0,0,0
1459,160,0,1,0,0.029999999,0.041000001,0,0,0,0,0,0
1460,160,0,1,0,0.029999999,0.041000001,0,0,0,1,0,0
1461,160,0,1,0,0.041999999,0.041000001,0,0,0,1,0,0
1462,160,0,1,0,0.029999999,0.041999999,0,0,0,1,0,0
1463,160,0,1,0,0.046,0.041000001,0,0,1,1,0,0
1464,160,0,1,0,0.029999999,0.041000001,0,0,0,1,0,0
1465,160,0,1,0,0.029999999,0.041000001,0,0,0,1,0,0
1466,160,0,1,0,0.012,0.041000001,0,0,1,0,0,0
1467,160,0,1,0,0.029999999,0.043000001,0,0,1,0,0,0
1468,160,0,1,0,0.029999999,0.050999999,0,0,1,0,0,0
1469,160,0,1,0,0.029999999,0.041999999,0,0,1,0,0,0
1470,160,0,1,0,0.029999999,0.041000001,0,0,1,0,0,0
1471,160,0,1,0,0.032000002,0.041000001,0,0,0,0,0,0
1472,160,0,1,0,0.032000002,0.041000001,0,0,0,0,0,0
1473,160,0,1,0,0.032000002,0.041000001,0,0,0,0,0,0
1474,160,0,1,0,0.032000002,0.041000001,0,0,1,0,0,0
1475,160,0,1,0,0.032000002,0.041000001,0,0,0,0,0,0
1476,160,0,1,0,0.032000002,0.041000001,0,0,0,0,0,0
1477,160,0,1,0,0.032000002,0.041000001,0,0,0,0,0,0
1478,160,0,1,0,0.015,0.041000001,0,0,1,0,0,0
1479,160,0,1,0,0.032000002,0.041000001,0,0,1,0,0,0
1480,160,0,1,0,0.044,0.041000001,0,0,1,0,0,0
1481,160,0,1,0,0.032000002,0.041000001,0,0,1,0,0,0
1482,160,0,1,0,0.032000002,0.041000001,0,0,0,0,0,0
1483,160,0,1,0,0.032000002,0.041000001,0,0,1,0,0,0
1484,160,0,1,0,0.032000002,0.041000001,0,0,0,0,1,0
1485,160,0,1,0,0.032000002,0.041000001,0,0,0,0,0,0
1486,160,0,1,0,0.032000002,0.041000001,0,0,1,0,0,0
1487,160,0,1,0,0.022,0.034000002,0,0,0,0,0,0
1488,160,0,1,0,0.034000002,0.043000001,0,0,0,0,0,0
1489,160,1,1,0,0.037,0.037,0,0,0,0,0,0
1490,161,0,1,0,0.052000001,0.034000002,1,0,0,0,0,0
1491,161,0,1,0,0.046999998,0.033,0,0,0,0,0,0
1492,161,0,1,0,0.043000001,0.029999999,1,0,0,0,0,0
1493,161,0,1,0,0.046999998,0.030999999,1,0,0,0,0,0
1494,161,0,1,0,0.046,0.030999999,1,0,0,0,0,0
1495,161,0,1,0,0.046999998,0.030999999,0,0,0,0,0,0
1496,161,0,1,0,0.050000001,0.030999999,0,0,0,0,0,0
1497,161,1,1,0,0.050000001,0.034000002,0,0,0,0,0,0
1498,162,0,1,0,0.034000002,0.037,0,0,0,0,0,0
1499,162,0,1,0,0.022,0.030999999,0,0,0,0,0,0
1500,162,0,1,0,0.034000002,0.028000001,0,1,0,0,0,0
1501,162,0,1,0,0.034000002,0.028999999,0,0,0,0,0,0
1502,162,0,1,0,0.039000001,0.028000001,0,1,0,0,0,0
1503,162,0,1,0,0.029999999,0.028000001,0,0,0,0,0,1
1504,162,0,1,0,0.034000002,0.030999999,0,0,0,0,0,0
1505,162,0,1,0,0.030999999,0.030999999,1,0,0,0,0,0
1506,162,0,1,0,0.030999999,0.030999999,1,0,0,0,0,0
1507,162,0,1,0,0.037,0.030999999,0,0,0,0,0,0
1508,162,0,1,0,0.037,0.030999999,0,0,0,0,0,0
1509,162,0,1,0,0.030999999,0.030999999,0,0,0,0,0,0
1510,162,0,1,0,0.037,0.030999999,0,0,0,0,0,0
1511,162,0,1,0,0.021,0.030999999,0,0,0,0,0,0
1512,162,0,1,0,0.021,0.032000002,0,0,0,0,0,0
1513,162,0,1,0,0.034000002,0.034000002,1,0,0,0,0,0
1514,162,0,1,0,0.035,0.034000002,1,0,0,0,0,0
1515,162,0,1,0,0.037,0.034000002,0,0,0,0,0,0
1516,162,0,1,0,0.037,0.034000002,0,0,0,0,0,0
1517,162,1,1,0,0.037,0.034000002,0,0,0,0,0,0
1518,163,0,1,0,0.034000002,0.028000001,0,0,0,0,0,0
1519,163,0,1,0,0.030999999,0.034000002,0,0,0,0,0,0
1520,163,0,1,0,0.029999999,0.034000002,0,0,0,0,0,0
1521,163,0,1,0,0.029999999,0.029999999,0,0,0,0,0,0
1522,163,0,1,0,0.034000002,0.030999999,0,0,0,0,0,0
1523,163,0,1,0,0.034000002,0.032000002,0,0,0,0,0,0
1524,163,0,1,0,0.034000002,0.030999999,0,0,0,0,0,0
1525,163,0,1,0,0.030999999,0.035,0,0,0,0,0,0
1526,163,0,1,0,0.035,0.028000001,0,0,0,1,0,0
1527,163,0,1,0,0.039000001,0.035,0,0,0,0,1,0
1528,163,1,1,0,0.055,0.034000002,0,0,0,0,0,0
1529,164,0,1,0,0.033,0.048,0,0,0,0,0,0
1530,164,0,1,0,0.041000001,0.035,0,0,0,0,0,0
1531,164,0,1,0,0.041000001,0.035,0,0,0,1,0,0
1532,164,0,1,0,0.027000001,0.035,0,0,1,0,0,0
1533,164,0,1,0,0.012,0.035,0,0,1,0,0,0
1534,164,0,1,0,0.041999999,0.035,0,0,1,0,0,0
1535,164,0,1,0,0.039000001,0.035,0,0,1,0,0,0
1536,164,0,1,0,0.021,0.034000002,0,0,0,0,0,0
1537,164,0,1,0,0.039000001,0.035,0,0,0,0,0,0
1538,164,0,1,0,0.035,0.034000002,1,0,0,0,0,0
1539,164,1,1,0,0.035,0.034000002,0,0,0,0,0,0
1540,165,0,1,0,0.028000001,0.034000002,0,0,0,0,0,0
1541,165,0,1,0,0.017000001,0.037,1,0,0,0,0,0
1542,165,0,1,0,0.037,0.028000001,1,0,0,0,0,0
1543,165,0,1,0,0.021,0.028000001,0,0,0,0,0,0
1544,165,1,1,0,0.046999998,0.030999999,0,0,0,0,0,0
1545,166,0,1,0,0.030999999,0.037,1,0,0,0,0,0
1546,166,0,1,0,0.022,0.037,1,0,0,0,0,0
1547,166,0,1,0,0.030999999,0.035,0,0,1,0,0,0
1548,166,0,1,0,0.037,0.028000001,1,0,0,0,0,0
1549,166,0,1,0,0.037999999,0.029999999,0,0,0,0,0,0
1550,166,0,1,0,0.030999999,0.030999999,1,0,0,0,0,0
1551,166,0,1,0,0.035999998,0.037,0,0,1,0,0,0
1552,166,0,1,0,0.035999998,0.037,0,0,1,0,0,0
1553,166,0,1,0,0.035999998,0.037,0,0,0,0,0,0
1554,166,0,1,0,0.032000002,0.037,1,0,0,0,0,0
1555,166,0,1,0,0.035,0.037,0,0,0,0,0,0
1556,166,1,1,0,0.046,0.037,0,0,0,0,0,0
1557,167,0,0,1,0.041666667,0.039999999,1,0,0,0,0,0
1558,167,0,1,0,0.027000001,0.035999998,0,0,0,1,0,0
1559,167,0,1,0,0.030999999,0.041999999,0,0,1,0,0,0
1560,167,0,0,1,0.041000001,0.041999999,0,0,1,0,0,0
1561,167,1,0,1,0.044666668,0.041999999,0,0,0,0,0,0
1562,168,0,1,0,0.028000001,0.035999998,0,0,0,0,0,0
1563,168,0,1,0,0.030999999,0.037,1,0,0,0,0,0
1564,168,0,1,0,0.017999999,0.034000002,1,0,0,0,0,0
1565,168,0,1,0,0.026000001,0.034000002,0,0,0,0,1,0
1566,168,0,1,0,0.029999999,0.028000001,0,0,0,0,0,0
1567,168,0,1,0,0.021,0.028000001,0,0,0,0,0,0
1568,168,0,1,0,0.028000001,0.029999999,1,0,0,0,0,0
1569,168,0,1,0,0.027000001,0.028000001,0,0,0,0,0,0
1570,168,0,1,0,0.041999999,0.030999999,1,0,0,0,0,0
1571,168,0,1,0,0.017000001,0.030999999,1,0,0,0,0,0
1572,168,0,1,0,0.028000001,0.028000001,0,0,0,0,0,0
1573,168,0,1,0,0.030999999,0.030999999,1,0,0,0,0,0
1574,168,0,1,0,0.030999999,0.030999999,0,0,0,0,1,0
1575,168,0,1,0,0.034000002,0.030999999,1,0,0,0,0,0
1576,168,0,1,0,0.030999999,0.032000002,1,0,0,0,0,0
1577,168,0,1,0,0.037,0.034000002,0,0,0,0,0,0
1578,168,0,1,0,0.037,0.028000001,0,0,0,0,0,0
1579,168,0,1,0,0.037,0.034000002,0,0,0,0,0,0
1580,168,0,1,0,0.021,0.034000002,0,0,0,0,0,0
1581,168,0,1,0,0.037,0.037,0,0,0,0,0,0
1582,168,0,1,0,0.030999999,0.037,1,0,0,0,0,0
1583,168,1,1,0,0.037,0.034000002,0,0,0,0,0,0
1584,169,0,1,0,0.029999999,0.028000001,1,0,0,0,0,0
1585,169,0,1,0,0.029999999,0.028000001,0,0,1,0,0,0
1586,169,0,1,0,0.021,0.028999999,0,0,0,0,0,0
1587,169,0,1,0,0.041999999,0.030999999,0,0,0,0,1,0
1588,169,0,1,0,0.034000002,0.030999999,0,0,0,0,0,0
1589,169,0,1,0,0.030999999,0.034000002,1,0,0,0,0,0
1590,169,0,1,0,0.030999999,0.034000002,0,0,0,0,0,0
1591,169,0,1,0,0.024,0.034000002,0,0,0,0,0,0
1592,169,0,1,0,0.022,0.033,0,0,0,0,0,0
1593,169,0,1,0,0.030999999,0.034000002,1,0,0,0,0,0
1594,169,1,1,0,0.052999999,0.037,0,0,0,0,0,0
1595,170,0,1,0,0.043000001,0.048,0,0,1,0,0,0
1596,170,0,1,0,0.029999999,0.028000001,0,0,0,0,0,0
1597,170,0,1,0,0.041999999,0.029999999,0,0,0,0,0,0
1598,170,0,1,0,0.017999999,0.028000001,0,0,0,0,0,0
1599,170,0,1,0,0.041999999,0.028000001,0,0,0,0,0,0
1600,170,0,1,0,0.021,0.035,0,0,1,0,0,0
1601,170,0,1,0,0.046,0.041000001,0,0,1,1,0,0
1602,170,0,1,0,0.030999999,0.034000002,0,0,0,0,0,0
1603,170,0,1,0,0.046,0.034000002,1,0,0,0,0,0
1604,170,0,0,1,0.045333333,0.025,0,1,0,0,0,0
1605,170,0,1,0,0.015,0.041000001,0,0,1,0,0,0
1606,170,0,1,0,0.046,0.034000002,0,0,0,0,0,0
1607,170,0,1,0,0.021,0.034000002,0,0,0,0,0,0
1608,170,1,0,1,0.041333334,0.028000001,0,0,0,0,0,0
1609,171,0,1,0,0.029999999,0.029999999,0,0,0,0,0,0
1610,171,0,1,0,0.030999999,0.030999999,0,0,0,0,0,0
1611,171,0,1,0,0.034000002,0.030999999,1,0,0,0,0,0
1612,171,0,0,1,0.045333333,0.025,0,1,0,0,0,0
1613,171,0,1,0,0.039000001,0.037,0,0,0,0,0,0
1614,171,0,1,0,0.046,0.037,0,0,0,0,0,0
1615,171,1,0,1,0.047333333,0.037,0,0,0,0,0,0
1616,172,0,1,0,0.037,0.039999999,0,0,0,0,0,0
1617,172,0,1,0,0.037,0.034000002,0,0,0,0,0,0
1618,172,0,1,0,0.030999999,0.035999998,0,0,0,1,0,0
1619,172,0,1,0,0.027000001,0.035999998,0,0,0,1,0,0
1620,172,0,1,0,0.027000001,0.035,0,0,0,1,0,0
1621,172,0,1,0,0.034000002,0.030999999,0,0,0,0,0,0
1622,172,0,1,0,0.017000001,0.033,0,0,0,0,0,0
1623,172,0,1,0,0.034000002,0.030999999,0,0,0,0,0,0
1624,172,0,1,0,0.012,0.035,0,0,1,0,0,0
1625,172,0,1,0,0.034000002,0.030999999,0,0,0,0,0,0
1626,172,0,1,0,0.050000001,0.030999999,0,0,0,0,0,0
1627,172,0,1,0,0.037,0.035,0,0,1,0,0,0
1628,172,0,1,0,0.037,0.035,0,0,0,0,0,0
1629,172,1,1,0,0.037,0.041999999,0,0,1,0,0,0
1630,173,0,1,0,0.022,0.034000002,0,0,0,0,0,0
1631,173,0,1,0,0.021,0.028000001,0,0,0,0,0,0
1632,173,0,1,0,0.034000002,0.028000001,0,0,0,0,0,0
1633,173,0,1,0,0.030999999,0.034000002,1,0,0,0,0,0
1634,173,0,1,0,0.021,0.034000002,0,0,0,0,0,0
1635,173,1,1,0,0.021,0.034000002,0,0,0,0,0,0
1636,174,0,1,0,0.046999998,0.030999999,0,0,1,0,0,0
1637,174,0,0,1,0.044666668,0.028000001,0,0,0,0,0,0
1638,174,0,1,0,0.050000001,0.026000001,0,0,0,0,0,0
1639,174,0,1,0,0.039000001,0.037,1,0,0,0,0,0
1640,174,1,1,0,0.052999999,0.037,0,0,0,0,0,0
1641,175,0,0,1,0.045,0.028000001,0,0,0,0,0,0
1642,175,0,1,0,0.043000001,0.029999999,0,0,1,0,0,0
1643,175,0,1,0,0.039000001,0.030999999,0,0,0,0,1,0
1644,175,0,1,0,0.034000002,0.030999999,0,0,1,0,0,0
1645,175,0,1,0,0.039000001,0.030999999,1,0,0,0,0,0
1646,175,0,1,0,0.030999999,0.034000002,1,0,0,0,0,0
1647,175,0,1,0,0.041999999,0.034000002,0,0,0,0,1,0
1648,175,0,1,0,0.021,0.034000002,0,0,0,0,0,0
1649,175,0,1,0,0.037,0.034000002,0,0,0,0,0,0
1650,175,1,1,0,0.044,0.034000002,0,0,0,0,0,0
1651,176,0,1,0,0.050000001,0.030999999,0,0,0,0,0,0
1652,176,0,1,0,0.041999999,0.030999999,0,0,0,0,0,0
1653,176,0,1,0,0.041999999,0.030999999,1,0,0,0,0,0
1654,176,0,1,0,0.046999998,0.030999999,0,0,0,0,0,0
1655,176,0,1,0,0.041999999,0.028000001,0,1,0,0,0,0
1656,176,1,1,0,0.044,0.034000002,0,0,0,0,0,0
1657,177,0,1,0,0.050000001,0.028000001,0,0,0,0,0,1
1658,177,0,1,0,0.052000001,0.037,0,0,0,0,0,0
1659,177,0,1,0,0.027000001,0.028000001,0,0,0,0,0,0
1660,177,0,1,0,0.034000002,0.028000001,0,0,0,0,0,0
1661,177,0,0,1,0.043666667,0.030999999,0,0,0,0,0,0
1662,177,0,1,0,0.046,0.034000002,0,0,0,0,0,0
1663,177,0,1,0,0.052000001,0.037,0,0,1,0,0,0
1664,177,1,1,0,0.044,0.033,0,0,0,0,0,0
1665,178,0,1,0,0.034000002,0.039999999,0,0,0,0,0,0
1666,178,0,1,0,0.037,0.037,0,0,0,0,0,0
1667,178,0,1,0,0.030999999,0.034000002,0,0,0,0,1,0
1668,178,0,1,0,0.050000001,0.029999999,0,0,0,0,0,0
1669,178,0,1,0,0.029999999,0.029999999,0,0,0,0,0,0
1670,178,0,1,0,0.029999999,0.029999999,0,0,0,0,0,0
1671,178,0,1,0,0.046999998,0.030999999,1,0,0,0,0,0
1672,178,0,1,0,0.034000002,0.030999999,1,0,0,0,0,0
1673,178,0,1,0,0.034000002,0.030999999,0,0,0,0,0,0
1674,178,0,1,0,0.037,0.025,0,1,0,0,0,0
1675,178,1,1,0,0.037,0.034000002,0,0,0,0,0,0
1676,179,0,1,0,0.029999999,0.048,0,0,1,0,0,0
1677,179,0,1,0,0.017000001,0.035999998,0,0,0,1,0,0
1678,179,0,1,0,0.046,0.048,0,0,1,0,0,0
1679,179,0,1,0,0.028000001,0.030999999,0,0,0,0,0,0
1680,179,0,1,0,0.041999999,0.030999999,0,0,0,0,0,0
1681,179,0,1,0,0.034000002,0.030999999,0,0,0,0,0,0
1682,179,0,1,0,0.012,0.035,0,0,1,0,0,0
1683,179,0,1,0,0.037,0.034000002,0,0,0,0,0,0
1684,179,0,1,0,0.015,0.041000001,0,0,0,0,0,0
1685,179,0,1,0,0.037,0.037,1,0,0,0,0,0
1686,179,1,1,0,0.037,0.037,0,0,0,0,0,0
1687,180,0,1,0,0.028000001,0.035,0,0,0,0,0,0
1688,180,0,1,0,0.030999999,0.037,1,0,0,0,0,0
1689,180,0,1,0,0.037,0.037,0,0,0,0,0,0
1690,180,0,1,0,0.029999999,0.029999999,0,0,0,0,0,0
1691,180,0,1,0,0.035,0.029999999,0,0,0,0,0,0
1692,180,0,1,0,0.028000001,0.029999999,1,0,0,0,0,0
1693,180,0,1,0,0.043000001,0.029999999,0,0,0,0,0,0
1694,180,0,1,0,0.039000001,0.029999999,1,0,0,0,0,0
1695,180,0,1,0,0.043000001,0.030999999,0,0,0,0,0,0
1696,180,0,1,0,0.046999998,0.030999999,0,0,0,0,0,0
1697,180,0,1,0,0.025,0.030999999,1,0,0,0,0,0
1698,180,0,1,0,0.050000001,0.030999999,0,0,0,0,0,0
1699,180,0,1,0,0.050000001,0.030999999,0,0,0,0,0,0
1700,180,0,1,0,0.046999998,0.030999999,0,0,0,0,0,0
1701,180,0,1,0,0.039000001,0.030999999,1,0,0,0,0,0
1702,180,0,1,0,0.050000001,0.034000002,0,0,0,0,0,0
1703,180,0,1,0,0.050000001,0.034000002,1,0,0,0,0,0
1704,180,0,1,0,0.050000001,0.028000001,0,1,0,0,0,0
1705,180,0,1,0,0.046,0.037,0,0,0,0,0,0
1706,180,0,1,0,0.052999999,0.037,1,0,0,0,0,0
1707,180,0,1,0,0.052999999,0.037,0,0,0,0,0,0
1708,180,1,1,0,0.052999999,0.037,0,0,0,0,0,0
1709,181,0,1,0,0.030999999,0.037,1,0,0,0,0,0
1710,181,0,1,0,0.035,0.029999999,0,0,0,0,0,0
1711,181,0,1,0,0.037,0.029999999,0,0,0,0,0,0
1712,181,0,1,0,0.046999998,0.030999999,0,0,0,0,0,0
1713,181,0,1,0,0.045000002,0.028000001,0,1,0,0,0,0
1714,181,0,1,0,0.050000001,0.030999999,0,0,0,0,0,0
1715,181,0,0,1,0.043666667,0.025,0,0,0,0,0,0
1716,181,0,0,1,0.044666668,0.034000002,0,0,0,0,0,0
1717,181,0,1,0,0.050000001,0.034000002,0,0,0,0,0,0
1718,181,0,0,1,0.045666667,0.025,0,1,0,0,0,0
1719,181,0,1,0,0.046,0.037,0,0,0,0,0,0
1720,181,1,0,1,0.045666667,0.037,0,0,0,0,0,0
1721,182,0,1,0,0.052000001,0.037,0,0,0,0,0,0
1722,182,0,1,0,0.039000001,0.029999999,0,0,1,0,0,0
1723,182,0,1,0,0.046999998,0.030999999,1,0,0,0,0,0
1724,182,0,1,0,0.045000002,0.028999999,0,0,0,0,0,0
1725,182,1,1,0,0.043000001,0.034000002,0,0,0,0,0,0
1726,183,0,1,0,0.028000001,0.035999998,0,0,0,0,0,0
1727,183,0,1,0,0.021,0.028000001,0,0,0,0,0,0
1728,183,0,1,0,0.035,0.029999999,1,0,0,0,0,0
1729,183,0,1,0,0.034000002,0.030999999,0,0,0,0,0,0
1730,183,0,1,0,0.039000001,0.030999999,1,0,0,0,0,0
1731,183,0,1,0,0.041999999,0.034000002,1,0,0,0,0,0
1732,183,1,1,0,0.035,0.028000001,0,0,0,1,0,0
1733,184,0,1,0,0.037,0.041000001,0,0,0,0,0,0
1734,184,0,1,0,0.029999999,0.030999999,0,0,0,0,0,0
1735,184,0,1,0,0.029999999,0.028000001,0,0,0,0,0,0
1736,184,0,1,0,0.034000002,0.030999999,0,0,1,0,0,0
1737,184,0,1,0,0.030999999,0.032000002,1,0,0,0,0,0
1738,184,0,1,0,0.021,0.030999999,0,0,0,0,0,0
1739,184,0,1,0,0.037,0.034000002,0,0,0,0,0,0
1740,184,0,1,0,0.037,0.034000002,0,0,0,0,0,0
1741,184,1,1,0,0.022,0.034000002,0,0,0,0,0,0
1742,185,0,1,0,0.032000002,0.035,0,0,0,0,0,0
1743,185,0,1,0,0.033,0.048,0,0,0,0,0,0
1744,185,0,0,1,0.043333334,0.027000001,0,0,0,0,0,1
1745,185,0,1,0,0.029999999,0.048,0,0,1,0,0,0
1746,185,0,1,0,0.029999999,0.048,0,0,1,0,0,0
1747,185,0,1,0,0.030999999,0.037,0,0,0,0,0,0
1748,185,0,1,0,0.029999999,0.063000001,0,0,0,0,0,0
1749,185,0,0,1,0.041666666,0.030999999,0,0,0,0,0,1
1750,185,0,1,0,0.034000002,0.030999999,0,0,0,0,0,0
1751,185,0,1,0,0.039000001,0.030999999,1,0,0,0,0,0
1752,185,0,0,1,0.042000001,0.028000001,0,0,0,0,0,1
1753,185,0,1,0,0.030999999,0.035,0,0,1,0,0,0
1754,185,0,0,1,0.043000002,0.028000001,0,0,0,0,0,0
1755,185,0,1,0,0.032000002,0.041000001,0,0,0,0,0,0
1756,185,0,1,0,0.032000002,0.041000001,0,0,0,0,0,0
1757,185,0,1,0,0.032000002,0.041000001,0,0,1,0,0,0
1758,185,0,0,1,0.041666666,0.035,0,0,0,0,0,0
1759,185,0,0,1,0.045000001,0.025,0,1,0,0,0,0
1760,185,0,1,0,0.032000002,0.041000001,0,0,0,0,0,0
1761,185,0,1,0,0.032000002,0.041000001,0,0,1,0,0,0
1762,185,1,1,0,0.043000001,0.037,0,0,0,0,1,0
1763,186,0,1,0,0.052000001,0.034000002,0,0,0,0,0,0
1764,186,0,1,0,0.052000001,0.037,0,0,0,0,0,0
1765,186,0,1,0,0.043000001,0.037,0,0,0,0,0,0
1766,186,0,1,0,0.046999998,0.029999999,1,0,0,0,0,0
1767,186,0,1,0,0.043000001,0.029999999,0,0,0,0,1,0
1768,186,0,1,0,0.046999998,0.030999999,0,0,0,0,0,0
1769,186,0,1,0,0.046999998,0.030999999,0,0,0,0,0,0
1770,186,0,1,0,0.046999998,0.030999999,1,0,0,0,0,0
1771,186,0,1,0,0.041999999,0.032000002,0,0,0,0,0,0
1772,186,0,1,0,0.046,0.037,0,0,1,0,0,0
1773,186,0,1,0,0.052999999,0.037,0,0,0,0,0,0
1774,186,1,1,0,0.035999998,0.037,1,0,0,0,0,0
1775,187,0,1,0,0.025,0.028000001,0,0,0,0,0,1
1776,187,0,1,0,0.034000002,0.037,0,0,0,0,0,0
1777,187,0,1,0,0.030999999,0.037,1,0,0,0,0,0
1778,187,0,1,0,0.032000002,0.037,0,0,0,0,0,0
1779,187,0,1,0,0.030999999,0.035999998,0,0,0,0,0,0
1780,187,0,1,0,0.034000002,0.030999999,0,0,0,0,0,0
1781,187,0,1,0,0.034000002,0.030999999,0,0,0,0,0,0
1782,187,0,1,0,0.030999999,0.032000002,1,0,0,0,0,0
1783,187,0,1,0,0.039000001,0.033,1,0,0,0,0,0
1784,187,0,1,0,0.046,0.034000002,0,0,0,0,0,0
1785,187,0,1,0,0.037,0.034000002,0,0,0,0,0,0
1786,187,0,1,0,0.035999998,0.037,0,0,1,0,0,0
1787,187,0,1,0,0.032000002,0.037,1,0,0,0,0,0
1788,187,0,1,0,0.032000002,0.037,1,0,0,0,0,0
1789,187,1,1,0,0.037,0.037,0,0,0,0,0,0
1790,188,0,1,0,0.037999999,0.035,0,0,1,0,0,0
1791,188,0,1,0,0.021,0.035,0,0,1,0,0,0
1792,188,0,1,0,0.039000001,0.039999999,0,0,0,0,1,0
1793,188,0,1,0,0.050000001,0.034000002,0,0,0,0,0,0
1794,188,1,1,0,0.041999999,0.041999999,1,0,0,0,0,0
1795,189,0,1,0,0.037,0.037,0,0,0,0,0,0
1796,189,0,1,0,0.045000002,0.035,0,0,1,0,0,0
1797,189,0,1,0,0.037,0.037,0,0,0,0,0,0
1798,189,0,1,0,0.039999999,0.034000002,0,0,0,0,0,0
1799,189,0,1,0,0.028000001,0.029999999,1,0,0,0,0,0
1800,189,0,1,0,0.046999998,0.030999999,0,0,1,0,0,0
1801,189,0,1,0,0.034000002,0.030999999,0,0,0,0,0,0
1802,189,0,1,0,0.025,0.030999999,0,0,0,0,1,0
1803,189,0,1,0,0.030999999,0.028000001,0,0,0,0,1,0
1804,189,0,1,0,0.034000002,0.030999999,0,0,0,0,0,0
1805,189,0,1,0,0.034000002,0.030999999,1,0,0,0,0,0
1806,189,0,1,0,0.050000001,0.030999999,0,0,0,0,0,0
1807,189,0,1,0,0.050000001,0.034000002,0,0,0,0,0,0
1808,189,0,1,0,0.050000001,0.037,0,0,0,0,0,0
1809,189,1,1,0,0.030999999,0.037,1,0,0,0,0,0
1810,190,0,1,0,0.028000001,0.035999998,0,0,0,0,0,0
1811,190,0,1,0,0.029999999,0.018999999,0,0,0,0,0,0
1812,190,0,1,0,0.029999999,0.028999999,0,0,0,0,0,0
1813,190,0,1,0,0.030999999,0.030999999,1,0,0,0,0,0
1814,190,0,0,1,0.044666668,0.028000001,0,1,0,0,0,0
1815,190,0,0,1,0.045333333,0.025,0,1,0,0,0,0
1816,190,1,0,1,0.041666668,0.028000001,0,0,0,0,0,0
1817,191,0,1,0,0.017999999,0.034000002,0,0,0,0,0,0
1818,191,0,0,1,0.038333334,0.028000001,0,1,0,0,0,0
1819,191,0,1,0,0.034000002,0.030999999,0,0,1,0,0,0
1820,191,0,1,0,0.012,0.035,0,0,1,0,0,0
1821,191,1,0,1,0.041333334,0.028000001,0,0,0,0,0,0
1822,192,0,0,1,0.041666667,0.048,0,0,0,0,0,0
1823,192,0,1,0,0.029999999,0.048999999,0,0,1,0,0,0
1824,192,0,1,0,0.028000001,0.037,0,0,0,0,0,0
1825,192,0,1,0,0.037,0.037,0,0,0,0,0,0
1826,192,0,1,0,0.030999999,0.044,0,0,0,0,0,0
1827,192,0,1,0,0.027000001,0.035999998,0,0,0,1,0,0
1828,192,0,1,0,0.029999999,0.029999999,1,0,0,0,0,0
1829,192,0,1,0,0.029999999,0.041000001,0,0,1,1,0,0
1830,192,0,1,0,0.025,0.030999999,0,0,1,0,0,0
1831,192,0,1,0,0.034000002,0.030999999,0,0,0,0,0,0
1832,192,0,1,0,0.029999999,0.041000001,0,0,0,0,0,0
1833,192,0,1,0,0.034000002,0.028000001,0,1,0,0,0,0
1834,192,0,1,0,0.034000002,0.030999999,0,0,0,0,0,0
1835,192,0,1,0,0.034000002,0.028999999,0,0,0,0,0,0
1836,192,0,1,0,0.037,0.034000002,0,0,0,0,0,0
1837,192,0,1,0,0.037,0.034000002,0,0,0,0,0,0
1838,192,0,1,0,0.037,0.035,0,0,0,0,0,0
1839,192,1,1,0,0.037,0.037,1,0,0,0,0,0
1840,193,0,1,0,0.037,0.039999999,0,0,0,0,0,0
1841,193,0,1,0,0.034000002,0.030999999,0,0,0,0,0,0
1842,193,0,1,0,0.029999999,0.028000001,0,0,0,0,0,0
1843,193,0,1,0,0.034000002,0.030999999,0,0,0,0,0,0
1844,193,0,1,0,0.034000002,0.030999999,0,0,0,0,0,0
1845,193,0,1,0,0.034000002,0.030999999,0,0,1,0,0,0
1846,193,0,1,0,0.034000002,0.030999999,1,0,0,0,0,0
1847,193,0,1,0,0.034000002,0.030999999,0,0,0,0,0,0
1848,193,0,1,0,0.034000002,0.030999999,1,0,0,0,0,0
1849,193,0,1,0,0.034000002,0.028999999,0,0,0,0,0,0
1850,193,0,1,0,0.034000002,0.034000002,1,0,0,0,0,0
1851,193,0,1,0,0.037,0.034000002,1,0,0,0,0,0
1852,193,0,1,0,0.037,0.035,0,0,1,0,0,0
1853,193,0,1,0,0.021,0.034000002,0,0,0,0,0,0
1854,193,1,1,0,0.035,0.034000002,1,0,0,0,0,0
1855,194,0,1,0,0.017000001,0.035999998,0,0,0,1,0,0
1856,194,0,1,0,0.017000001,0.035999998,0,0,0,1,0,0
1857,194,0,1,0,0.021,0.028000001,0,0,0,0,0,0
1858,194,0,1,0,0.041000001,0.033,0,0,0,0,0,0
1859,194,1,1,0,0.015,0.035,0,0,1,0,0,0
1860,195,0,1,0,0.022,0.034000002,0,0,0,0,0,0
1861,195,0,1,0,0.034000002,0.028999999,0,0,0,0,0,0
1862,195,0,1,0,0.037,0.028000001,0,0,0,0,0,0
1863,195,0,1,0,0.035,0.029999999,1,0,0,0,0,0
1864,195,0,1,0,0.009,0.030999999,1,0,0,0,0,0
1865,195,0,1,0,0.034000002,0.028000001,0,1,0,0,0,0
1866,195,0,1,0,0.034000002,0.030999999,0,0,0,0,0,0
1867,195,1,1,0,0.039000001,0.037,1,0,0,0,0,0
1868,196,0,1,0,0.043000001,0.029999999,0,0,0,0,0,0
1869,196,0,1,0,0.050000001,0.030999999,1,0,0,0,0,0
1870,196,0,1,0,0.046999998,0.030999999,0,0,0,0,0,0
1871,196,0,1,0,0.050000001,0.034000002,0,0,0,0,0,0
1872,196,0,1,0,0.050000001,0.034000002,0,0,0,0,0,0
1873,196,0,0,1,0.045666667,0.025,0,0,0,0,0,0
1874,196,1,1,0,0.052999999,0.037,0,0,0,0,0,0
1875,197,0,0,1,0.042666667,0.030999999,0,0,0,0,0,0
1876,197,0,0,1,0.043,0.028000001,0,1,0,0,0,0
1877,197,0,1,0,0.035,0.018999999,0,0,0,0,0,0
1878,197,0,1,0,0.030999999,0.018999999,0,0,0,0,0,0
1879,197,0,0,1,0.041333332,0.037,0,0,0,0,0,0
1880,197,0,0,1,0.042666667,0.037,0,0,0,0,0,0
1881,197,1,1,0,0.035,0.034000002,0,0,0,0,0,0
1882,198,0,1,0,0.028000001,0.035,0,0,1,0,0,0
1883,198,0,1,0,0.028000001,0.030999999,0,0,0,0,0,1
1884,198,0,1,0,0.034000002,0.030999999,0,0,0,0,0,0
1885,198,0,1,0,0.035999998,0.037,0,0,1,0,0,0
1886,198,1,1,0,0.035999998,0.037,0,0,0,0,1,0
1887,199,0,1,0,0.028000001,0.035,0,0,0,0,0,0
1888,199,0,1,0,0.017999999,0.034000002,0,0,0,0,0,0
1889,199,0,1,0,0.037,0.037,0,0,0,0,0,0
1890,199,0,1,0,0.035,0.030999999,1,0,0,0,0,0
1891,199,0,1,0,0.029999999,0.034000002,0,0,0,0,0,0
1892,199,0,1,0,0.039000001,0.029999999,0,0,0,0,0,0
1893,199,0,1,0,0.034000002,0.030999999,0,0,0,0,0,0
1894,199,0,1,0,0.028000001,0.030999999,0,0,0,0,0,0
1895,199,0,1,0,0.028000001,0.030999999,0,0,0,0,0,0
1896,199,0,1,0,0.035999998,0.030999999,0,0,0,0,0,0
1897,199,0,1,0,0.030999999,0.030999999,1,0,0,0,0,0
1898,199,0,1,0,0.046999998,0.030999999,0,0,0,0,0,0
1899,199,0,1,0,0.035,0.028000001,0,0,0,1,0,0
1900,199,0,1,0,0.034000002,0.034000002,0,0,0,0,0,0
1901,199,0,1,0,0.043000001,0.034000002,0,0,1,0,0,0
1902,199,0,1,0,0.043000001,0.034000002,1,0,0,0,0,0
1903,199,1,1,0,0.055,0.034000002,0,0,0,0,0,0
1904,200,0,1,0,0.050000001,0.037,0,0,0,0,0,0
1905,200,0,1,0,0.050000001,0.028000001,0,0,0,0,0,1
1906,200,0,1,0,0.052000001,0.037,0,0,0,0,0,0
1907,200,0,1,0,0.045000002,0.035,0,0,0,0,0,0
1908,200,0,1,0,0.045000002,0.035,0,0,1,0,0,0
1909,200,0,1,0,0.045000002,0.033,1,0,0,1,0,0
1910,200,0,1,0,0.039000001,0.028000001,0,1,0,0,0,0
1911,200,0,1,0,0.035,0.028000001,0,0,0,0,0,0
1912,200,1,1,0,0.041999999,0.030999999,0,0,0,0,0,0
1913,201,0,1,0,0.037,0.034000002,0,0,0,0,0,0
1914,201,0,1,0,0.034000002,0.030999999,0,0,0,0,0,0
1915,201,0,1,0,0.030999999,0.035,0,0,1,0,0,0
1916,201,0,1,0,0.028000001,0.030999999,0,0,0,0,0,0
1917,201,0,1,0,0.034000002,0.030999999,0,0,0,0,0,0
1918,201,0,1,0,0.034000002,0.030999999,0,0,1,0,0,0
1919,201,0,1,0,0.037,0.030999999,0,0,1,0,0,0
1920,201,0,1,0,0.021,0.034000002,0,0,1,0,0,0
1921,201,1,1,0,0.021,0.034000002,0,0,0,0,0,0
1922,202,0,1,0,0.037,0.034000002,0,0,0,0,0,0
1923,202,0,1,0,0.046999998,0.029999999,0,0,0,0,0,0
1924,202,0,1,0,0.046999998,0.030999999,0,0,0,0,0,0
1925,202,0,1,0,0.039000001,0.030999999,1,0,0,0,0,0
1926,202,0,1,0,0.045000002,0.028999999,0,0,0,0,0,0
1927,202,0,1,0,0.050000001,0.030999999,0,0,0,0,0,0
1928,202,0,1,0,0.037,0.034000002,0,0,0,0,0,0
1929,202,1,1,0,0.052999999,0.037,0,0,0,0,0,0
1930,203,0,1,0,0.022,0.034000002,0,0,0,0,0,0
1931,203,0,1,0,0.052999999,0.030999999,0,0,0,0,0,0
1932,203,0,0,1,0.044333334,0.030999999,0,0,0,0,0,0
1933,203,0,1,0,0.021,0.028000001,0,0,0,0,0,0
1934,203,0,1,0,0.046,0.035,0,0,1,0,0,0
1935,203,0,1,0,0.043000001,0.034000002,0,0,0,0,0,0
1936,203,0,1,0,0.043000001,0.034000002,1,0,0,0,0,0
1937,203,0,0,1,0.039666667,0.028000001,0,1,0,0,0,0
1938,203,0,1,0,0.021,0.034000002,0,0,0,0,0,0
1939,203,0,0,1,0.041666668,0.034000002,0,0,0,0,0,0
1940,203,0,0,1,0.041666668,0.028000001,0,0,0,0,0,0
1941,203,1,1,0,0.043000001,0.034000002,0,0,0,0,0,0
1942,204,0,1,0,0.046,0.041000001,0,0,0,1,0,0
1943,204,0,1,0,0.022,0.028000001,1,0,0,0,0,0
1944,204,0,1,0,0.037,0.034000002,0,0,0,0,0,0
1945,204,0,1,0,0.035,0.034000002,1,0,0,0,0,0
1946,204,0,1,0,0.030999999,0.034000002,1,0,0,0,0,0
1947,204,1,1,0,0.041999999,0.037,0,0,0,0,0,0
1948,205,0,1,0,0.028999999,0.030999999,0,0,0,0,0,0
1949,205,0,1,0,0.029999999,0.028000001,0,1,0,0,0,0
1950,205,0,1,0,0.034000002,0.030999999,0,0,0,0,0,0
1951,205,0,1,0,0.030999999,0.030999999,1,0,0,0,0,0
1952,205,0,1,0,0.030999999,0.030999999,1,0,0,0,0,0
1953,205,0,1,0,0.034000002,0.030999999,0,0,0,0,0,0
1954,205,0,1,0,0.037,0.030999999,0,0,0,0,0,0
1955,205,0,1,0,0.037,0.030999999,0,0,0,0,0,0
1956,205,0,1,0,0.037,0.030999999,0,0,0,0,0,0
1957,205,0,1,0,0.037,0.028000001,0,0,0,1,0,0
1958,205,0,1,0,0.037,0.034000002,0,0,0,0,0,0
1959,205,0,1,0,0.037,0.034000002,1,0,0,0,0,0
1960,205,0,0,1,0.045333333,0.028000001,0,0,0,0,0,0
1961,205,1,1,0,0.035,0.034000002,0,0,0,0,1,0
1962,206,0,0,1,0.044333334,0.017999999,0,0,0,0,0,0
1963,206,0,1,0,0.035,0.029999999,1,0,0,0,0,0
1964,206,0,1,0,0.021,0.028000001,0,0,0,0,0,0
1965,206,0,0,1,0.039333335,0.028000001,0,0,0,0,0,0
1966,206,0,0,1,0.042000001,0.030999999,0,0,0,1,0,0
1967,206,0,0,1,0.044666668,0.028000001,0,0,0,0,0,0
1968,206,1,1,0,0.045000002,0.034000002,1,0,0,0,0,0
1969,207,0,1,0,0.025,0.030999999,0,0,0,0,0,0
1970,207,0,1,0,0.026000001,0.018999999,0,0,0,0,0,0
1971,207,0,1,0,0.041999999,0.029999999,0,0,0,0,0,0
1972,207,0,1,0,0.030999999,0.034000002,0,0,0,0,0,0
1973,207,1,1,0,0.037,0.028000001,0,0,0,0,0,0
1974,208,0,1,0,0.041999999,0.030999999,0,0,0,0,1,0
1975,208,0,1,0,0.045000002,0.028000001,0,1,0,0,0,0
1976,208,0,1,0,0.021,0.034000002,0,0,0,0,0,0
1977,208,0,0,1,0.044666666,0.028000001,0,0,1,0,0,1
1978,208,1,1,0,0.043000001,0.034000002,1,0,0,0,0,0
1979,209,0,1,0,0.034000002,0.030999999,0,0,0,0,0,0
1980,209,0,1,0,0.052999999,0.030999999,0,0,0,0,0,0
1981,209,0,1,0,0.034000002,0.028000001,0,0,0,0,0,0
1982,209,0,1,0,0.021,0.028000001,0,0,0,0,0,0
1983,209,0,1,0,0.021,0.030999999,0,0,0,0,0,0
1984,209,0,1,0,0.028000001,0.030999999,0,0,0,0,0,0
1985,209,0,1,0,0.030999999,0.030999999,1,0,0,0,0,0
1986,209,0,1,0,0.041999999,0.030999999,0,0,0,0,0,0
1987,209,0,1,0,0.034000002,0.030999999,0,0,0,0,0,0
1988,209,0,1,0,0.034000002,0.034000002,0,0,0,0,0,0
1989,209,1,1,0,0.022,0.034000002,0,0,0,0,0,0
1990,210,0,1,0,0.028000001,0.035999998,0,0,0,0,0,0
1991,210,0,1,0,0.021,0.028000001,0,0,0,0,0,0
1992,210,0,1,0,0.034000002,0.030999999,0,0,0,0,0,0
1993,210,0,1,0,0.012,0.041000001,0,0,1,0,0,0
1994,210,0,1,0,0.030999999,0.030999999,0,0,0,0,0,0
1995,210,0,0,1,0.045666667,0.025,0,0,0,0,0,0
1996,210,1,1,0,0.021,0.034000002,0,0,0,0,0,0
1997,211,0,1,0,0.028000001,0.035999998,0,0,0,0,0,0
1998,211,0,1,0,0.034000002,0.037,0,0,0,0,0,0
1999,211,0,1,0,0.017999999,0.034000002,0,0,0,0,0,0
2000,211,0,1,0,0.037,0.034000002,0,0,0,0,0,0
2001,211,0,1,0,0.022,0.034000002,0,0,0,0,0,0
2002,211,0,1,0,0.030999999,0.037,1,0,0,0,0,0
2003,211,0,1,0,0.022,0.030999999,0,0,0,0,0,0
2004,211,0,1,0,0.030999999,0.034000002,1,0,0,0,0,0
2005,211,0,1,0,0.028000001,0.037,0,0,0,0,0,0
2006,211,0,1,0,0.030999999,0.032000002,0,0,0,0,0,0
2007,211,0,1,0,0.021,0.028000001,0,0,0,0,0,0
2008,211,0,1,0,0.034000002,0.030999999,0,0,0,0,0,0
2009,211,0,1,0,0.017999999,0.030999999,0,0,0,0,0,0
2010,211,0,1,0,0.034000002,0.030999999,0,0,1,0,0,0
2011,211,0,1,0,0.041999999,0.030999999,1,0,0,0,0,0
2012,211,0,1,0,0.025,0.030999999,1,0,0,0,0,0
2013,211,0,1,0,0.028000001,0.030999999,0,0,0,0,0,0
2014,211,0,1,0,0.030999999,0.030999999,1,0,0,0,0,0
2015,211,0,1,0,0.037,0.030999999,0,0,0,0,0,0
2016,211,0,1,0,0.037,0.030999999,0,0,1,0,0,0
2017,211,0,1,0,0.030999999,0.030999999,1,0,0,0,0,0
2018,211,0,1,0,0.037,0.030999999,0,0,0,0,0,0
2019,211,1,1,0,0.021,0.030999999,0,0,0,0,0,0
2020,212,0,1,0,0.050000001,0.041999999,0,0,0,0,0,0
2021,212,0,1,0,0.037999999,0.039000001,0,0,0,0,0,0
2022,212,0,1,0,0.046,0.041000001,0,0,1,1,0,0
2023,212,0,1,0,0.050000001,0.041000001,0,0,0,0,0,0
2024,212,1,1,0,0.041999999,0.035,0,0,1,0,0,0
2025,213,0,1,0,0.037,0.034000002,0,0,0,0,0,0
2026,213,0,0,1,0.036666667,0.028000001,0,1,0,0,0,0
2027,213,0,1,0,0.034000002,0.028000001,0,0,0,0,0,0
2028,213,0,1,0,0.034000002,0.028000001,1,0,0,0,0,0
2029,213,0,1,0,0.043000001,0.034000002,0,0,0,0,0,0
2030,213,0,1,0,0.037,0.034000002,0,0,0,0,0,0
2031,213,0,1,0,0.037,0.034000002,1,0,0,0,0,0
2032,213,0,1,0,0.041999999,0.032000002,0,0,0,0,0,0
2033,213,1,1,0,0.022,0.034000002,0,0,0,0,0,0
2034,214,0,1,0,0.012,0.041000001,0,0,1,0,0,0
2035,214,0,1,0,0.015,0.035,0,0,1,0,0,0
2036,214,0,1,0,0.021,0.034000002,0,0,0,0,0,0
2037,214,0,1,0,0.017999999,0.041999999,0,0,0,0,0,0
2038,214,1,1,0,0.022,0.033,0,0,0,0,0,0
2039,215,0,1,0,0.034000002,0.028000001,0,0,0,0,0,0
2040,215,0,1,0,0.041999999,0.028000001,0,0,0,0,0,0
2041,215,0,1,0,0.043000001,0.032000002,0,0,0,0,0,0
2042,215,0,1,0,0.035999998,0.037,0,0,1,0,0,0
2043,215,1,1,0,0.035999998,0.037,0,0,0,0,0,0
2044,216,0,1,0,0.046,0.048,0,0,0,0,0,0
2045,216,0,1,0,0.029999999,0.048,0,0,1,0,0,0
2046,216,0,1,0,0.029999999,0.048,0,0,1,0,0,0
2047,216,0,1,0,0.035,0.028000001,0,0,1,0,0,0
2048,216,0,1,0,0.029999999,0.041000001,0,0,0,0,0,0
2049,216,0,1,0,0.029999999,0.041000001,0,0,0,0,0,0
2050,216,0,1,0,0.032000002,0.041000001,0,0,0,0,0,0
2051,216,0,1,0,0.032000002,0.041000001,0,0,0,0,0,0
2052,216,0,1,0,0.032000002,0.041000001,0,0,1,0,0,0
2053,216,0,1,0,0.050000001,0.043000001,0,0,1,0,0,0
2054,216,0,1,0,0.032000002,0.041000001,0,0,1,0,0,0
2055,216,1,1,0,0.046,0.043000001,0,0,0,0,0,0
2056,217,0,1,0,0.050000001,0.034000002,0,0,0,0,0,0
2057,217,0,0,1,0.04,0.023,1,0,0,0,0,0
2058,217,0,1,0,0.039000001,0.030999999,1,0,0,0,0,0
2059,217,0,1,0,0.046999998,0.030999999,0,0,0,0,0,0
2060,217,0,1,0,0.046999998,0.030999999,0,0,0,0,0,0
2061,217,0,1,0,0.050000001,0.034000002,0,0,0,0,0,0
2062,217,0,1,0,0.050000001,0.037,0,0,0,0,0,0
2063,217,1,1,0,0.035999998,0.037,1,0,0,0,0,0
2064,218,0,1,0,0.028999999,0.034000002,0,0,0,0,0,0
2065,218,0,1,0,0.046999998,0.029999999,1,0,0,0,0,0
2066,218,0,1,0,0.025,0.030999999,1,0,0,0,0,0
2067,218,0,0,1,0.041666668,0.015,0,0,0,0,0,0
2068,218,0,1,0,0.021,0.034000002,0,0,0,0,0,0
2069,218,1,1,0,0.022,0.034000002,0,0,0,0,0,0
2070,219,0,1,0,0.034000002,0.028000001,0,0,0,0,0,0
2071,219,0,1,0,0.043000001,0.029999999,0,0,0,0,0,0
2072,219,0,1,0,0.043000001,0.034000002,0,0,0,0,0,0
2073,219,0,1,0,0.043000001,0.034000002,0,0,0,0,0,0
2074,219,0,1,0,0.045000002,0.034000002,0,0,0,0,0,0
2075,219,1,1,0,0.045000002,0.034000002,1,0,0,0,0,0
2076,220,0,1,0,0.037999999,0.035,0,0,0,0,0,0
2077,220,0,1,0,0.037999999,0.035,0,0,0,0,0,0
2078,220,0,0,1,0.041666667,0.034000002,0,0,0,0,0,0
2079,220,0,1,0,0.045000002,0.037,0,0,0,0,0,0
2080,220,0,1,0,0.048999999,0.041999999,1,0,0,0,0,0
2081,220,1,0,1,0.045333333,0.034000002,0,0,0,0,0,0
2082,221,0,1,0,0.030999999,0.037,0,0,0,0,0,0
2083,221,0,1,0,0.039000001,0.030999999,1,0,0,0,0,0
2084,221,0,1,0,0.041999999,0.028000001,0,0,0,0,0,0
2085,221,0,1,0,0.028000001,0.028000001,0,0,0,0,0,0
2086,221,0,1,0,0.012,0.041000001,0,0,1,0,0,0
2087,221,1,1,0,0.012,0.043000001,0,0,1,0,0,0
2088,222,0,0,1,0.045,0.022,0,0,0,0,0,0
2089,222,0,1,0,0.039000001,0.030999999,1,0,0,0,0,0
2090,222,0,1,0,0.034000002,0.025,0,1,0,0,0,0
2091,222,0,1,0,0.021,0.034000002,0,0,0,0,0,0
2092,222,1,1,0,0.035999998,0.037,0,0,0,0,0,0
2093,223,0,1,0,0.015,0.030999999,0,0,0,0,0,0
2094,223,0,1,0,0.017000001,0.035999998,0,0,0,1,0,0
2095,223,0,1,0,0.017000001,0.033,0,0,0,0,0,0
2096,223,0,0,1,0.045666667,0.012,0,0,0,0,0,0
2097,223,1,1,0,0.022,0.033,0,0,0,0,0,0
2098,224,0,1,0,0.028000001,0.035999998,0,0,0,0,0,0
2099,224,0,1,0,0.030999999,0.037,1,0,0,0,0,0
2100,224,0,1,0,0.030999999,0.034000002,1,0,0,0,0,0
2101,224,0,1,0,0.028000001,0.037,0,0,0,0,0,0
2102,224,0,1,0,0.024,0.029999999,0,0,0,0,0,0
2103,224,0,1,0,0.025,0.030999999,1,0,0,0,0,0
2104,224,0,1,0,0.030999999,0.030999999,1,0,0,0,0,0
2105,224,0,1,0,0.030999999,0.030999999,0,0,0,0,1,0
2106,224,0,1,0,0.034000002,0.030999999,0,0,0,0,0,0
2107,224,0,1,0,0.037,0.034000002,0,0,0,0,0,0
2108,224,0,1,0,0.037,0.028999999,0,0,0,0,1,0
2109,224,1,1,0,0.030999999,0.037,1,0,0,0,0,0
2110,225,0,1,0,0.043000001,0.030999999,0,0,0,0,0,0
2111,225,0,1,0,0.041999999,0.035,0,0,0,0,0,0
2112,225,0,1,0,0.046999998,0.035,0,0,0,0,0,0
2113,225,0,1,0,0.039000001,0.035,0,0,0,0,0,0
2114,225,0,1,0,0.039000001,0.035,0,0,1,0,0,0
2115,225,1,1,0,0.037,0.041999999,1,0,0,0,0,0
2116,226,0,1,0,0.050000001,0.030999999,0,0,0,0,0,0
2117,226,0,1,0,0.035,0.029999999,0,0,0,0,0,0
2118,226,0,1,0,0.037,0.030999999,0,0,0,0,0,0
2119,226,0,1,0,0.050999999,0.037,0,0,0,0,0,0
2120,226,1,1,0,0.041999999,0.034000002,0,0,0,0,0,0
2121,227,0,1,0,0.028000001,0.034000002,0,0,0,0,0,0
2122,227,0,1,0,0.023,0.018999999,0,0,0,0,0,0
2123,227,0,1,0,0.034000002,0.030999999,0,0,1,0,0,0
2124,227,0,1,0,0.034000002,0.030999999,0,0,1,0,0,0
2125,227,0,1,0,0.041999999,0.030999999,0,0,0,0,0,0
2126,227,1,1,0,0.022,0.033,0,0,0,0,0,0
2127,228,0,1,0,0.030999999,0.037,0,0,0,0,0,0
2128,228,0,1,0,0.022,0.037,0,0,0,0,0,0
2129,228,0,1,0,0.027000001,0.035,0,0,1,0,0,0
2130,228,0,1,0,0.035999998,0.037,0,0,0,0,0,0
2131,228,0,1,0,0.030999999,0.035,0,0,1,0,0,0
2132,228,0,1,0,0.017999999,0.041999999,0,0,0,0,0,0
2133,228,1,1,0,0.037,0.034000002,0,0,0,0,0,0
2134,229,0,0,1,0.045,0.017999999,0,0,0,0,0,0
2135,229,0,1,0,0.028000001,0.034000002,0,0,0,0,0,0
2136,229,0,1,0,0.052000001,0.037,0,0,0,0,0,0
2137,229,0,1,0,0.030999999,0.028000001,0,1,0,0,0,0
2138,229,0,1,0,0.001,0.037,0,0,0,0,0,0
2139,229,0,1,0,0.041999999,0.029999999,0,0,0,0,0,0
2140,229,0,1,0,0.017999999,0.028000001,0,0,0,0,0,0
2141,229,0,1,0,0.017000001,0.033,0,0,0,0,0,0
2142,229,1,1,0,0.041999999,0.035,0,0,1,0,0,0
2143,230,0,1,0,0.034000002,0.046999998,0,0,0,0,0,0
2144,230,0,1,0,0.034000002,0.046999998,1,0,0,0,0,0
2145,230,0,1,0,0.030999999,0.044,0,0,0,0,0,0
2146,230,0,1,0,0.030999999,0.037,0,0,0,0,0,0
2147,230,0,1,0,0.027000001,0.035999998,0,0,0,1,0,0
2148,230,0,1,0,0.027000001,0.035,0,0,0,0,0,0
2149,230,0,0,1,0.038000001,0.035,0,0,1,0,0,0
2150,230,0,0,1,0.041,0.035,0,0,0,0,0,0
2151,230,0,0,1,0.041,0.035,0,0,0,0,0,0
2152,230,1,1,0,0.015,0.035,0,0,1,0,0,0
2153,231,0,1,0,0.022,0.037,1,0,0,0,0,0
2154,231,0,1,0,0.030999999,0.037,1,0,0,0,0,0
2155,231,0,1,0,0.028000001,0.037,0,0,0,0,0,0
2156,231,0,1,0,0.027000001,0.028000001,0,1,0,0,0,0
2157,231,0,1,0,0.029999999,0.028000001,0,0,0,0,0,0
2158,231,0,1,0,0.021,0.028000001,0,0,0,0,0,0
2159,231,0,1,0,0.034000002,0.030999999,0,0,0,0,0,0
2160,231,0,1,0,0.034000002,0.030999999,0,0,0,0,0,0
2161,231,0,1,0,0.028000001,0.030999999,0,0,0,0,0,0
2162,231,0,1,0,0.030999999,0.030999999,1,0,0,0,0,0
2163,231,0,1,0,0.030999999,0.030999999,1,0,0,0,0,0
2164,231,0,1,0,0.037,0.030999999,0,0,1,0,0,0
2165,231,0,1,0,0.041999999,0.032000002,0,0,0,0,0,0
2166,231,0,1,0,0.035,0.034000002,1,0,0,0,0,0
2167,231,1,1,0,0.044,0.034000002,0,0,0,0,0,0
2168,232,0,0,1,0.042333333,0.003,0,0,0,0,0,0
2169,232,0,1,0,0.021,0.035,0,0,1,0,0,0
2170,232,0,1,0,0.034000002,0.030999999,0,0,0,0,0,0
2171,232,0,0,1,0.041333334,0.003,0,0,0,0,0,0
2172,232,0,0,1,0.041666668,0.003,0,0,0,0,0,0
2173,232,0,1,0,0.046,0.034000002,0,0,0,0,0,0
2174,232,0,0,1,0.045666667,0.021,0,0,0,0,0,0
2175,232,0,0,1,0.042000001,0.025,0,0,0,0,1,0
2176,232,1,0,1,0.042000001,0.015,0,0,0,0,1,0
2177,233,0,1,0,0.028000001,0.034000002,0,0,0,0,0,0
2178,233,0,1,0,0.022,0.035,0,0,0,0,0,0
2179,233,0,1,0,0.041000001,0.035,0,0,1,0,0,0
2180,233,0,1,0,0.039000001,0.030999999,1,0,0,0,0,0
2181,233,0,1,0,0.037,0.034000002,0,0,0,0,0,0
2182,233,0,1,0,0.041999999,0.034000002,0,0,0,0,0,0
2183,233,0,1,0,0.032000002,0.037,0,0,1,0,0,0
2184,233,1,1,0,0.022,0.034000002,0,0,0,0,0,0
2185,234,0,1,0,0.050000001,0.039999999,0,0,0,0,0,0
2186,234,0,1,0,0.043000001,0.028999999,0,0,0,0,0,0
2187,234,0,1,0,0.034000002,0.030999999,0,0,0,0,1,0
2188,234,0,1,0,0.041999999,0.034000002,0,0,0,0,1,0
2189,234,1,1,0,0.043000001,0.034000002,0,0,0,0,0,0
2190,235,0,1,0,0.052000001,0.034000002,1,0,0,0,0,0
2191,235,0,1,0,0.039000001,0.028000001,0,1,0,0,0,0
2192,235,0,1,0,0.046999998,0.030999999,1,0,0,0,0,0
2193,235,0,0,1,0.040666667,0.022,0,0,0,0,0,0
2194,235,1,0,1,0.041,0.028000001,0,0,0,0,0,0
2195,236,0,1,0,0.037,0.039000001,0,0,0,0,0,0
2196,236,0,1,0,0.034000002,0.030999999,0,0,0,0,0,0
2197,236,0,1,0,0.017000001,0.035999998,0,0,0,1,0,0
2198,236,0,1,0,0.034000002,0.030999999,0,0,0,0,0,0
2199,236,0,0,1,0.043,0.017999999,0,0,0,0,0,0
2200,236,0,1,0,0.022,0.034000002,0,0,0,0,0,0
2201,236,1,1,0,0.035999998,0.037,0,0,0,0,0,0
2202,237,0,1,0,0.029999999,0.028999999,0,0,0,0,0,0
2203,237,0,1,0,0.027000001,0.035,0,0,0,1,0,0
2204,237,0,1,0,0.026000001,0.029999999,0,0,0,0,0,0
2205,237,0,1,0,0.034000002,0.034000002,0,0,0,0,0,0
2206,237,0,1,0,0.037,0.034000002,0,0,0,0,1,0
2207,237,1,1,0,0.021,0.034000002,0,0,0,0,0,0
2208,238,0,1,0,0.030999999,0.037,1,0,0,0,0,0
2209,238,0,1,0,0.015,0.034000002,1,0,0,0,0,0
2210,238,0,1,0,0.028000001,0.034000002,0,0,0,0,0,0
2211,238,0,1,0,0.029999999,0.028000001,0,0,1,0,0,0
2212,238,0,1,0,0.028000001,0.029999999,0,0,0,0,0,0
2213,238,0,1,0,0.041999999,0.029999999,0,0,0,0,0,0
2214,238,0,1,0,0.030999999,0.030999999,0,0,0,0,1,0
2215,238,0,1,0,0.046,0.041000001,0,0,0,1,0,0
2216,238,0,1,0,0.025,0.030999999,1,0,0,0,0,0
2217,238,0,1,0,0.030999999,0.033,1,0,0,0,0,0
2218,238,0,1,0,0.046,0.028000001,0,1,0,0,0,0
2219,238,0,1,0,0.021,0.034000002,0,0,0,0,0,0
2220,238,1,1,0,0.030999999,0.037,0,0,0,0,1,0
2221,239,0,1,0,0.017999999,0.037,0,0,0,0,0,0
2222,239,0,1,0,0.034000002,0.046999998,1,0,0,0,0,0
2223,239,0,1,0,0.030999999,0.037,0,0,0,0,1,0
2224,239,0,1,0,0.021,0.035,0,0,1,0,0,0
2225,239,1,1,0,0.012,0.041000001,0,0,1,0,0,0
2226,240,0,1,0,0.050999999,0.037,0,0,0,0,0,0
2227,240,0,0,1,0.042000001,0.028000001,0,0,0,0,0,1
2228,240,0,1,0,0.046,0.034000002,0,0,0,0,0,0
2229,240,0,1,0,0.021,0.034000002,0,0,0,0,0,0
2230,240,1,1,0,0.037,0.034000002,0,0,0,0,0,0
2231,241,0,1,0,0.028000001,0.035999998,0,0,0,0,0,0
2232,241,0,1,0,0.015,0.030999999,0,0,0,0,0,0
2233,241,0,1,0,0.030999999,0.037,0,0,0,0,1,0
2234,241,0,1,0,0.030999999,0.034000002,1,0,0,0,0,0
2235,241,0,1,0,0.050000001,0.034000002,0,0,0,0,0,0
2236,241,0,1,0,0.041999999,0.029999999,0,0,0,0,0,0
2237,241,0,1,0,0.028000001,0.028000001,0,0,0,0,0,0
2238,241,0,1,0,0.041999999,0.034000002,0,0,0,0,0,0
2239,241,1,1,0,0.046,0.037,0,0,0,0,0,0
2240,242,0,0,1,0.045,0.026000001,0,0,0,0,0,0
2241,242,0,0,1,0.044999999,0.028000001,0,0,0,0,0,0
2242,242,0,1,0,0.017999999,0.034000002,1,0,0,0,0,0
2243,242,0,1,0,0.043000001,0.029999999,0,0,0,0,0,0
2244,242,0,1,0,0.032000002,0.029999999,1,0,0,0,0,0
2245,242,0,1,0,0.039000001,0.030999999,1,0,0,0,0,0
2246,242,0,1,0,0.039000001,0.030999999,1,0,0,0,0,0
2247,242,0,0,1,0.043000002,0.028000001,0,1,0,0,0,0
2248,242,0,1,0,0.039000001,0.030999999,1,0,0,0,0,0
2249,242,0,0,1,0.044666668,0.028000001,0,1,0,0,0,0
2250,242,0,0,1,0.045333333,0.025,0,1,0,0,0,0
2251,242,0,1,0,0.039000001,0.028000001,0,0,0,0,1,0
2252,242,0,1,0,0.030999999,0.037,1,0,0,0,0,0
2253,242,1,1,0,0.023,0.037,1,0,0,0,0,0
2254,243,0,1,0,0.050000001,0.030999999,0,0,0,0,0,0
2255,243,0,1,0,0.034000002,0.028000001,1,0,0,0,0,0
2256,243,0,1,0,0.028000001,0.028000001,0,0,0,0,0,0
2257,243,0,1,0,0.023,0.028000001,0,0,0,0,0,0
2258,243,0,1,0,0.041999999,0.034000002,0,0,0,0,0,0
2259,243,1,1,0,0.037,0.034000002,0,0,0,0,0,0
2260,244,0,1,0,0.032000002,0.035999998,0,0,0,0,0,0
2261,244,0,1,0,0.028000001,0.037,1,0,0,0,0,0
2262,244,0,1,0,0.030999999,0.034000002,1,0,0,0,0,0
2263,244,0,1,0,0.017999999,0.034000002,1,0,0,0,0,0
2264,244,0,1,0,0.028000001,0.037,0,0,0,0,0,0
2265,244,0,1,0,0.028000001,0.029999999,1,0,0,0,0,0
2266,244,0,1,0,0.025,0.029999999,1,0,0,0,0,0
2267,244,0,1,0,0.034000002,0.030999999,0,0,0,0,0,0
2268,244,0,1,0,0.034000002,0.030999999,0,0,0,0,0,0
2269,244,0,1,0,0.034000002,0.030999999,0,0,0,0,0,0
2270,244,0,1,0,0.039000001,0.030999999,1,0,0,0,0,0
2271,244,0,0,1,0.042000001,0.028000001,0,0,0,0,0,1
2272,244,0,1,0,0.025,0.030999999,0,0,0,0,0,0
2273,244,0,1,0,0.030999999,0.030999999,1,0,0,0,0,0
2274,244,0,0,1,0.045666667,0.025,0,1,0,0,0,0
2275,244,0,0,1,0.045666667,0.025,0,0,0,0,0,0
2276,244,0,1,0,0.041999999,0.028000001,0,0,0,0,1,0
2277,244,0,1,0,0.037,0.037,1,0,0,0,0,0
2278,244,0,1,0,0.037,0.037,1,0,0,0,0,0
2279,244,1,1,0,0.037,0.037,0,0,0,0,0,0
2280,245,0,1,0,0.046999998,0.034000002,0,0,0,0,0,0
2281,245,0,1,0,0.017999999,0.037,1,0,0,0,0,0
2282,245,0,1,0,0.030999999,0.037,0,0,0,0,0,0
2283,245,0,1,0,0.035,0.034000002,1,0,0,0,0,0
2284,245,0,1,0,0.046,0.030999999,0,0,1,0,0,0
2285,245,0,1,0,0.029999999,0.029999999,0,0,1,0,0,0
2286,245,0,1,0,0.028999999,0.029999999,1,0,0,0,0,0
2287,245,0,1,0,0.046999998,0.030999999,0,0,0,0,0,0
2288,245,0,1,0,0.045000002,0.028000001,0,0,0,0,0,0
2289,245,0,1,0,0.046999998,0.030999999,0,0,0,0,0,0
2290,245,0,1,0,0.046999998,0.030999999,0,0,0,0,0,0
2291,245,0,1,0,0.050000001,0.034000002,0,0,0,0,0,0
2292,245,0,1,0,0.050000001,0.034000002,0,0,0,0,0,0
2293,245,0,1,0,0.041999999,0.034000002,1,0,0,0,0,0
2294,245,0,1,0,0.039000001,0.028000001,0,0,0,0,1,0
2295,245,0,1,0,0.052999999,0.037,0,0,0,0,0,0
2296,245,1,1,0,0.052999999,0.037,0,0,0,0,0,0
2297,246,0,1,0,0.028000001,0.030999999,0,0,0,0,0,0
2298,246,0,0,1,0.040666667,0.027000001,0,0,0,0,0,1
2299,246,0,1,0,0.029999999,0.028000001,0,0,1,0,0,0
2300,246,0,1,0,0.028000001,0.030999999,0,0,1,0,0,0
2301,246,0,1,0,0.017000001,0.035,0,0,1,0,0,0
2302,246,0,0,1,0.038666666,0.034000002,1,0,0,0,0,0
2303,246,0,0,1,0.037,0.022,1,0,0,0,0,0
2304,246,1,1,0,0.021,0.034000002,0,0,0,0,0,0
2305,247,0,0,1,0.044333334,0.030999999,0,0,0,0,0,0
2306,247,0,0,1,0.040666667,0.027000001,0,0,0,0,0,1
2307,247,0,0,1,0.039666667,0.030999999,0,0,0,0,0,0
2308,247,0,0,1,0.038666666,0.030999999,0,0,0,0,1,0
2309,247,0,0,1,0.039666667,0.030999999,0,0,0,0,0,0
2310,247,0,1,0,0.046,0.034000002,1,0,0,0,0,0
2311,247,0,0,1,0.041333334,0.028000001,0,0,0,0,0,0
2312,247,1,1,0,0.035,0.034000002,0,0,0,0,0,0
2313,248,0,0,1,0.044333334,0.017999999,0,0,0,0,0,0
2314,248,0,0,1,0.044333334,0.028000001,0,1,0,0,0,0
2315,248,0,1,0,0.023,0.028000001,1,0,0,0,0,0
2316,248,0,1,0,0.029999999,0.028000001,0,0,0,0,0,0
2317,248,0,1,0,0.034000002,0.028000001,0,0,0,0,0,0
2318,248,1,1,0,0.016000001,0.028000001,0,0,0,0,0,0
2319,249,0,1,0,0.028000001,0.034000002,0,0,0,0,0,0
2320,249,0,1,0,0.029999999,0.048,0,0,1,0,0,0
2321,249,0,1,0,0.046,0.048,0,0,1,0,0,0
2322,249,0,1,0,0.046,0.048,0,0,1,0,0,0
2323,249,0,1,0,0.046999998,0.029999999,0,0,0,0,0,0
2324,249,0,1,0,0.027000001,0.048999999,0,0,0,0,1,0
2325,249,0,1,0,0.041999999,0.048999999,0,0,0,0,1,0
2326,249,0,1,0,0.029999999,0.041999999,0,0,0,1,0,0
2327,249,0,1,0,0.012,0.041000001,0,0,1,0,0,0
2328,249,0,1,0,0.012,0.043000001,0,0,1,0,0,0
2329,249,0,1,0,0.032000002,0.041000001,0,0,0,0,0,0
2330,249,0,1,0,0.030999999,0.041000001,1,0,0,0,0,0
2331,249,0,1,0,0.044,0.041000001,0,0,1,0,0,0
2332,249,0,1,0,0.034000002,0.028000001,0,1,0,0,0,0
2333,249,0,1,0,0.045000002,0.041000001,0,0,0,0,0,0
2334,249,0,1,0,0.030999999,0.034000002,0,0,0,0,0,0
2335,249,0,1,0,0.044,0.041000001,0,0,0,0,1,0
2336,249,0,1,0,0.041999999,0.041000001,0,0,0,0,0,0
2337,249,1,1,0,0.030999999,0.037,1,0,0,0,0,0
2338,250,0,0,1,0.044666668,0.041000001,0,0,0,0,0,0
2339,250,0,1,0,0.030999999,0.037999999,0,0,0,0,0,0
2340,250,0,1,0,0.017000001,0.035999998,0,0,0,1,0,0
2341,250,0,0,1,0.033333333,0.035999998,0,0,0,1,0,0
2342,250,0,1,0,0.027000001,0.035,0,0,0,1,0,0
2343,250,0,1,0,0.017000001,0.035,0,0,1,0,0,0
2344,250,0,1,0,0.039000001,0.030999999,1,0,0,0,0,0
2345,250,1,1,0,0.045000002,0.039999999,0,0,0,0,0,0
2346,251,0,1,0,0.028000001,0.035999998,0,0,0,0,0,0
2347,251,0,0,1,0.045,0.026000001,0,0,0,0,0,0
2348,251,0,1,0,0.030999999,0.035,0,1,1,0,0,0
2349,251,0,1,0,0.028000001,0.037,0,0,0,0,0,0
2350,251,0,1,0,0.017000001,0.035999998,0,0,0,1,0,0
2351,251,0,1,0,0.035,0.029999999,0,0,0,0,0,0
2352,251,0,1,0,0.035,0.029999999,0,0,0,0,0,0
2353,251,0,1,0,0.045000002,0.028000001,0,1,0,0,0,0
2354,251,0,1,0,0.030999999,0.030999999,1,0,0,0,0,0
2355,251,0,1,0,0.030999999,0.030999999,0,0,0,0,0,0
2356,251,0,1,0,0.015,0.035,0,0,1,0,0,0
2357,251,1,1,0,0.030999999,0.037,1,0,0,0,0,0
2358,252,0,1,0,0.034000002,0.028000001,0,0,0,0,0,0
2359,252,0,1,0,0.043000001,0.034000002,0,0,0,0,0,0
2360,252,0,1,0,0.043000001,0.030999999,0,0,0,0,0,0
2361,252,0,1,0,0.041999999,0.030999999,0,0,0,0,0,0
2362,252,0,1,0,0.043000001,0.034000002,0,0,0,0,0,0
2363,252,0,1,0,0.043000001,0.034000002,1,0,0,0,0,0
2364,252,1,1,0,0.043000001,0.034000002,0,0,0,0,0,0
2365,253,0,1,0,0.050000001,0.034000002,0,0,0,0,1,0
2366,253,0,1,0,0.043000001,0.029999999,1,0,0,0,0,0
2367,253,0,1,0,0.034000002,0.030999999,0,0,0,0,0,0
2368,253,0,1,0,0.050000001,0.030999999,0,0,0,0,0,0
2369,253,1,1,0,0.052999999,0.037,0,0,0,0,0,0
2370,254,0,1,0,0.025,0.039000001,0,0,0,0,0,0
2371,254,0,1,0,0.012,0.037,1,0,0,0,0,0
2372,254,0,1,0,0.022,0.034000002,1,0,0,0,0,0
2373,254,0,1,0,0.028999999,0.030999999,1,0,0,0,0,0
2374,254,0,1,0,0.043000001,0.029999999,0,0,0,0,0,0
2375,254,0,1,0,0.012,0.035,0,0,1,0,0,0
2376,254,1,1,0,0.037999999,0.041999999,0,0,0,0,0,0
2377,255,0,1,0,0.022,0.030999999,0,0,0,0,0,0
2378,255,0,1,0,0.022,0.028000001,0,0,0,0,0,0
2379,255,0,1,0,0.050000001,0.030999999,0,0,0,0,0,0
2380,255,0,1,0,0.039000001,0.030999999,1,0,0,0,0,0
2381,255,0,1,0,0.034000002,0.028999999,0,0,0,0,0,0
2382,255,0,0,1,0.042333333,0.037,0,0,0,0,0,0
2383,255,1,1,0,0.021,0.034000002,0,0,1,0,0,0
2384,256,0,1,0,0.032000002,0.039000001,0,0,0,0,0,0
2385,256,0,1,0,0.027000001,0.033,0,0,0,0,0,0
2386,256,0,1,0,0.043000001,0.030999999,0,0,0,0,0,0
2387,256,0,1,0,0.041000001,0.041999999,0,0,0,0,0,0
2388,256,1,1,0,0.052999999,0.037,1,0,0,0,0,0
2389,257,0,1,0,0.037,0.035999998,0,0,0,0,0,0
2390,257,0,1,0,0.017999999,0.034000002,0,0,0,0,0,0
2391,257,0,1,0,0.032000002,0.034000002,0,0,0,0,0,0
2392,257,0,1,0,0.030999999,0.037,1,0,0,0,0,0
2393,257,0,1,0,0.030999999,0.034000002,0,0,0,0,0,0
2394,257,0,1,0,0.037,0.037,0,0,0,0,0,0
2395,257,0,1,0,0.030999999,0.030999999,1,0,0,0,0,0
2396,257,0,1,0,0.039000001,0.034000002,1,0,0,0,0,0
2397,257,0,1,0,0.021,0.028000001,0,0,0,0,0,0
2398,257,0,1,0,0.034000002,0.030999999,0,0,0,0,0,0
2399,257,0,1,0,0.034000002,0.030999999,0,0,0,0,0,0
2400,257,0,1,0,0.030999999,0.030999999,1,0,0,0,0,0
2401,257,0,1,0,0.028000001,0.030999999,0,0,0,0,0,0
2402,257,0,1,0,0.030999999,0.030999999,1,0,0,0,0,0
2403,257,0,1,0,0.030999999,0.030999999,0,0,0,0,1,0
2404,257,0,1,0,0.034000002,0.030999999,0,0,1,0,0,0
2405,257,0,1,0,0.030999999,0.030999999,1,0,0,0,0,0
2406,257,0,1,0,0.030999999,0.030999999,1,0,0,0,0,0
2407,257,0,1,0,0.034000002,0.030999999,0,0,0,0,0,0
2408,257,0,1,0,0.037,0.030999999,1,0,0,0,0,0
2409,257,0,1,0,0.034000002,0.034000002,0,0,0,0,0,0
2410,257,0,1,0,0.035,0.028000001,0,0,0,1,0,0
2411,257,0,1,0,0.030999999,0.034000002,1,0,0,0,0,0
2412,257,0,1,0,0.037,0.025,0,1,0,0,0,0
2413,257,0,1,0,0.021,0.034000002,0,0,1,0,0,0
2414,257,0,1,0,0.037999999,0.034000002,1,0,0,0,0,0
2415,257,0,1,0,0.037,0.037,0,0,0,0,0,0
2416,257,1,1,0,0.022,0.034000002,0,0,0,0,0,0
2417,258,0,1,0,0.039000001,0.028000001,0,1,0,0,0,0
2418,258,0,1,0,0.039000001,0.030999999,0,0,0,0,0,0
2419,258,0,1,0,0.043000001,0.030999999,0,0,0,0,0,0
2420,258,0,1,0,0.043000001,0.034000002,0,0,0,0,0,0
2421,258,1,0,1,0.041333334,0.028000001,0,0,0,0,0,0
2422,259,0,1,0,0.028000001,0.034000002,0,0,0,0,0,0
2423,259,0,1,0,0.028000001,0.037,0,0,0,0,0,0
2424,259,0,1,0,0.030999999,0.037,1,0,0,0,0,0
2425,259,0,1,0,0.037,0.034000002,0,0,0,0,0,0
2426,259,1,1,0,0.030999999,0.034000002,1,0,0,0,0,0
2427,260,0,1,0,0.029999999,0.048,0,0,1,0,0,0
2428,260,0,1,0,0.029999999,0.048,0,0,1,0,0,0
2429,260,0,1,0,0.046,0.048,0,0,0,0,0,0
2430,260,0,1,0,0.034000002,0.030999999,0,0,1,0,0,0
2431,260,0,1,0,0.032000002,0.041000001,0,0,1,0,0,0
2432,260,1,1,0,0.015,0.041000001,0,0,1,0,0,0
2433,261,0,1,0,0.046,0.029999999,0,0,0,0,0,0
2434,261,0,1,0,0.035,0.029999999,1,0,0,0,0,0
2435,261,0,1,0,0.034000002,0.030999999,0,0,1,0,0,0
2436,261,0,0,1,0.042000001,0.030999999,0,0,0,1,0,0
2437,261,0,1,0,0.035,0.028999999,0,0,0,0,0,0
2438,261,0,0,1,0.044333334,0.028000001,0,1,0,0,0,0
2439,261,1,1,0,0.032000002,0.037,0,0,1,0,0,0
2440,262,0,0,1,0.045,0.028000001,0,0,0,0,0,0
2441,262,0,1,0,0.022,0.030999999,0,0,0,0,0,0
2442,262,0,1,0,0.017999999,0.034000002,1,0,0,0,0,0
2443,262,0,1,0,0.021,0.028000001,0,0,0,0,0,0
2444,262,0,1,0,0.034000002,0.033,0,0,0,0,0,0
2445,262,0,1,0,0.030999999,0.030999999,1,0,0,0,0,0
2446,262,0,1,0,0.030999999,0.030999999,1,0,0,0,0,0
2447,262,1,0,1,0.045333333,0.025,0,1,0,0,0,0
2448,263,0,1,0,0.022,0.034000002,0,0,0,0,0,0
2449,263,0,1,0,0.034000002,0.030999999,0,0,0,0,0,0
2450,263,0,1,0,0.039000001,0.030999999,1,0,0,0,0,0
2451,263,0,1,0,0.030999999,0.034000002,0,0,0,0,0,0
2452,263,0,1,0,0.041999999,0.034000002,0,0,0,0,0,0
2453,263,0,1,0,0.027000001,0.028000001,0,0,1,0,0,0
2454,263,0,1,0,0.034000002,0.030999999,0,0,0,0,0,0
2455,263,0,1,0,0.034000002,0.030999999,0,0,0,0,0,0
2456,263,0,1,0,0.034000002,0.030999999,0,0,0,0,0,0
2457,263,0,1,0,0.034000002,0.030999999,0,0,0,0,0,0
2458,263,0,1,0,0.034000002,0.030999999,1,0,0,0,0,0
2459,263,0,1,0,0.034000002,0.030999999,0,0,0,0,0,0
2460,263,0,1,0,0.034000002,0.030999999,0,0,0,0,0,0
2461,263,0,1,0,0.034000002,0.030999999,0,0,0,0,0,0
2462,263,0,1,0,0.034000002,0.030999999,0,0,0,0,0,0
2463,263,1,1,0,0.034000002,0.030999999,0,0,0,0,0,0
2464,264,0,1,0,0.028999999,0.034000002,0,0,0,0,0,0
2465,264,0,1,0,0.028000001,0.029999999,0,0,0,1,0,0
2466,264,0,1,0,0.034000002,0.030999999,0,0,0,0,0,0
2467,264,0,1,0,0.021,0.035,0,0,1,0,0,0
2468,264,0,1,0,0.021,0.034000002,0,0,0,0,0,0
2469,264,1,1,0,0.017999999,0.041999999,0,0,0,0,0,0
2470,265,0,1,0,0.029999999,0.048,0,0,1,0,0,0
2471,265,0,1,0,0.046,0.048,0,0,1,0,0,0
2472,265,0,0,1,0.039333333,0.041000001,0,0,1,0,0,0
2473,265,0,1,0,0.048,0.041999999,0,0,1,0,0,0
2474,265,1,1,0,0.050000001,0.041000001,0,0,1,0,0,0
2475,266,0,1,0,0.012,0.041000001,0,0,1,0,0,0
2476,266,0,1,0,0.041999999,0.035,0,0,1,0,0,0
2477,266,0,1,0,0.050000001,0.041000001,0,0,0,0,0,0
2478,266,0,1,0,0.050000001,0.043000001,0,0,1,0,0,0
2479,266,0,1,0,0.050000001,0.035,0,0,0,0,0,0
2480,266,0,1,0,0.039000001,0.041000001,0,0,0,0,1,0
2481,266,1,1,0,0.046,0.043000001,0,0,0,0,0,0
2482,267,0,1,0,0.061000001,0.037,0,0,0,0,0,0
2483,267,0,0,1,0.042666667,0.030999999,0,0,0,0,0,0
2484,267,0,1,0,0.021,0.035,0,0,1,0,0,0
2485,267,0,1,0,0.050000001,0.028999999,0,0,0,0,0,0
2486,267,0,1,0,0.050000001,0.034000002,0,0,0,0,0,0
2487,267,0,1,0,0.039000001,0.028000001,0,0,0,0,1,0
2488,267,1,0,1,0.041333334,0.028000001,0,0,0,0,0,0
2489,268,0,1,0,0.052999999,0.028000001,0,1,0,0,0,0
2490,268,0,1,0,0.021,0.028000001,0,0,0,0,0,0
2491,268,0,1,0,0.034000002,0.028000001,0,0,0,0,0,0
2492,268,0,1,0,0.045000002,0.034000002,1,0,0,0,0,0
2493,268,0,1,0,0.045000002,0.034000002,0,0,0,0,0,0
2494,268,1,1,0,0.022,0.034000002,0,0,0,0,0,0
2495,269,0,1,0,0.034000002,0.037,0,0,0,0,0,0
2496,269,0,1,0,0.022,0.034000002,0,0,0,0,0,0
2497,269,0,1,0,0.034000002,0.030999999,0,0,0,0,0,0
2498,269,0,1,0,0.034000002,0.030999999,0,0,0,0,0,0
2499,269,0,1,0,0.034000002,0.028000001,0,1,0,0,0,0
2500,269,0,1,0,0.030999999,0.034000002,0,0,1,0,0,0
2501,269,0,1,0,0.029999999,0.028000001,1,0,0,0,0,0
2502,269,0,1,0,0.029999999,0.028000001,0,0,0,0,0,0
2503,269,0,1,0,0.021,0.028000001,0,0,0,0,0,0
2504,269,0,1,0,0.034000002,0.028000001,0,0,0,0,0,0
2505,269,0,1,0,0.034000002,0.030999999,0,0,0,0,0,0
2506,269,0,1,0,0.034000002,0.030999999,0,0,0,0,0,0
2507,269,0,1,0,0.034000002,0.030999999,0,0,0,0,0,0
2508,269,0,1,0,0.034000002,0.030999999,1,0,0,0,0,0
2509,269,0,1,0,0.030999999,0.030999999,0,0,0,0,0,0
2510,269,0,1,0,0.034000002,0.030999999,0,0,0,0,0,0
2511,269,1,1,0,0.030999999,0.030999999,1,0,0,0,0,0
2512,270,0,1,0,0.034000002,0.041000001,0,0,0,0,0,0
2513,270,0,1,0,0.034000002,0.035,0,0,0,0,0,0
2514,270,0,1,0,0.030999999,0.044,0,0,0,0,0,0
2515,270,0,1,0,0.030999999,0.037,0,0,0,0,0,0
2516,270,0,1,0,0.027000001,0.035999998,1,0,0,1,0,0
2517,270,0,1,0,0.041000001,0.035,0,0,0,1,0,0
2518,270,0,1,0,0.027000001,0.035,0,0,0,0,0,0
2519,270,0,1,0,0.041999999,0.035,0,0,1,0,0,0
2520,270,0,1,0,0.041999999,0.035999998,0,0,1,0,0,0
2521,270,0,1,0,0.041999999,0.035,0,0,0,0,0,0
2522,270,0,1,0,0.041999999,0.035,0,0,0,0,1,0
2523,270,0,1,0,0.041999999,0.035,0,0,1,0,0,0
2524,270,0,1,0,0.046999998,0.035,0,0,0,0,0,0
2525,270,1,1,0,0.039000001,0.035,0,0,1,0,0,0
2526,271,0,1,0,0.030999999,0.037999999,0,0,0,0,0,0
2527,271,0,1,0,0.017000001,0.035999998,0,0,0,1,0,0
2528,271,0,1,0,0.015,0.035,0,0,1,0,0,0
2529,271,0,1,0,0.021,0.034000002,0,0,0,0,0,0
2530,271,1,1,0,0.037,0.034000002,0,0,0,0,0,0
2531,272,0,1,0,0.017999999,0.034000002,1,0,0,0,0,0
2532,272,0,1,0,0.028000001,0.030999999,1,0,0,0,0,0
2533,272,0,1,0,0.041999999,0.030999999,0,0,0,0,0,0
2534,272,0,1,0,0.028000001,0.030999999,0,0,0,0,0,0
2535,272,0,1,0,0.035,0.030999999,1,0,0,0,0,0
2536,272,0,1,0,0.035,0.028000001,0,1,0,0,0,0
2537,272,0,1,0,0.041999999,0.028000001,0,0,0,0,0,0
2538,272,0,1,0,0.021,0.034000002,0,0,1,0,0,0
2539,272,1,1,0,0.039000001,0.037,0,0,0,0,0,0
2540,273,0,1,0,0.030999999,0.037,0,0,0,0,0,0
2541,273,0,1,0,0.029999999,0.029999999,0,0,0,0,0,0
2542,273,0,1,0,0.034000002,0.030999999,1,0,0,0,0,0
2543,273,0,1,0,0.030999999,0.030999999,1,0,0,0,0,0
2544,273,0,1,0,0.034000002,0.034000002,0,0,0,0,0,0
2545,273,1,1,0,0.039000001,0.037,0,0,0,0,0,0
2546,274,0,1,0,0.034000002,0.030999999,0,0,0,0,0,0
2547,274,0,0,1,0.032333334,0.028000001,0,0,0,0,0,0
2548,274,0,1,0,0.037,0.030999999,0,0,1,0,0,0
2549,274,0,0,1,0.039666667,0.030999999,0,0,0,0,0,0
2550,274,0,1,0,0.043000001,0.034000002,0,0,0,0,0,0
2551,274,0,0,1,0.037,0.034000002,1,0,0,0,0,0
2552,274,0,0,1,0.039333333,0.028000001,0,1,0,0,0,0
2553,274,0,0,1,0.042333333,0.022,0,0,0,0,0,0
2554,274,1,0,1,0.041333334,0.028000001,0,0,0,0,0,0
2555,275,0,0,1,0.044333334,0.017999999,0,0,0,0,0,0
2556,275,0,1,0,0.035,0.030999999,0,0,0,0,0,0
2557,275,0,1,0,0.021,0.028000001,0,0,0,0,0,0
2558,275,0,1,0,0.021,0.028000001,0,0,0,0,0,0
2559,275,0,0,1,0.041666666,0.034000002,0,0,0,0,0,0
2560,275,0,1,0,0.041999999,0.035,0,0,0,0,1,0
2561,275,1,1,0,0.021,0.034000002,0,0,0,0,0,0
2562,276,0,0,1,0.039333335,0.030999999,0,0,0,0,0,0
2563,276,0,1,0,0.030999999,0.030999999,1,0,0,0,0,0
2564,276,0,1,0,0.034000002,0.030999999,0,0,0,0,0,0
2565,276,0,0,1,0.037666667,0.030999999,0,0,0,0,0,0
2566,276,1,0,1,0.037666667,0.034000002,0,0,0,0,0,0
2567,277,0,1,0,0.028000001,0.035999998,0,0,0,0,0,0
2568,277,0,1,0,0.034000002,0.041000001,0,0,0,0,0,0
2569,277,0,1,0,0.025,0.045000002,0,0,0,0,0,0
2570,277,0,1,0,0.034000002,0.039999999,0,0,0,0,0,0
2571,277,0,1,0,0.025,0.037,0,0,0,0,0,0
2572,277,0,1,0,0.030999999,0.044,0,0,0,0,0,0
2573,277,0,1,0,0.030999999,0.044,0,0,0,0,0,0
2574,277,0,1,0,0.028000001,0.037,0,0,0,0,0,0
2575,277,0,1,0,0.030999999,0.035999998,0,0,0,0,0,0
2576,277,0,1,0,0.030999999,0.035999998,0,0,0,0,0,0
2577,277,0,1,0,0.017000001,0.035999998,0,0,0,1,0,0
2578,277,0,1,0,0.017000001,0.035999998,0,0,0,1,0,0
2579,277,0,1,0,0.027000001,0.035999998,0,0,0,1,0,0
2580,277,0,1,0,0.027000001,0.035999998,0,0,0,0,0,0
2581,277,0,1,0,0.027000001,0.035,0,0,0,1,0,0
2582,277,0,1,0,0.027000001,0.035,0,0,1,0,0,0
2583,277,0,1,0,0.027000001,0.035,0,0,0,0,0,0
2584,277,0,1,0,0.027000001,0.035,0,0,1,0,0,0
2585,277,0,1,0,0.027000001,0.035,0,0,0,0,0,0
2586,277,0,1,0,0.027000001,0.035,0,0,1,0,0,0
2587,277,0,1,0,0.030999999,0.035,0,0,1,0,0,0
2588,277,0,1,0,0.030999999,0.035,0,0,1,0,0,0
2589,277,0,1,0,0.030999999,0.035,0,0,1,0,0,0
2590,277,0,1,0,0.030999999,0.035999998,0,0,1,0,0,0
2591,277,0,1,0,0.030999999,0.035,0,0,0,0,0,0
2592,277,0,1,0,0.030999999,0.035,0,0,1,0,0,0
2593,277,0,1,0,0.030999999,0.035,0,0,1,0,0,0
2594,277,0,1,0,0.024,0.035,0,0,1,0,0,0
2595,277,0,1,0,0.037,0.035,0,0,0,0,0,0
2596,277,0,1,0,0.037,0.035,0,0,0,0,0,0
2597,277,0,1,0,0.015,0.035,0,0,1,0,0,0
2598,277,0,1,0,0.030999999,0.034000002,1,0,0,0,0,0
2599,277,0,1,0,0.037,0.035,0,0,0,0,0,0
2600,277,0,1,0,0.039000001,0.028000001,0,0,0,0,1,0
2601,277,0,1,0,0.037,0.035,0,0,0,0,1,0
2602,277,0,1,0,0.037,0.037999999,0,0,1,0,0,0
2603,277,0,1,0,0.030999999,0.037,1,0,0,0,0,0
2604,277,0,1,0,0.037,0.041999999,0,0,0,0,0,0
2605,277,0,1,0,0.037,0.041999999,0,0,0,0,0,0
2606,277,1,1,0,0.037,0.035999998,0,0,0,0,0,0
2607,278,0,1,0,0.050000001,0.028000001,0,0,0,0,0,1
2608,278,0,1,0,0.046999998,0.029999999,1,0,0,0,0,0
2609,278,0,1,0,0.043000001,0.030999999,0,0,0,0,0,0
2610,278,0,1,0,0.041999999,0.030999999,1,0,0,0,0,0
2611,278,1,1,0,0.037,0.033,0,0,0,0,0,0
2612,279,0,1,0,0.034000002,0.035,0,0,1,0,0,0
2613,279,0,1,0,0.045000002,0.035,0,0,1,0,0,0
2614,279,0,1,0,0.034000002,0.028000001,0,0,0,0,0,0
2615,279,0,1,0,0.034000002,0.028000001,0,0,0,0,0,0
2616,279,0,0,1,0.042000001,0.028000001,0,0,0,0,0,1
2617,279,0,1,0,0.045000002,0.028000001,0,1,0,0,0,0
2618,279,0,1,0,0.034000002,0.030999999,0,0,0,0,0,0
2619,279,0,1,0,0.050000001,0.030999999,1,0,0,0,0,0
2620,279,0,1,0,0.034000002,0.034000002,0,0,0,0,0,0
2621,279,1,1,0,0.044,0.034000002,0,0,0,0,0,0
2622,280,0,1,0,0.029999999,0.030999999,0,0,0,0,0,0
2623,280,0,1,0,0.017000001,0.033,0,0,0,0,0,0
2624,280,0,1,0,0.030999999,0.034000002,1,0,0,0,0,0
2625,280,0,1,0,0.035999998,0.037,0,0,1,0,0,0
2626,280,1,1,0,0.052999999,0.037,0,0,0,0,0,0
2627,281,0,1,0,0.030999999,0.044,0,0,0,0,0,0
2628,281,0,1,0,0.030999999,0.035999998,0,0,0,0,0,0
2629,281,0,1,0,0.027000001,0.033,0,0,0,0,0,0
2630,281,0,1,0,0.027000001,0.035,0,0,0,0,0,0
2631,281,1,1,0,0.030999999,0.035,0,0,0,0,0,0
2632,282,0,0,1,0.045,0.028000001,0,0,0,0,0,0
2633,282,0,0,1,0.045,0.037,0,0,0,0,0,0
2634,282,0,1,0,0.015,0.028000001,0,0,0,0,0,0
2635,282,0,1,0,0.039000001,0.029999999,0,0,0,0,0,0
2636,282,0,1,0,0.046999998,0.030999999,0,0,0,0,0,0
2637,282,0,1,0,0.050000001,0.030999999,0,0,0,0,0,0
2638,282,1,0,1,0.045333333,0.028000001,0,0,0,0,0,0
2639,283,0,1,0,0.039000001,0.028000001,0,1,0,0,0,0
2640,283,0,1,0,0.028000001,0.030999999,0,0,0,0,0,0
2641,283,0,0,1,0.041333334,0.034000002,0,0,0,0,0,0
2642,283,0,1,0,0.035,0.028000001,0,0,0,1,0,0
2643,283,1,1,0,0.039000001,0.037,1,0,0,0,0,0
2644,284,0,1,0,0.034000002,0.028000001,0,0,0,0,0,0
2645,284,0,0,1,0.039666667,0.028000001,0,1,0,0,0,0
2646,284,0,1,0,0.021,0.034000002,0,0,0,0,0,0
2647,284,0,0,1,0.041666668,0.022,0,0,0,0,0,0
2648,284,1,0,1,0.041666668,0.028000001,0,0,0,0,0,0
2649,285,0,0,1,0.044999999,0.030999999,0,0,0,0,0,0
2650,285,0,1,0,0.050000001,0.039000001,0,0,0,0,0,0
2651,285,0,1,0,0.046999998,0.029999999,0,0,0,0,0,0
2652,285,0,0,1,0.041333334,0.017999999,1,0,0,0,0,0
2653,285,1,1,0,0.035,0.028000001,0,0,0,1,0,0
2654,286,0,1,0,0.029999999,0.028000001,0,0,1,0,0,0
2655,286,0,0,1,0.033,0.035,0,0,0,1,0,0
2656,286,0,1,0,0.037,0.034000002,0,0,0,0,0,0
2657,286,0,1,0,0.050000001,0.035,0,0,1,0,0,0
2658,286,1,1,0,0.044,0.034000002,0,0,0,0,0,0
2659,287,0,1,0,0.041000001,0.048,0,0,1,0,0,0
2660,287,0,1,0,0.046,0.048,0,0,1,0,0,0
2661,287,0,1,0,0.041999999,0.041000001,0,0,0,0,0,0
2662,287,0,0,1,0.042666667,0.028000001,0,0,0,1,0,0
2663,287,0,0,1,0.040666666,0.041000001,0,0,0,0,0,0
2664,287,0,1,0,0.044,0.041000001,0,0,1,0,0,0
2665,287,1,1,0,0.044,0.041000001,0,0,1,0,0,0
2666,288,0,1,0,0.030999999,0.044,0,0,0,0,0,0
2667,288,0,1,0,0.035,0.028000001,0,0,0,0,0,0
2668,288,0,1,0,0.034000002,0.030999999,0,0,0,0,0,0
2669,288,0,0,1,0.035666666,0.041000001,0,0,1,0,0,0
2670,288,0,1,0,0.030999999,0.030999999,1,0,0,0,0,0
2671,288,0,1,0,0.050000001,0.034000002,0,0,0,0,0,0
2672,288,1,1,0,0.030999999,0.037,0,0,0,0,0,0
2673,289,0,1,0,0.028000001,0.039999999,0,0,0,0,0,0
2674,289,0,1,0,0.048999999,0.037999999,0,0,0,0,0,0
2675,289,0,1,0,0.035,0.030999999,1,0,0,0,0,0
2676,289,0,1,0,0.050000001,0.035999998,0,0,0,0,0,0
2677,289,1,1,0,0.035,0.028000001,0,0,0,0,0,0
2678,290,0,1,0,0.022,0.034000002,0,0,0,0,0,0
2679,290,0,1,0,0.045000002,0.034000002,0,0,1,0,0,0
2680,290,0,1,0,0.050000001,0.028000001,0,0,1,0,0,0
2681,290,0,1,0,0.034000002,0.030999999,0,0,0,0,0,0
2682,290,0,1,0,0.034000002,0.030999999,0,0,1,0,0,0
2683,290,0,1,0,0.041999999,0.034000002,1,0,0,0,0,0
2684,290,1,1,0,0.032000002,0.037,1,0,0,0,0,0
2685,291,0,1,0,0.030999999,0.037,1,0,0,0,0,0
2686,291,0,1,0,0.030999999,0.030999999,1,0,0,0,0,0
2687,291,0,1,0,0.030999999,0.037,0,0,0,0,0,0
2688,291,0,1,0,0.030999999,0.035,0,0,1,0,0,0
2689,291,0,1,0,0.030999999,0.030999999,1,0,0,0,0,0
2690,291,0,0,1,0.045666667,0.021,0,0,0,0,0,0
2691,291,1,1,0,0.022,0.034000002,0,0,0,0,0,0
2692,292,0,1,0,0.037,0.034000002,0,0,0,0,0,0
2693,292,0,1,0,0.028999999,0.046999998,1,0,0,0,0,0
2694,292,0,1,0,0.030999999,0.034000002,1,0,0,0,0,0
2695,292,0,1,0,0.043000001,0.030999999,0,0,0,0,0,0
2696,292,0,1,0,0.034000002,0.030999999,0,0,0,0,0,0
2697,292,0,1,0,0.028000001,0.030999999,0,0,0,0,0,0
2698,292,0,1,0,0.035,0.030999999,0,0,1,0,0,0
2699,292,0,1,0,0.034000002,0.030999999,1,0,0,0,0,0
2700,292,0,1,0,0.039000001,0.030999999,1,0,0,0,0,0
2701,292,0,1,0,0.034000002,0.028999999,0,0,0,0,0,0
2702,292,0,1,0,0.030999999,0.035,0,0,0,0,0,0
2703,292,0,1,0,0.034000002,0.030999999,0,0,0,0,0,0
2704,292,0,1,0,0.021,0.034000002,0,0,0,0,0,0
2705,292,0,1,0,0.037,0.037999999,0,0,1,0,0,0
2706,292,1,1,0,0.037,0.037,1,0,0,0,0,0
2707,293,0,1,0,0.034000002,0.030999999,0,0,0,0,0,0
2708,293,0,1,0,0.034000002,0.030999999,1,0,0,0,0,0
2709,293,0,1,0,0.037,0.028000001,0,0,0,0,0,0
2710,293,0,1,0,0.029999999,0.028999999,0,0,0,0,0,0
2711,293,0,1,0,0.034000002,0.030999999,0,0,0,0,0,0
2712,293,0,1,0,0.030999999,0.030999999,1,0,0,0,0,0
2713,293,0,1,0,0.043000001,0.034000002,0,0,0,0,0,0
2714,293,0,1,0,0.035,0.034000002,1,0,0,0,0,0
2715,293,0,1,0,0.035,0.034000002,0,0,0,0,0,0
2716,293,1,1,0,0.021,0.034000002,0,0,0,0,0,0
2717,294,0,1,0,0.037,0.039000001,0,0,0,0,0,0
2718,294,0,1,0,0.030999999,0.037,0,0,0,0,1,0
2719,294,0,1,0,0.034000002,0.030999999,0,0,0,0,0,0
2720,294,0,1,0,0.034000002,0.030999999,0,0,0,0,0,0
2721,294,0,1,0,0.030999999,0.035,0,0,0,0,0,0
2722,294,0,1,0,0.030999999,0.032000002,0,0,0,0,0,0
2723,294,0,1,0,0.029999999,0.030999999,0,0,0,0,0,0
2724,294,0,1,0,0.030999999,0.030999999,0,0,0,0,1,0
2725,294,0,1,0,0.034000002,0.030999999,1,0,0,0,0,0
2726,294,0,1,0,0.030999999,0.032000002,1,0,0,0,0,0
2727,294,0,1,0,0.030999999,0.030999999,1,0,0,0,0,0
2728,294,0,1,0,0.034000002,0.030999999,0,0,0,0,0,0
2729,294,0,1,0,0.034000002,0.034000002,0,0,0,0,0,0
2730,294,0,1,0,0.030999999,0.034000002,1,0,0,0,0,0
2731,294,0,1,0,0.030999999,0.034000002,1,0,0,0,0,0
2732,294,0,1,0,0.041999999,0.030999999,1,0,0,0,0,0
2733,294,0,1,0,0.021,0.034000002,0,0,0,0,0,0
2734,294,0,1,0,0.035,0.028999999,0,0,0,0,0,0
2735,294,0,1,0,0.035999998,0.037,0,0,1,0,0,0
2736,294,0,1,0,0.039000001,0.028000001,0,0,0,0,1,0
2737,294,0,1,0,0.037,0.034000002,0,0,0,0,0,0
2738,294,0,1,0,0.044,0.034000002,0,0,0,0,0,0
2739,294,0,1,0,0.022,0.033,0,0,0,0,0,0
2740,294,1,1,0,0.037,0.034000002,0,0,0,0,0,0
2741,295,0,0,1,0.045,0.028000001,0,0,0,0,0,0
2742,295,0,1,0,0.037,0.037,0,0,0,0,0,0
2743,295,0,1,0,0.046,0.034000002,0,0,0,0,0,0
2744,295,0,1,0,0.039000001,0.029999999,1,0,0,0,0,0
2745,295,0,1,0,0.043000001,0.030999999,0,0,0,0,0,0
2746,295,0,1,0,0.034000002,0.030999999,0,0,0,0,0,0
2747,295,0,0,1,0.039666666,0.030999999,1,0,0,0,0,0
2748,295,0,1,0,0.045000002,0.028000001,0,0,0,0,0,0
2749,295,0,0,1,0.041333334,0.017999999,1,0,0,0,0,0
2750,295,0,0,1,0.044666668,0.034000002,0,0,0,0,0,0
2751,295,0,0,1,0.042000001,0.029999999,0,0,0,0,1,0
2752,295,1,1,0,0.023,0.037,1,0,0,0,0,0
2753,296,0,1,0,0.037999999,0.029999999,0,0,0,0,0,0
2754,296,0,1,0,0.039000001,0.030999999,1,0,0,0,0,0
2755,296,0,1,0,0.039999999,0.039999999,0,0,0,0,0,0
2756,296,0,1,0,0.032000002,0.037,1,0,0,0,0,0
2757,296,0,1,0,0.043000001,0.037,0,0,0,0,1,0
2758,296,1,1,0,0.035,0.037,0,0,0,0,1,0
2759,297,0,1,0,0.032000002,0.034000002,0,0,0,0,0,0
2760,297,0,1,0,0.037,0.039000001,0,0,0,0,0,0
2761,297,0,1,0,0.022,0.034000002,1,0,0,0,0,0
2762,297,0,1,0,0.033,0.030999999,1,0,0,0,0,0
2763,297,0,1,0,0.027000001,0.030999999,1,0,0,0,0,0
2764,297,0,1,0,0.037,0.034000002,0,0,0,0,0,0
2765,297,0,1,0,0.021,0.034000002,0,0,0,0,0,0
2766,297,1,1,0,0.039000001,0.037,0,0,0,0,0,0
2767,298,0,1,0,0.039000001,0.028000001,0,1,0,0,0,0
2768,298,0,1,0,0.035,0.029999999,0,0,0,0,0,0
2769,298,0,1,0,0.021,0.030999999,0,0,0,0,0,0
2770,298,0,1,0,0.021,0.035,0,0,1,0,0,0
2771,298,0,1,0,0.012,0.035,0,0,1,0,0,0
2772,298,0,1,0,0.035,0.034000002,0,0,0,0,0,0
2773,298,0,1,0,0.021,0.034000002,0,0,0,0,0,0
2774,298,0,1,0,0.021,0.034000002,0,0,0,0,0,0
2775,298,0,1,0,0.035999998,0.037,0,0,1,0,0,0
2776,298,0,1,0,0.021,0.034000002,0,0,0,0,0,0
2777,298,0,1,0,0.039000001,0.037,0,0,0,0,0,0
2778,298,0,1,0,0.025,0.037,0,0,0,0,0,0
2779,298,0,1,0,0.032000002,0.037,0,0,1,0,0,0
2780,298,0,0,1,0.041,0.028000001,0,0,0,0,0,0
2781,298,1,1,0,0.022,0.033,0,0,0,0,0,0
2782,299,0,1,0,0.037,0.034000002,0,0,0,0,0,0
2783,299,0,1,0,0.037,0.037,0,0,0,0,0,0
2784,299,0,1,0,0.027000001,0.029999999,0,0,0,0,0,0
2785,299,0,1,0,0.034000002,0.030999999,0,0,0,0,0,0
2786,299,0,1,0,0.035,0.029999999,1,0,0,0,0,0
2787,299,0,1,0,0.030999999,0.032000002,1,0,0,0,0,0
2788,299,0,1,0,0.043000001,0.034000002,1,0,0,0,0,0
2789,299,0,1,0,0.037,0.025,0,0,0,0,0,0
2790,299,0,1,0,0.037,0.028000001,0,0,0,0,0,0
2791,299,1,1,0,0.043000001,0.034000002,0,0,0,0,0,0
2792,300,0,0,1,0.044333334,0.039999999,0,0,0,0,0,0
2793,300,0,0,1,0.041666668,0.033,1,0,0,1,0,0
2794,300,0,1,0,0.035,0.029999999,0,0,0,0,0,0
2795,300,0,1,0,0.050999999,0.037,0,0,0,0,0,0
2796,300,0,0,1,0.045333333,0.025,0,1,0,0,0,0
2797,300,0,1,0,0.050000001,0.028000001,0,0,0,0,0,0
2798,300,1,1,0,0.035,0.034000002,0,0,1,0,0,0
